import_id,section,domain,skill,group,source_question_pdf,question_number,question_id,Question,A,B,C,D,Answer
ocr-00114,Math,Advanced Math,Equivalent Expressions,Advanced Math — Equivalent Expressions,Equivalent Expressions 1.pdf,1.1,e312081b,Equivalent Expressions 1 1 esos (+8) +(2x-3) Which ofthe folowing is equivalent to,Aox-2 83x42 ©.3x-8 2.348,,,,B
ocr-00123,Math,Advanced Math,Equivalent Expressions,Advanced Math — Equivalent Expressions,Equivalent Expressions 1.pdf,1.1,fb96a5b3,Mo fescases \Wihich ofthe following expressions is ‘equivalent to 2(ab 3) +22,A. 2ab—1 8.2ab-4 ©.2ab-5 2.2ab-8 in esa7oso a,,,,B
ocr-00124,Math,Advanced Math,Equivalent Expressions,Advanced Math — Equivalent Expressions,Equivalent Expressions 1.pdf,1.11,e597050f,un ess7sof rs Which expression is equivalent to 92 + 62+ 2y-+ 3y?,ASe45y 8.65 + 8y ote + 8y,bbe + 5y wa esenes Which expression is equivalent to 256u* — 6767 A. (16w ~ 26)(16w ~ 26) 8. (8w—13)(8w +13),,,D
ocr-00125,Math,Advanced Math,Equivalent Expressions,Advanced Math — Equivalent Expressions,Equivalent Expressions 1.pdf,1.12,1e8d7183,©. (8w —13)(8w 13) 0. (16. — 26)(16w + 26),,,,,D
ocr-00126,Math,Advanced Math,Equivalent Expressions,Advanced Math — Equivalent Expressions,Equivalent Expressions 1.pdf,1.13,0354c7de,Equivalent Expressions 1 M3 assicrde Bet 15 Which ofthe folowing is equivalent to,"A.5lx+3) 8, 5x+10) ©.5(x +15) 0.5(x +20)",,,,A
ocr-00127,Math,Advanced Math,Equivalent Expressions,Advanced Math — Equivalent Expressions,Equivalent Expressions 1.pdf,1.14,974d33dc,wg sade ‘hich of the following expressions is equivalent tothe sum of (+5747) an P +8r+12)2,A PHI3P +19 3.274137 +19 Pts eTre12,,,DP +6 +8r+19,D
ocr-00128,Math,Advanced Math,Equivalent Expressions,Advanced Math — Equivalent Expressions,Equivalent Expressions 1.pdf,1.15,d4d513ff,was deasistt ‘Which expression is equivalent to 122+ 27?,A.12(92 +1) 2.27(122 +1) ©.8(42 +9) 0. 8(92 +24) was sasseer3_—_ Which expression is equivalent to 34 + 34y?,,,,C
ocr-00129,Math,Advanced Math,Equivalent Expressions,Advanced Math — Equivalent Expressions,Equivalent Expressions 1.pdf,1.16,5dd53f73,‘Which expression is equivalent to 34x + 34y/?,ASMey,B.SM(0+y) ©.68y 2.682,,,B
ocr-00130,Math,Advanced Math,Equivalent Expressions,Advanced Math — Equivalent Expressions,Equivalent Expressions 1.pdf,1.17,4ac59df6,Equivalent Expressions 1 ee Which expression is equivalent to (8y2)(y)(72)?,A 5Oy2? 8.56 yz ©. 56yz,,,D.16yz,A
ocr-00131,Math,Advanced Math,Equivalent Expressions,Advanced Math — Equivalent Expressions,Equivalent Expressions 1.pdf,1.18,5d93c782,waa sasserex hich expression is equivalent to 2? + 32 — 407,A.(e-A)(e +10) 8. (2—5)(2+8) ©.(2—8)(2 +5),b.(2—10)(2 +4) waa osseaaat ‘Which expression is equivalent to 20w ~ (dt + 3u)?,,,B
ocr-00132,Math,Advanced Math,Equivalent Expressions,Advanced Math — Equivalent Expressions,Equivalent Expressions 1.pdf,1.19,0536ad4f,SS EE es a ee,A. low 8.1aw,"btw 120 sTeascos ae ‘Which expression is equivalent to 92? + 72? + 927 A634 + 02 8.927 + 162 ©. 25a""",cw,,B
ocr-00115,Math,Advanced Math,Equivalent Expressions,Advanced Math — Equivalent Expressions,Equivalent Expressions 1.pdf,1.2,1d3fee25,12 steers Which of the following is ‘equivalent to3¢+5)-6 2,A3x-3 83-1,,C349 2150-6,,C
ocr-00133,Math,Advanced Math,Equivalent Expressions,Advanced Math — Equivalent Expressions,Equivalent Expressions 1.pdf,1.2,67e866b5,"2.162"" + 02",,,,,D
ocr-00134,Math,Advanced Math,Equivalent Expressions,Advanced Math — Equivalent Expressions,Equivalent Expressions 1.pdf,1.21,70482e20,Equivalent Expressions 1 Question 10 tar 70402220 Which expression is equivalent to 12* — 52°,"A162! 2.62""",,c.624 0.1624,,B
ocr-00135,Math,Advanced Math,Equivalent Expressions,Advanced Math — Equivalent Expressions,Equivalent Expressions 1.pdf,1.22,50338a48,122 sosssoaa Which expression is equivalent to 15u* + 8u?,"A w(I5w +8) 8. 8u(L5w +1) ©. 15w9(8w +1) 0.23(u + w) 123 ze0cacze . Which expressions equivalent to (2), where 2 > 0?",,,,A
ocr-00136,Math,Advanced Math,Equivalent Expressions,Advanced Math — Equivalent Expressions,Equivalent Expressions 1.pdf,1.23,290cdc2c,,Aq? aye,,C14-e o vx ie terseo ‘Which expression is equivalent to 132? — 727 A912? 8.62”,,B
ocr-00137,Math,Advanced Math,Equivalent Expressions,Advanced Math — Equivalent Expressions,Equivalent Expressions 1.pdf,1.24,18c7c3e0,Lashenalll 202? 0.402?,,,,,B
ocr-00138,Math,Advanced Math,Equivalent Expressions,Advanced Math — Equivalent Expressions,Equivalent Expressions 1.pdf,1.25,8f82ad81,Equivalent Expressions 1 Question 10 15 eee nich expressions equate: to (2? +6)?,Ade? +24,"B42"" +10 ode? +6",,dz? —2,A
ocr-00116,Math,Advanced Math,Equivalent Expressions,Advanced Math — Equivalent Expressions,Equivalent Expressions 1.pdf,1.3,60fdb4d4,ta okbags | ea) 3x2 424-7)2,A 5x?- 2x43,B.5x242x-3,cK? = 2x11,Dax? +2x=11,A
ocr-00117,Math,Advanced Math,Equivalent Expressions,Advanced Math — Equivalent Expressions,Equivalent Expressions 1.pdf,1.4,49efde89,"14 sede OO ‘The expression 22+ ax is equivalent to X2X+7) for some ‘constant a, What I the value of a?",A2 83 4 a7,,,,D
ocr-00118,Math,Advanced Math,Equivalent Expressions,Advanced Math — Equivalent Expressions,Equivalent Expressions 1.pdf,1.5,9ed9f54d,Equivalent Expressions 1 Question# 1 15 sesso — hich of the follwing is equvelent 2a 2) + eH) 2,A 512-5 8. 5x2 +5x,,csr os,,A
ocr-00119,Math,Advanced Math,Equivalent Expressions,Advanced Math — Equivalent Expressions,Equivalent Expressions 1.pdf,1.6,294db8ec,16 zeetece | ‘Which of he fallowing is,,,ccuivalent to 212-447 4.402 +4) 8.40242) 0.2044) p.2h2+2),,D
ocr-00120,Math,Advanced Math,Equivalent Expressions,Advanced Math — Equivalent Expressions,Equivalent Expressions 1.pdf,1.7,6e06a0a7,17 eosaoay ‘Wien ofthe ftowing expressions is,"AS 2.808 0.2043 0.20°+6? se cpmtoee, pay ey",,ceauivalet to 20°(a+3) 2,,D
ocr-00121,Math,Advanced Math,Equivalent Expressions,Advanced Math — Equivalent Expressions,Equivalent Expressions 1.pdf,1.8,df0ef054,1B atoetoss +308 = 2 hich of the following is equivalent to the expression above?,AO+5x Peraned 6.298462 0.3 —x4 6x2,,,,C
ocr-00122,Math,Advanced Math,Equivalent Expressions,Advanced Math — Equivalent Expressions,Equivalent Expressions 1.pdf,1.9,127b2759,Equivalent Expressions 1 Question 10 19 rere Which expression is equivalent to 8 + d? + 32,Ad +04 ade,,cas og,,B
ocr-00813,Math,Advanced Math,Equivalent Expressions,Advanced Math — Equivalent Expressions,Equivalent Expressions 2.pdf,2.1,dd4ab4c4,Equivalent Expressions 2 21 dasebice 402-+200b +256? Which of the following is a factor of the polynomial above?,Aatb 8.2a+5b ©.4a+5b 2.404256,,,,B
ocr-00822,Math,Advanced Math,Equivalent Expressions,Advanced Math — Equivalent Expressions,Equivalent Expressions 2.pdf,2.1,463eec13,"Equivalent Expressions 2 Question# 1 210 soseeas —_— 11 0, nti ofthe folowing expressions is eee equvatentto x? 2",a. Bx2yt 8dr,,carte oars,,D
ocr-00823,Math,Advanced Math,Equivalent Expressions,Advanced Math — Equivalent Expressions,Equivalent Expressions 2.pdf,2.11,a1bf1c4e,2n albfiese +64 Whi ofthe fatowing is equvaint the expression above?,Alt af +8,Biixt at <5,Cx 3 +5,D.ie- 3 8,B
ocr-00824,Math,Advanced Math,Equivalent Expressions,Advanced Math — Equivalent Expressions,Equivalent Expressions 2.pdf,2.12,f237ccfc,2m reete oO ‘The sum of =2424+31 and 3X2+7—8 can be writen in the form,"a2 +bx-+6, where a,b and care constants. Whats the value of atbte? 2m awiew2 (be Geb 2 INI""?",,,,32
ocr-00825,Math,Advanced Math,Equivalent Expressions,Advanced Math — Equivalent Expressions,Equivalent Expressions 2.pdf,2.13,a391ed22,"“The expression above is equivalent to @X?+ Dx +0, where a b and ¢ ‘are constants, What is the value of b?",,,,,2.5
ocr-00826,Math,Advanced Math,Equivalent Expressions,Advanced Math — Equivalent Expressions,Equivalent Expressions 2.pdf,2.14,c3a72da5,"Equivalent Expressions 2 2% csaraues Which ofthe following is equivalent to the sum of 34212 ana Ax +722 tex"" 2.78 40x® oat 1h? p.tet4ax°",,,,,D
ocr-00827,Math,Advanced Math,Equivalent Expressions,Advanced Math — Equivalent Expressions,Equivalent Expressions 2.pdf,2.15,16de54c7,"235 Teoesse7 2vt45e-12 Ifthe given expression is rewritten in the form (2x-3NX+K), where k isa constant, what isthe value of k? 216 dors7a06 ee \Wihich expression represents the product of (2ty!'2) and (22! + y*2-)?",Ar-Pel 4 lle?,,,,4
ocr-00828,Math,Advanced Math,Equivalent Expressions,Advanced Math — Equivalent Expressions,Equivalent Expressions 2.pdf,2.16,d9137a84,,"atap? at-p"" c.1-p®",Bt pate?,Coa tye yet,"Die tyalt ya tyle? zaysccnea ""wien of the following is equivalent to (i-pXt+p+p2+p?+p!+p>+p8)2",D
ocr-00829,Math,Advanced Math,Equivalent Expressions,Advanced Math — Equivalent Expressions,Equivalent Expressions 2.pdf,2.17,3e9cc0c2,,,,c.1-p o.t-p>,,B
ocr-00830,Math,Advanced Math,Equivalent Expressions,Advanced Math — Equivalent Expressions,Equivalent Expressions 2.pdf,2.18,7348f046,Equivalent Expressions 2 21s 7348F046 (x43)-&-7) Which of the fotowingis equivalent to,Axed 83x—4,,cx410 0.22421,,C
ocr-00831,Math,Advanced Math,Equivalent Expressions,Advanced Math — Equivalent Expressions,Equivalent Expressions 2.pdf,2.19,b47419f4,2 beers 1e43)-(21-8) (fx+3)-(4.-9 ‘hich of the folowing i ecuivalent to the expression above? :,actess 1 pobes ted qodttders so,,,,A
ocr-00814,Math,Advanced Math,Equivalent Expressions,Advanced Math — Equivalent Expressions,Equivalent Expressions 2.pdf,2.2,b8caaf84,"22 bocaatoe —— p= 3x44 and v=x+5, hich of he following is ‘equivalent te py—2p-+v?",ABH,"Bat ac+17 6,32 +19x+20 0.312 +26x+33",,,B
ocr-00832,Math,Advanced Math,Equivalent Expressions,Advanced Math — Equivalent Expressions,Equivalent Expressions 2.pdf,2.2,8838a672,open gents 220 easoaor2 WEB FD= GFR) Which ofthe follwing expressions is equivalent,A 10x? 3x2 4x43 3-20-7243 6. -2x9 3x2 +43 1p. 10x?-7x2—=x 43,,,,B
ocr-00833,Math,Advanced Math,Equivalent Expressions,Advanced Math — Equivalent Expressions,Equivalent Expressions 2.pdf,2.21,0b3d25c5,Equivalent Expressions 2,ar opserses —— Which of the folowing is equivalent to VP +8416 where x> 07 a ea® ae +4)? x44) a (+4)? ©.,,,,D
ocr-00834,Math,Advanced Math,Equivalent Expressions,Advanced Math — Equivalent Expressions,Equivalent Expressions 2.pdf,2.22,c602140f,222 ccomuot G—11yk2x—3y)~12y(-24-43y) hich ofthe following is equivalent to the expression above?,Ax aay 2 2x2 —xy—3/? 0.224 2axy +36y? 2x? —49xy +69y?,,,,B
ocr-00835,Math,Advanced Math,Equivalent Expressions,Advanced Math — Equivalent Expressions,Equivalent Expressions 2.pdf,2.23,3206b905,"_— 223 s206to08,_ Which ofthe fllowing expressions ls equivalent to 82"" — 82"" + 882?","A.a(Ta! — 72"" + 872) 8. 2(8"""" — 8"" +88) 6.822"" — 29 +112)","b.82(2"" — a +11)",,,D
ocr-00836,Math,Advanced Math,Equivalent Expressions,Advanced Math — Equivalent Expressions,Equivalent Expressions 2.pdf,2.24,26eb61c1,226 2sebs1a ‘Wich expression is equivalent to Ga8y? + 122%y??,"A. Ony?(22°) 8.62%y""(24) ©.Bxty*(a! +2) 0.62%y*(2! +2)",,,,C
ocr-00837,Math,Advanced Math,Equivalent Expressions,Advanced Math — Equivalent Expressions,Equivalent Expressions 2.pdf,2.25,6d04c89d,"Equivalent Expressions 2 Question 10 225 edouceod 7 . “The expression uy is equivalent to =4r, where bis a constant and z > 0. Whats the value of b?",AT 2.10,,cm 0.252,,A
ocr-00815,Math,Advanced Math,Equivalent Expressions,Advanced Math — Equivalent Expressions,Equivalent Expressions 2.pdf,2.3,ad2ec615,23 adzecas Which ofthe folowing is equivalent tothe expression X62,a OF +1026) 3.02 +2)42—3),,"co, G?+3)02-2) 0.0 +6)422—1)",,B
ocr-00816,Math,Advanced Math,Equivalent Expressions,Advanced Math — Equivalent Expressions,Equivalent Expressions 2.pdf,2.4,42c71eb5,Equivalent Expressions 2 26 creme (2x45 —Gr-2)4260+3) Which of the folowing is equivalent to,A 424210 +33 a. 4x24 21K +29 0424x429 p.4xttx +33,,,,A
ocr-00817,Math,Advanced Math,Equivalent Expressions,Advanced Math — Equivalent Expressions,Equivalent Expressions 2.pdf,2.5,a05bd3a4,25 sosnated ‘Which of the following expressions is,Acorn a0 -VEF c. c+ V5) -V5) 0.4 5%-1),,cquivalet to #252,,C
ocr-00818,Math,Advanced Math,Equivalent Expressions,Advanced Math — Equivalent Expressions,Equivalent Expressions 2.pdf,2.6,cc776a04,26 ccrre06 \Wihich ofthe following is an equivalent form of (1.5x-2.4?-6.2x2-6.4) >,"A -227+16 9.228112 ©. -2.95x?— 7.2 +1216 , ~2.95x?-7.2x +0.64",,,,C
ocr-00819,Math,Advanced Math,Equivalent Expressions,Advanced Math — Equivalent Expressions,Equivalent Expressions 2.pdf,2.7,a520ba07,Equivalent Expressions 2 27 as20b07 ey Which of the folowing expressions is equivalent to the expression above?,ay,Bo? ey ow?,,,B
ocr-00820,Math,Advanced Math,Equivalent Expressions,Advanced Math — Equivalent Expressions,Equivalent Expressions 2.pdf,2.8,5b6af6b1,28 sooafoor ‘Wich expression is equivalent to (d — 6) (8d? — 3)?,"A.8d! — 14d? ~ 34418 8.80 — 17d? +48, ©. 80° — 48¢° — 34+18 0.80 — 51d? +48",,,,C
ocr-00821,Math,Advanced Math,Equivalent Expressions,Advanced Math — Equivalent Expressions,Equivalent Expressions 2.pdf,2.9,a255ae72,"29 osner2 1e2=abb ana y= O46, which ofthe folowing eqalto 67-7)»",a.@—2ac+? 9.0%-2bo+e2,,c.4a?—4abe +02 0.402 —2abo+ b%ce,,B
ocr-00723,Math,Advanced Math,Equivalent Expressions,Advanced Math — Equivalent Expressions,Equivalent Expressions 3.pdf,3.1,371cbf6b,Equivalent Expressions 3,Ame 8.20 cz,Bi -scbteD. (ax +3)(5x? — bx +4) =20x9 -9x?—2x +12.,"constants, Whats the value of ab ?",Dao,C
ocr-00732,Math,Advanced Math,Equivalent Expressions,Advanced Math — Equivalent Expressions,Equivalent Expressions 3.pdf,3.1,22fd3e1f,,AH,,Cole wy 0 YK 310 2tdsert Fld) = -9x Gx) =x2—2x-3 ‘Which of the following expressions is fe) equivalent to GOH) for x33? =,,D
ocr-00733,Math,Advanced Math,Equivalent Expressions,Advanced Math — Equivalent Expressions,Equivalent Expressions 3.pdf,3.11,a0b4103e,x3,,Bot xe-3),"c.xHt x0c+3) ot sm sopase 1 teu Lents ‘The expression 3 2 can be rewritten 3s 3 OW #) where kis a positive constant, What is the valu of 7 rv",,D
ocr-00734,Math,Advanced Math,Equivalent Expressions,Advanced Math — Equivalent Expressions,Equivalent Expressions 3.pdf,3.12,ad038c19,Equivalent Expressions 3 Question# ©,am sdosseg |_| Wier of eating ° xinte*2) 9 2 at atte,,Ciel ott 22,,D
ocr-00735,Math,Advanced Math,Equivalent Expressions,Advanced Math — Equivalent Expressions,Equivalent Expressions 3.pdf,3.13,12e7faf8,ee,are intogers. What isthe value of a+? AW Bat 0,"b. Fab Bis eta : 260-7 ay ‘The equation x47 Is tre forall x # —7, wherea and d",,,C
ocr-00736,Math,Advanced Math,Equivalent Expressions,Advanced Math — Equivalent Expressions,Equivalent Expressions 3.pdf,3.14,89fc23af,o1 3m estezat Which of the following expressions is 2-2-5 equivalentto. x=3. 2 20 x5 -,a x3 10 x-5- 0 8 x3,,,,D
ocr-00737,Math,Advanced Math,Equivalent Expressions,Advanced Math — Equivalent Expressions,Equivalent Expressions 3.pdf,3.15,911c415b,Equivalent Expressions 3,,"BIS Tests (7532+ 100y"") + 10(10y2—110) The expression above can be written in the form ""+B , where a and b ‘are constants. Whatis the value of a+ 7",,,6632
ocr-00738,Math,Advanced Math,Equivalent Expressions,Advanced Math — Equivalent Expressions,Equivalent Expressions 3.pdf,3.16,f89e1d6f,,"a=c+d, which ofthe allowing is equivalent tothe expression X20? -20d—dr aera? 2.k-a)?",Bie eae SL,"c. x +a)x-a) ot ane 317 emo — H¥aand c are positive numbers, which ofthe fllowing is",,C
ocr-00739,Math,Advanced Math,Equivalent Expressions,Advanced Math — Equivalent Expressions,Equivalent Expressions 3.pdf,3.17,e117d3b8,,"a +c? co t200+c2 pac? sie a2toeabe — ‘One of the factors of 2x"" + 422? + 208s 2 +B, where bisa postive constant. Whats the smallest possible value of",,"COGRs Cas ees, See See ee cauivatent to Vato) Jaro, Rate",,C
ocr-00740,Math,Advanced Math,Equivalent Expressions,Advanced Math — Equivalent Expressions,Equivalent Expressions 3.pdf,3.18,42f8e4b4,,,,,,8
ocr-00741,Math,Advanced Math,Equivalent Expressions,Advanced Math — Equivalent Expressions,Equivalent Expressions 3.pdf,3.19,433184f1,Equivalent Expressions 3 Question# 1 3 anain,AT,Baty © emt Oey,,,D
ocr-00724,Math,Advanced Math,Equivalent Expressions,Advanced Math — Equivalent Expressions,Equivalent Expressions 3.pdf,3.2,40c09d66,"32 soconies , VE Le WY” tra poative vate of, wats the value of B? 33 secre 2,3, met 3-2 5 Dae)",,,,,3.3
ocr-00742,Math,Advanced Math,Equivalent Expressions,Advanced Math — Equivalent Expressions,Equivalent Expressions 3.pdf,3.2,c3b116d7,320 conea? Which of the following expressions is(are) a factor of 82? + 200 — 687 Lao Was —7,A.toniy 8.tlonly,,catandi,Di Neither | nor,B
ocr-00725,Math,Advanced Math,Equivalent Expressions,Advanced Math — Equivalent Expressions,Equivalent Expressions 3.pdf,3.3,34847f8a,"— The equation above is true fo all x >2, where rand tare positive ‘constants. Whats the value of rt?",A.-20 15 6.20 2.60 ue) oes ———_,,,,C
ocr-00726,Math,Advanced Math,Equivalent Expressions,Advanced Math — Equivalent Expressions,Equivalent Expressions 3.pdf,3.4,137cc6fd,"Viei( vm) For what value of zis the given expression equivalent to (70m), where n > 1?",,,,,3
ocr-00727,Math,Advanced Math,Equivalent Expressions,Advanced Math — Equivalent Expressions,Equivalent Expressions 3.pdf,3.5,ea6d05bb,"Equivalent Expressions 3 35 cosdosbe “The expression (3e ~ 28)(192 +6) is equivalent tothe expression az? + bx +, where, band care",,,"constants, What isthe value of& 36 dove0a«e ee xb",,-419
ocr-00728,Math,Advanced Math,Equivalent Expressions,Advanced Math — Equivalent Expressions,Equivalent Expressions 3.pdf,3.6,d8789a4c,"Inthe expression above, band care positive integers. the expression is ‘equivalent to x-+b and x +B, which of the folowing could be the value of ¢",Aa 86,,ca,"D.10 37 sssscoet 0.362? + 0.632 + 1.17 The given expression canbe rewritten as a(42? + 7z +13), where isa constant What isthe value of a?",A
ocr-00729,Math,Advanced Math,Equivalent Expressions,Advanced Math — Equivalent Expressions,Equivalent Expressions 3.pdf,3.7,5355c0ef,"3a cones Inthe expression SQx?+ px +8)~16x(P-+4), pis a constant. This expressions equivalent tothe expresion 6x? 155x +24, what isthe value of?",Aas a7,,c13 0.185,,0.09
ocr-00730,Math,Advanced Math,Equivalent Expressions,Advanced Math — Equivalent Expressions,Equivalent Expressions 3.pdf,3.8,c81b6c57,,,,,,B
ocr-00731,Math,Advanced Math,Equivalent Expressions,Advanced Math — Equivalent Expressions,Equivalent Expressions 3.pdf,3.9,2c88af4d,"Equivalent Expressions 3 Question# 1 39 xe2sted . ryt ‘The expression x? y71, where y > 4nd y>4, is",arm wy we Ee,,cuivaent to which of the folowing?,,D
ocr-00197,Math,Advanced Math,Nonlinear Equations and Systems,Advanced Math — Nonlinear Equations and Systems,Nonlinear Equations and Systems 1.pdf,1.1,3c95093c,Nonlinear Equations and Systems 1 MM sesso2se Gx-¥y> 12 Which of the fotowing inequalities is equivalent to the inequality above?,Axnyo2 8.2x-3y>4 ©.3x-2y>4,,,D.3y-2x>2,B
ocr-00206,Math,Advanced Math,Nonlinear Equations and Systems,Advanced Math — Nonlinear Equations and Systems,Nonlinear Equations and Systems 1.pdf,1.1,fcb78856,,and f? ne=dy,"b= 420f The given equation relates the positive numbers b,c, and f. Which equation correctly expresses cin terms of B",c= Sf coe= 42bf De=4-b-f,D.Q=T-P wo feuaese a,A
ocr-00207,Math,Advanced Math,Nonlinear Equations and Systems,Advanced Math — Nonlinear Equations and Systems,Nonlinear Equations and Systems 1.pdf,1.11,4236c5a3,Nonlinear Equations and Systems 1 Question# 1,"am casccses 145° =4, which ofthe following is 2 At 8-1",,c-2 2-3,,D
ocr-00208,Math,Advanced Math,Nonlinear Equations and Systems,Advanced Math — Nonlinear Equations and Systems,Nonlinear Equations and Systems 1.pdf,1.12,f11ffa93,waits Veva=11 What value of x satisfies the ‘equation above?,aay se2948 | 2? = (22)(22) What s the positive solution tothe given equation?,,,,117
ocr-00209,Math,Advanced Math,Nonlinear Equations and Systems,Advanced Math — Nonlinear Equations and Systems,Nonlinear Equations and Systems 1.pdf,1.13,5639dd1a,,"ae a984<9 p+3daqtr ‘The given equation relates the variables p,q, and . Which equation correctly expresses pin terms of qand 7? Ap=aqtr+o",Bp=qtr—34,Cp=-q-r+34,Dp=-q-r—34,22
ocr-00210,Math,Advanced Math,Nonlinear Equations and Systems,Advanced Math — Nonlinear Equations and Systems,Nonlinear Equations and Systems 1.pdf,1.14,c1964c11,Ms entaaee je-5)=10 ‘what sone possible olution to the given equation?,,,,,B
ocr-00211,Math,Advanced Math,Nonlinear Equations and Systems,Advanced Math — Nonlinear Equations and Systems,Nonlinear Equations and Systems 1.pdf,1.15,7cb3a8ee,,,,,,
ocr-00212,Math,Advanced Math,Nonlinear Equations and Systems,Advanced Math — Nonlinear Equations and Systems,Nonlinear Equations and Systems 1.pdf,1.16,b8c4a1cd,Nonlinear Equations and Systems 1 tas bachated 8j= b+ 15m The given equation relates the distinct positive numbers jk and m. Which equation correctly expresses jin terms of kand m?,Aja # tim,Bjaks lp €.j=8(k +15m) p.j= Spin,,,D
ocr-00213,Math,Advanced Math,Nonlinear Equations and Systems,Advanced Math — Nonlinear Equations and Systems,Nonlinear Equations and Systems 1.pdf,1.17,7a8cb72a,,"arora Tm =2(n +p) ‘The given equation lates the positive numbers m,n, and p. Which equation corecty gives: in terms ofm and p? Am = 20",B.m=2(n+p) Gm =2(n +p) —7,,Dm=2-n—p-7,A
ocr-00214,Math,Advanced Math,Nonlinear Equations and Systems,Advanced Math — Nonlinear Equations and Systems,Nonlinear Equations and Systems 1.pdf,1.18,d0e8e8f5,Nonlinear Equations and Systems 1 Question# 1D 118 cosets Question ID d0e8e8f5,Assessment Test Domain skill Difficulty sar Math ‘Advanced Math | Nonlinesr equations inone variable and | MOC] systems of equations intwo variables,,,,D
ocr-00215,Math,Advanced Math,Nonlinear Equations and Systems,Advanced Math — Nonlinear Equations and Systems,Nonlinear Equations and Systems 1.pdf,1.19,13e5a5d5,,a,bl y i i: ee Stes ee SCC CCCgec eee,"CACC oo eee os Cer oe PONE ZONA PPP PTT rey TTT TTT. 6 8 10 1 ‘The graph of a system of a linear and a quadratic equation is shown. What is the solution (2, y) to this system?",,9
ocr-00198,Math,Advanced Math,Nonlinear Equations and Systems,Advanced Math — Nonlinear Equations and Systems,Nonlinear Equations and Systems 1.pdf,1.2,4ca30186,y,,Be,Cy Heat Tee Tia Sap,,C
ocr-00216,Math,Advanced Math,Nonlinear Equations and Systems,Advanced Math — Nonlinear Equations and Systems,Nonlinear Equations and Systems 1.pdf,1.2,58443765,Nonlinear Equations and Systems 1 120 seas7es y=be+4 y= 5a? +4 ‘Which ordered pair (2) is @ solution tothe given system of equations?,"A.(0,0) 8.(0,4) ©. (8,44) 0.(8,84)",,,,B
ocr-00217,Math,Advanced Math,Nonlinear Equations and Systems,Advanced Math — Nonlinear Equations and Systems,Nonlinear Equations and Systems 1.pdf,1.21,332cd67b,,aay scas75 3c? — 152+18=0 How many distinct real solutions are there tothe given equation? A Bxactly one 8. Exactly to finitely many Zero,,,,B
ocr-00199,Math,Advanced Math,Nonlinear Equations and Systems,Advanced Math — Nonlinear Equations and Systems,Nonlinear Equations and Systems 1.pdf,1.3,3de7a7d7,TAs sera”,"Ae ‘The graph of a system of a linear equation and a nonlinear equation is shown. What is the solution (, y) to this ae 4. (0,0) 2. (0,2)",,"c. (2,4) (4,0)",,B
ocr-00200,Math,Advanced Math,Nonlinear Equations and Systems,Advanced Math — Nonlinear Equations and Systems,Nonlinear Equations and Systems 1.pdf,1.4,70f98ab4,"Nonlinear Equations and Systems 1 1% —Totonab« Oe 9-28 The given equation relates the postive numbers 4, r, ands. Which equation correctly expresses qin terms of r",and #2 Ag=a—29r 8.g= 2420,,C.g= 2018 O.4= air,,B
ocr-00201,Math,Advanced Math,Nonlinear Equations and Systems,Advanced Math — Nonlinear Equations and Systems,Nonlinear Equations and Systems 1.pdf,1.5,568aaf27,"1S seaastzr xty=12 yar 1 (cy) is solution othe system of equations above, which ofthe folosing is possible value of x?",Ao at,ba,cz,,D
ocr-00202,Math,Advanced Math,Nonlinear Equations and Systems,Advanced Math — Nonlinear Equations and Systems,Nonlinear Equations and Systems 1.pdf,1.6,b76a2815,"vs teams Ww ta t ‘he pone Preduea by machine reresantad by he equation sbove, ere ste wor pefomed ding an amount of tet Which the folowing orect expresses Winters of and?",AwePt,,,D aM _t owe P owe=Pst,A
ocr-00203,Math,Advanced Math,Nonlinear Equations and Systems,Advanced Math — Nonlinear Equations and Systems,Nonlinear Equations and Systems 1.pdf,1.7,c7789423,,ay crre9«z5 je-2)=9 ‘what sone possible lution ta the given equation?,,,,
ocr-00204,Math,Advanced Math,Nonlinear Equations and Systems,Advanced Math — Nonlinear Equations and Systems,Nonlinear Equations and Systems 1.pdf,1.8,eb268057,Nonlinear Equations and Systems 1 1s eb2seos7 x= 64 Which ofthe following values of x satisfies the given equation?,A-8 84 6.32 0.128,,,,A
ocr-00205,Math,Advanced Math,Nonlinear Equations and Systems,Advanced Math — Nonlinear Equations and Systems,Nonlinear Equations and Systems 1.pdf,1.9,98f735f2,"19 sae “The total revenue from sles fa product can be aleatd sing the formula T= PO, whore Tis the oa revenue she pice of he product,",and is the quantity of the protuc sold. Which ofthe flowing equations (hes the quay of product odin trms of Pad T? P aory r ae,,c.a=PT,,B
ocr-01004,Math,Advanced Math,Nonlinear Equations and Systems,Advanced Math — Nonlinear Equations and Systems,Nonlinear Equations and Systems 2.pdf,2.1,a5663025,"Nonlinear Equations and Systems 2 21 as663025 —_—_ ‘equation. The equations inthis system are graphed inthe xy-plane above, How many solutions does this sytem have?",Ao at,,,,C
ocr-01013,Math,Advanced Math,Nonlinear Equations and Systems,Advanced Math — Nonlinear Equations and Systems,Nonlinear Equations and Systems 2.pdf,2.1,a4f61d75,"290 sato7s ¥=or2=0 Inthe equation above, ais a constant and @ > 0. the equation has two integer solutions, whats a possible value of a?",,,,,
ocr-01014,Math,Advanced Math,Nonlinear Equations and Systems,Advanced Math — Nonlinear Equations and Systems,Nonlinear Equations and Systems 2.pdf,2.11,630897df,Nonlinear Equations and Systems 2,"an sxoemat “The speed of sound in dry at, v, ean be modeled by the formula \=331.3 + 06067, where Ts the temperature in degrees Celsius and vis measured in meters per second, Which ofthe following correctly expresses Tinterms of v? v+0606 aT a3 v-0.606 33513 v#3313 o. 7"" 0606",,,,D
ocr-01015,Math,Advanced Math,Nonlinear Equations and Systems,Advanced Math — Nonlinear Equations and Systems,Nonlinear Equations and Systems 2.pdf,2.12,c77ef2fb,v-3313 pa =0013,ately *,"Bood volume, Va human can be determined using the equation ven ©"" =H, where Vpis the plasma volume and His the hematocrit (the fraction of blood volume that is ed blood cel). Which of the flowing",comet expreses the hemocttn terms ofthe bleed volime an the plasma volume? Ve,D. 0.606 22 crete,A
ocr-01016,Math,Advanced Math,Nonlinear Equations and Systems,Advanced Math — Nonlinear Equations and Systems,Nonlinear Equations and Systems 2.pdf,2.13,364a2d25,Ve ot ye,ae,,"com Ve 0.H=Vp -Vp 233 Be4a2025 xtyat7 xy=72 If one solution to the system of equations above is (x,y),",,
ocr-01017,Math,Advanced Math,Nonlinear Equations and Systems,Advanced Math — Nonlinear Equations and Systems,Nonlinear Equations and Systems 2.pdf,2.14,0980fcdd,Nonlinear Equations and Systems 2 21% o2e0fedd x= exty y= 64436,A solution tothe given system of equations i x.) Which of the followings possible value of xy ? Ao a6 on 0.36,,,,A
ocr-01018,Math,Advanced Math,Nonlinear Equations and Systems,Advanced Math — Nonlinear Equations and Systems,Nonlinear Equations and Systems 2.pdf,2.15,87a3de81,21s srexdest x4x—12=0,"ais solution ofthe equation above and a>, whats the value of a? 216 ossbsab T=0.01(P =40,000) Ina city, the property tax T, in dollars, is calculated using the formula",,,,3
ocr-01019,Math,Advanced Math,Nonlinear Equations and Systems,Advanced Math — Nonlinear Equations and Systems,Nonlinear Equations and Systems 2.pdf,2.16,2683b5db,,"A SE PR Sf) CP, SS ey See ‘above, where Pisthe value ofthe property, dollars. Which ofthe {ollowing expresses the valu ofthe property in terms ofthe property tax? A. P= 1007-400 8. P=100T +400 ©. P=1007-40,000 2. P= 1007 +40,000",,,,D
ocr-01020,Math,Advanced Math,Nonlinear Equations and Systems,Advanced Math — Nonlinear Equations and Systems,Nonlinear Equations and Systems 2.pdf,2.17,2f958af9,Nonlinear Equations and Systems 2 Question# 1D,"arose an Aa veld ™ The formula above expresses the square of the speed v ofa wave moving ‘longa string in terms of tension 7, mass m, and length L ofthe sting Whatie in terms of mv, andl? ma rae we m an",BT aL mi i a,,,A
ocr-01021,Math,Advanced Math,Nonlinear Equations and Systems,Advanced Math — Nonlinear Equations and Systems,Nonlinear Equations and Systems 2.pdf,2.18,876a731c,,a ay +6=2 +3) a a2,,cy L oT ne,,A
ocr-01022,Math,Advanced Math,Nonlinear Equations and Systems,Advanced Math — Nonlinear Equations and Systems,Nonlinear Equations and Systems 2.pdf,2.19,928498f3,,A 12 62/2318 8. 12,,cs oe 219 sanaoaes ex2+5x-7=0 ‘What are the solutions to the siven equation? 5225+ 168,,A
ocr-01005,Math,Advanced Math,Nonlinear Equations and Systems,Advanced Math — Nonlinear Equations and Systems,Nonlinear Equations and Systems 2.pdf,2.2,d0a7871e,Saat 2,As 8.0,,c.2,"D3 22 dosene at yore lt c,y) isa solution to the system of equations above, which ofthe following could be the value of x?",A
ocr-01023,Math,Advanced Math,Nonlinear Equations and Systems,Advanced Math — Nonlinear Equations and Systems,Nonlinear Equations and Systems 2.pdf,2.2,2d2ab76b,"Nonlinear Equations and Systems 2 220 2dr yee y=3 When the equations above are graphed inthe xy-pane, what are the","and (-2,3) 8.(24) and (2.4) ©.(38)",,"coordinates (x, 9) ofthe points of intersection ofthe two raphs? 4.23)",,A
ocr-01024,Math,Advanced Math,Nonlinear Equations and Systems,Advanced Math — Nonlinear Equations and Systems,Nonlinear Equations and Systems 2.pdf,2.21,3b4b8831,=,"and (-3,8) v,W2,3) and (-V2,3) am shines 382? = 38(9) ‘what isthe negative solution tothe given equation?",,,,-3
ocr-01025,Math,Advanced Math,Nonlinear Equations and Systems,Advanced Math — Nonlinear Equations and Systems,Nonlinear Equations and Systems 2.pdf,2.22,f5247e52,"222 ssxresz year—c Inthe equation above, a and c are postive constants, How many times does the graph ofthe equation above intersect the graph ofthe equation yratcinthexy-plane?",A.Zer0,B.One,c.TWwo More than two,,C
ocr-01026,Math,Advanced Math,Nonlinear Equations and Systems,Advanced Math — Nonlinear Equations and Systems,Nonlinear Equations and Systems 2.pdf,2.23,f76c1858,223 t766188@ | << Ta® — 202 — 32 = 0 What isthe positive solution tothe given equation?,,,,,4
ocr-01027,Math,Advanced Math,Nonlinear Equations and Systems,Advanced Math — Nonlinear Equations and Systems,Nonlinear Equations and Systems 2.pdf,2.24,4e18fc5d,Nonlinear Equations and Systems 2 queiont © ye sates ——————,,Bw = — te ows — abs,,,A
ocr-01028,Math,Advanced Math,Nonlinear Equations and Systems,Advanced Math — Nonlinear Equations and Systems,Nonlinear Equations and Systems 2.pdf,2.25,bef4b1c6,"225 betabies 7 ‘What isthe postive solution to the given equation? 226 Meese Mj +k =m The given equation relates the numbers j,k, and m. Which equation correctly expresses kin terms of jand'm?",Aka 2,,,,5
ocr-01029,Math,Advanced Math,Nonlinear Equations and Systems,Advanced Math — Nonlinear Equations and Systems,Nonlinear Equations and Systems 2.pdf,2.26,11ccf3e1,,a.k= 4-14,,"core Sige 0. k= bm ~ 149 aay a9 7 p=9+H The oiven equation relates the numbers pend n, where i not equaltoO and p > 9. Which equation correctly expresses nin terms ofp? anate pn=£49",,A
ocr-01030,Math,Advanced Math,Nonlinear Equations and Systems,Advanced Math — Nonlinear Equations and Systems,Nonlinear Equations and Systems 2.pdf,2.27,29ed5d39,,,Bn te on=f-9 n= oy,,,D
ocr-01031,Math,Advanced Math,Nonlinear Equations and Systems,Advanced Math — Nonlinear Equations and Systems,Nonlinear Equations and Systems 2.pdf,2.28,895628b5,"Nonlinear Equations and Systems 2 228 esoz00s y=(2-2)(2+4) y=62~12 Which ordered pair (2) isthe solution to the given system of equations? 4. (0,2) 8.(-4,2) ©.(2,0) 0.(2,-4)",,,,,C
ocr-01032,Math,Advanced Math,Nonlinear Equations and Systems,Advanced Math — Nonlinear Equations and Systems,Nonlinear Equations and Systems 2.pdf,2.29,13e57f0a,229 wes0a 4a? — Te = -36 ‘what isthe postive solution tothe given equation?,ad,By,cd,DT,B
ocr-01006,Math,Advanced Math,Nonlinear Equations and Systems,Advanced Math — Nonlinear Equations and Systems,Nonlinear Equations and Systems 2.pdf,2.3,7f81d0c3,,A.x= Land x=2 ee ere,B77 F and 44./E 4,C2,D3 23 Tidocs x=x-1=0 ‘what values satisfy the ‘equation above?,C
ocr-01033,Math,Advanced Math,Nonlinear Equations and Systems,Advanced Math — Nonlinear Equations and Systems,Nonlinear Equations and Systems 2.pdf,2.3,6acdcece,230 Gocseece,arab Bz by-72 or- mm,"b-m=s The given equetionelats the positive numbers, 2, and y Which equation correctly expresses «in terms of band y?",,Die by—T2y 2m oseseuas ig 2 2 poe ie the val a Pde,D
ocr-01034,Math,Advanced Math,Nonlinear Equations and Systems,Advanced Math — Nonlinear Equations and Systems,Nonlinear Equations and Systems 2.pdf,2.31,09e5e4d3,"f= Te, what is the value of 7222",AG 87 owe 0.204,,,,C
ocr-01035,Math,Advanced Math,Nonlinear Equations and Systems,Advanced Math — Nonlinear Equations and Systems,Nonlinear Equations and Systems 2.pdf,2.32,4b6f0a3f,Nonlinear Equations and Systems 2 232 abofosst 2?—52-24=0 ‘Whats the sum of the solutions tothe given equation? 233 m0 poe +17 yalt-2,,,,,5
ocr-01036,Math,Advanced Math,Nonlinear Equations and Systems,Advanced Math — Nonlinear Equations and Systems,Nonlinear Equations and Systems 2.pdf,2.33,75a32330,,Aca EGA TENGAH UGEGAWULNGIEH AU HERATRER7 AN coe CoMCceNLA CE,BASEL WARE ABERE nS TA,"CON EE CONCH COOKE CONC CoN CONN He HEEL LHRH * tooeNceee, «°C,",,A
ocr-01007,Math,Advanced Math,Nonlinear Equations and Systems,Advanced Math — Nonlinear Equations and Systems,Nonlinear Equations and Systems 2.pdf,2.4,911383f2,Nonlinear Equations and Systems 2 26 smisestz =A) + 2) = 1)=0 What s the product of the solutions to,AB 83 0-3 0-8,,,,D
ocr-01008,Math,Advanced Math,Nonlinear Equations and Systems,Advanced Math — Nonlinear Equations and Systems,Nonlinear Equations and Systems 2.pdf,2.5,b80d10d7,25 vendo? art) x45 eS Whatie the solution othe equation above?,Ao 82 es 28,,,,B
ocr-01009,Math,Advanced Math,Nonlinear Equations and Systems,Advanced Math — Nonlinear Equations and Systems,Nonlinear Equations and Systems 2.pdf,2.6,fcdf87b7,"26 teatere7 yan axed y=4-x Ifthe ordered pair (x, y) satisties the system of equations above, what s one possible value of x?",,,,,
ocr-01010,Math,Advanced Math,Nonlinear Equations and Systems,Advanced Math — Nonlinear Equations and Systems,Nonlinear Equations and Systems 2.pdf,2.7,652054da,"Nonlinear Equations and Systems 2 27 es20suda = ‘an oceanographer uses the equation © = 2? to model the speed sn knots of an ocean wave, where p represents the period ofthe wave, in seconds, Which of the following represents the period of the wave in tems ‘ofthe speed ofthe wave? 2","A Pays =3, Pass 2",,co PaSts,,A
ocr-01011,Math,Advanced Math,Nonlinear Equations and Systems,Advanced Math — Nonlinear Equations and Systems,Nonlinear Equations and Systems 2.pdf,2.8,6e02cd78,"oP 3 = pases 26 excaae Inthe plane, hats the coords ofthe poi of intersection of the",apts ot Y= 0-1? ona y= 24-3?,,,,1
ocr-01012,Math,Advanced Math,Nonlinear Equations and Systems,Advanced Math — Nonlinear Equations and Systems,Nonlinear Equations and Systems 2.pdf,2.9,802549ac,29° s02siaae FDIC = W213) +10 Which ofthe folowing is a solution to the given equation?,al 20 o-2,B35,,,A
ocr-00167,Math,Advanced Math,Nonlinear Equations and Systems,Advanced Math — Nonlinear Equations and Systems,Nonlinear Equations and Systems 3.pdf,3.1,fc3d783a,Nonlinear Equations and Systems 3 Question# 1,,Bm tera ee Inthe 2y-plane ine with equation 2y = 4.5 intersects parabola st exactly one point the parabola has,"ceqation y = 4+ bz, where bis a positive constant, whatis the value of 32 scoexe0 yet xty=P-3",,6
ocr-00176,Math,Advanced Math,Nonlinear Equations and Systems,Advanced Math — Nonlinear Equations and Systems,Nonlinear Equations and Systems 3.pdf,3.1,3d12b1e0,"nen nena ee nn OE EO ee NE IN sno sazb0 — -162* 82 +e=0 Inthe given equation, cs constant. The equation has exactly one slain. Whats the vale ofc?",an nowt a (e-1)'=-4 How many distinct real solutions does the given equation have?,,,,-1
ocr-00177,Math,Advanced Math,Nonlinear Equations and Systems,Advanced Math — Nonlinear Equations and Systems,Nonlinear Equations and Systems 3.pdf,3.11,71014fb1,,A. Bracty one 8. Exactly two ninety many,,,"D.ze0 sm eosoce7 Yoea +1 xty+t=0 16:11) and (czy) re the to sautons tothe system of equations above, whatis the value of yy 4 yo? A",D
ocr-00178,Math,Advanced Math,Nonlinear Equations and Systems,Advanced Math — Nonlinear Equations and Systems,Nonlinear Equations and Systems 3.pdf,3.12,e9349667,,Ana,Ba oat a4,,,D
ocr-00179,Math,Advanced Math,Nonlinear Equations and Systems,Advanced Math — Nonlinear Equations and Systems,Nonlinear Equations and Systems 3.pdf,3.13,b03adde3,"Nonlinear Equations and Systems 3 Question# 1D 313 bosecaes 6 18-3=F>, whatist interms of u? 1",alg 2u+9 ato 1 of u-3 pa BU,,,,D
ocr-00180,Math,Advanced Math,Nonlinear Equations and Systems,Advanced Math — Nonlinear Equations and Systems,Nonlinear Equations and Systems 3.pdf,3.14,30281058,"i -—— 0 G3 314 so2s.050 Se Inthe xy-piane, the graph of Y=*2—9 intersect ine p at (1,@) ana (5), where a and b are constants. Whats the slope of ine p?",A6 82,,c-2 2-6,,A
ocr-00181,Math,Advanced Math,Nonlinear Equations and Systems,Advanced Math — Nonlinear Equations and Systems,Nonlinear Equations and Systems 3.pdf,3.15,5910bfff,,ais soos oo,,,"D=T-Z(100-H) The formula above canbe used to approximate the dew point D n degrees Fahrenheit, given the temperature Tin degres Fahrenheit, and the relative humidity of percent, where > 0. Which ofthe following expresses the ‘lative humic in terms of the temperature and the dew point? 25 a= F-14100 2 t= 20-1)-100 25 ¢H=2to+n+100",A
ocr-00182,Math,Advanced Math,Nonlinear Equations and Systems,Advanced Math — Nonlinear Equations and Systems,Nonlinear Equations and Systems 3.pdf,3.16,1697ffcf,"Nonlinear Equations and Systems 3 316 artet —_—_ Inthe xy-lane, the graph of Y=3x2—14X intersects the graph of y= x at the points (0,0) and (a, a). Whats the value of 2?",a7 toescre x? dz~10=0 |Whatis the sum of the solutions tothe given equation?,,,,5
ocr-00183,Math,Advanced Math,Nonlinear Equations and Systems,Advanced Math — Nonlinear Equations and Systems,Nonlinear Equations and Systems 3.pdf,3.17,ff2e5c76,EE EE Ne eT,A 85,,c.10 0.40 sie aes yoxt43x-7 y-5x+8=0 How many solutions are there tothe system of equations above? ‘A. There are exactly 4 solutions.,,D
ocr-00184,Math,Advanced Math,Nonlinear Equations and Systems,Advanced Math — Nonlinear Equations and Systems,Nonlinear Equations and Systems 3.pdf,3.18,2c5c22d0,—_—_ 1B. There are exactly 2 solutions. . There is exactly 1 solution . There are no solution. 319 fesatazs | 9 x43 x3 What value of x satisfies the ‘equation above?,ay 1,,,,C
ocr-00185,Math,Advanced Math,Nonlinear Equations and Systems,Advanced Math — Nonlinear Equations and Systems,Nonlinear Equations and Systems 3.pdf,3.19,fc3dfa26,1 ry,a a2 03,,,,C
ocr-00168,Math,Advanced Math,Nonlinear Equations and Systems,Advanced Math — Nonlinear Equations and Systems,Nonlinear Equations and Systems 3.pdf,3.2,4661e2a9,Which ordered pairs @ solution tothe system of equations above?,"A4V3,Vd) 33, -V3) 4 +/5, 75) 0/5, -14+V5) 33 teszases —_, 1-4 PH10C425 isa solution to the given equation, which of the",,,,A
ocr-00186,Math,Advanced Math,Nonlinear Equations and Systems,Advanced Math — Nonlinear Equations and Systems,Nonlinear Equations and Systems 3.pdf,3.2,58b109d4,"Nonlinear Equations and Systems 3 320 sobiosus etytT=7 202 +100-y =0 “The solution tothe given system of equationsis (2, y). Whats the value of 2? 3a ro2aer¢_ |< 5(2 +7) = 15(e — 17)(z + 7) Whats the sum of the solutions to the given equation?",,,,,-10
ocr-00187,Math,Advanced Math,Nonlinear Equations and Systems,Advanced Math — Nonlinear Equations and Systems,Nonlinear Equations and Systems 3.pdf,3.21,7028c74f,,"a rh ee Ae eae ee 3220 seg The solutions to 2? + 6x +7 =Oarer and s, where r < 8, The solutions to 2? + 8r-+ 8 =Oaret and, wheret <u, The solutions to 2"" +14 + ¢ = O,where cis constant are r + t and 6 + u. What isthe value of ©? 323 tsaaso40 Inthe xy-plane, line with equation 2y = c for some constant c intersects @ parabola at exactly one point. the parabola has equation y = —22? + Gz, whatis the value ofc?",,,,3.22
ocr-00188,Math,Advanced Math,Nonlinear Equations and Systems,Advanced Math — Nonlinear Equations and Systems,Nonlinear Equations and Systems 3.pdf,3.22,e11294f9,"eo ee cee 326 randssao Sety=—-11 2c? = y +341 “The graphs of the equations in the given system of equations intersect at the point (2, y) inthe 2y-plane, What is ‘a possible value of =?",Aw an 2 os,,,,31
ocr-00189,Math,Advanced Math,Nonlinear Equations and Systems,Advanced Math — Nonlinear Equations and Systems,Nonlinear Equations and Systems 3.pdf,3.23,f5aa5040,,,,,,20.25
ocr-00190,Math,Advanced Math,Nonlinear Equations and Systems,Advanced Math — Nonlinear Equations and Systems,Nonlinear Equations and Systems 3.pdf,3.24,7dbd46d9,,,,,,A
ocr-00191,Math,Advanced Math,Nonlinear Equations and Systems,Advanced Math — Nonlinear Equations and Systems,Nonlinear Equations and Systems 3.pdf,3.25,6011a3f8,"Nonlinear Equations and Systems 3 325 sonaste 64s? + br +25 =0 Inthe given equation, bis @ constant. For which ofthe folowing values of b ill the equation have more than one ‘0a solution?",A-oL 8-80 5 0.40,,,,A
ocr-00192,Math,Advanced Math,Nonlinear Equations and Systems,Advanced Math — Nonlinear Equations and Systems,Nonlinear Equations and Systems 3.pdf,3.26,77c0cced,"326 Tocco y= 2a? 212464 y=3r+a Inthe given system of equations, isa constant. The graphs of the equations in the given system intersect at ‘exactly one point, (2), inthe xy-plane. What isthe value of 2?",a8 2-6 6 os,,,,C
ocr-00193,Math,Advanced Math,Nonlinear Equations and Systems,Advanced Math — Nonlinear Equations and Systems,Nonlinear Equations and Systems 3.pdf,3.27,3a9d60b2,"327 sscou2 2d — 2] +3]4—2| = 25 ‘Whats the postive solution tothe given equation? 328 sbadoor (3x + p) (5x? — 45) (22? — 162 + 6p) =0 In the given equation, p isa positive constant. The sum of the solutions to the ‘equation is 22, What is the value of p?",,,,,9
ocr-00194,Math,Advanced Math,Nonlinear Equations and Systems,Advanced Math — Nonlinear Equations and Systems,Nonlinear Equations and Systems 3.pdf,3.28,abcd0012,,,,,,4
ocr-00195,Math,Advanced Math,Nonlinear Equations and Systems,Advanced Math — Nonlinear Equations and Systems,Nonlinear Equations and Systems 3.pdf,3.29,88a0c425,"Nonlinear Equations and Systems 3 329 oa0c4a5 22? +202 +e=0 Inthe gven equation, isa constant. The equation hs exactly one solution. Whats the value of ¢?",A608 8-50 .-32,bo,,,B
ocr-00169,Math,Advanced Math,Nonlinear Equations and Systems,Advanced Math — Nonlinear Equations and Systems,Nonlinear Equations and Systems 3.pdf,3.3,f65288e8,,a A? 3 22 2 2 a or,,,,A
ocr-00196,Math,Advanced Math,Nonlinear Equations and Systems,Advanced Math — Nonlinear Equations and Systems,Nonlinear Equations and Systems 3.pdf,3.3,722de804,3307006 (@-anr=a What isthe sum of the solutions to the glen equation?,,,,,94
ocr-00170,Math,Advanced Math,Nonlinear Equations and Systems,Advanced Math — Nonlinear Equations and Systems,Nonlinear Equations and Systems 3.pdf,3.4,f2f3fa00,34 atstaoo Oe,"a+, where x and y are constants, what is the value of x?",,,"During a 5-second time interval the average acceleration a in meters per second squared, of an object with an initial velocity of 12 meters per second gett? is defined by the equation 3, where vfis the fina velocity of ‘the object in meters per second. f the equation is ewrittan in the form v=",5
ocr-00171,Math,Advanced Math,Nonlinear Equations and Systems,Advanced Math — Nonlinear Equations and Systems,Nonlinear Equations and Systems 3.pdf,3.5,6ce95fc8,Nonlinear Equations and Systems 3 35 cceostes DA=2= 2x43 Which ofthe folowing ea solution to the equation above?,A2 8t-vT 1 oat t+vit 2 2,,,,D
ocr-00172,Math,Advanced Math,Nonlinear Equations and Systems,Advanced Math — Nonlinear Equations and Systems,Nonlinear Equations and Systems 3.pdf,3.6,c303ad23,,"ao 36 csoseazs Wz? — 182 — 15 =, what is the value of 2? — 62 37 Tectoets Dea ax=t",,,,5
ocr-00173,Math,Advanced Math,Nonlinear Equations and Systems,Advanced Math — Nonlinear Equations and Systems,Nonlinear Equations and Systems 3.pdf,3.7,7bd10ef3,"In the equation above, risa constant. Ifthe equation has no real solutions, \which ofthe folowing coule be the valve of ¢? roy",,Bat ot 23 38 sabeeoer Rorrer ores) ‘What isthe solution set of the,,,A
ocr-00174,Math,Advanced Math,Nonlinear Equations and Systems,Advanced Math — Nonlinear Equations and Systems,Nonlinear Equations and Systems 3.pdf,3.8,66bce0c1,,"ALOT 5.65) (1,5) 0.0, -1,5)",,,,B
ocr-00175,Math,Advanced Math,Nonlinear Equations and Systems,Advanced Math — Nonlinear Equations and Systems,Nonlinear Equations and Systems 3.pdf,3.9,97e50fa2,"Nonlinear Equations and Systems 3 39° sresote2 1 =—-1 G47. “The oaph of the funtion f, defined by 10> — 24 #10 is hon in the plane above. the function g (nat shown) is defined by 91%)= =X+10, whats one possible value of a such tat f(a) = g(a)?",,,,,3.10
ocr-00604,Math,Algebra,Linear Equations,Algebra — Linear Equations,Linear Equations in One Variable 1.pdf,1.1,097e10f5,Linear Equations in One Variable 1 4 osreots ‘What value ofp satisfies the equation p+ 180 = 2502,AM 2.65 ©.86 0.250,,,,A
ocr-00613,Math,Algebra,Linear Equations,Algebra — Linear Equations,Linear Equations in One Variable 1.pdf,1.1,12255364,"wo asssee ‘Agym charges its members a onetime $36 enrollment fee and a membership fee of $19 per month. If there are no ‘charges other than the enrollment fee and the membership fee, after how many months will a member have been",Ad 85 8 2.10,,charged a total of $188 at the gym?,,C
ocr-00614,Math,Algebra,Linear Equations,Algebra — Linear Equations,Linear Equations in One Variable 1.pdf,1.11,d9d83c02,,am dsdascoz For what value of w does w~10=2(w +5)? AS 8.0 o-15 2-20,,,,D
ocr-00615,Math,Algebra,Linear Equations,Algebra — Linear Equations,Linear Equations in One Variable 1.pdf,1.12,7a987ae4,wz rene7208 — 20 249 1g tO what isthe value of 2-17,Ae 8.49,,c.50 2.99,,B
ocr-00616,Math,Algebra,Linear Equations,Algebra — Linear Equations,Linear Equations in One Variable 1.pdf,1.13,9ff10b3b,Linear Equations in One Variable 1 Us ofhonst oo 1 te ra rT the value of x?,And a 23 3 06,,,,C
ocr-00617,Math,Algebra,Linear Equations,Algebra — Linear Equations,Linear Equations in One Variable 1.pdf,1.14,4e77195b,"we cern98) 12-4 a = 60, what is the value of 16 + 82?","aus at796100 a N3x+2=8, what isthe value of 9x +6?",,,,480
ocr-00618,Math,Algebra,Linear Equations,Algebra — Linear Equations,Linear Equations in One Variable 1.pdf,1.15,4f7981a0,ee Eee wis astes29,Alibrarian has 43 books to distribute toa group of children. the gives each,,"child 2 books, he will have 7 books leftover. How many children are inthe ‘group? Ans 8.18 0.25 2.29",,24
ocr-00619,Math,Algebra,Linear Equations,Algebra — Linear Equations,Linear Equations in One Variable 1.pdf,1.16,46f68129,,"aay esse70e6 ex+h=0x45 Inthe given equation, kis constant. the equation has infinitely ‘many solutions, what isthe value of k?",,,,B
ocr-00620,Math,Algebra,Linear Equations,Algebra — Linear Equations,Linear Equations in One Variable 1.pdf,1.17,e53870b6,,,,,,5
ocr-00621,Math,Algebra,Linear Equations,Algebra — Linear Equations,Linear Equations in One Variable 1.pdf,1.18,70774aa4,"Linear Equations in One Variable 1 Question 10 Ma 7orvaa6 15 = 20, whats the value of 152?",AT 8.12,,c.23 0.60,,D
ocr-00622,Math,Algebra,Linear Equations,Algebra — Linear Equations,Linear Equations in One Variable 1.pdf,1.19,a9c04a21,,aaa ascoaaan Oe ‘What isthe solution to the equation 2x+3=7? Ad 15 2,,,"Da 320 sso if 32 — 27 = 24, what is the value of 2 — 9?",C
ocr-00605,Math,Algebra,Linear Equations,Algebra — Linear Equations,Linear Equations in One Variable 1.pdf,1.2,997bec28,"12 sarbecas OO “The perimeter ofan isosceles triangle is 83 inches. Each ofthe two congruent sides ofthe triangle has a length of 2Ainches. what isthe length in inches, of the tied side? 13 caczzae7 .","AX 29 3 Inthe equation above, what is the value of x? 28 28",,,,35
ocr-00623,Math,Algebra,Linear Equations,Algebra — Linear Equations,Linear Equations in One Variable 1.pdf,1.2,590f2187,"If 3a — 27 = 24, what is the value of ~ 9?",AL 88,,cu 0.35 321 step 3x +5(z +4) = 76 What value of zis the solution tothe given equation? AT 88,,B
ocr-00624,Math,Algebra,Linear Equations,Algebra — Linear Equations,Linear Equations in One Variable 1.pdf,1.21,59afe8db,,,,c.56,"Dr 22 e7e79898, | 13x = 112 ~ 2 What value of xis the solution tothe given equation?",A
ocr-00625,Math,Algebra,Linear Equations,Algebra — Linear Equations,Linear Equations in One Variable 1.pdf,1.22,c7d7980e,,,,,,8
ocr-00626,Math,Algebra,Linear Equations,Algebra — Linear Equations,Linear Equations in One Variable 1.pdf,1.23,40ba6288,"Linear Equations in One Variable 1 128 dobeezes WW 3a = 30, whats the value of Sx — 12?",An},B18 o.22 042,,,B
ocr-00627,Math,Algebra,Linear Equations,Algebra — Linear Equations,Linear Equations in One Variable 1.pdf,1.24,87071893,"124 somes 24 40=05 ‘What value of is the solution tothe given equation? 12s sescesn9 oe 116+ 2 =9, whatis the value of 18 + 3x?",,,,,55
ocr-00628,Math,Algebra,Linear Equations,Algebra — Linear Equations,Linear Equations in One Variable 1.pdf,1.25,3c4ce699,126 ceore9 OO ‘3more than 8 times a number 2 is equal to 83. Which equation represents this situation? 4.(8)(8)2 = 83 882-8343,,,C.3248=83,"D.8r+3=83 127 ssss7ase OO Nasir bought 9 storage bins that were each the same price. He used a coupon for $63 off the entire purchase. The cost for the entre purchase after using the coupon was $27. What was the original price, in dolars, for 1 Potato",27
ocr-00629,Math,Algebra,Linear Equations,Algebra — Linear Equations,Linear Equations in One Variable 1.pdf,1.26,4de87c9a,"storage bin? 128 noses 1 =5,whatis the value of $7",,,,,D
ocr-00630,Math,Algebra,Linear Equations,Algebra — Linear Equations,Linear Equations in One Variable 1.pdf,1.27,8339793c,,,,,,10
ocr-00631,Math,Algebra,Linear Equations,Algebra — Linear Equations,Linear Equations in One Variable 1.pdf,1.28,2f0a43b2,,,,,,0.2
ocr-00632,Math,Algebra,Linear Equations,Algebra — Linear Equations,Linear Equations in One Variable 1.pdf,1.29,4f8bd093,Linear Equations in One Variable 1 129 <toedoss What value of Is the solution tothe equation 16z:-+ 24 = 24a?,a4,,Ce es 3,,D
ocr-00606,Math,Algebra,Linear Equations,Algebra — Linear Equations,Linear Equations in One Variable 1.pdf,1.3,6ac23de7,,Adeed=o,Bx+3=3 c.ar+2=4 bopsqee,ct,D1 14nd ‘Whieh of he fllowing equivalent todx-+6= 12?,A
ocr-00633,Math,Algebra,Linear Equations,Algebra — Linear Equations,Linear Equations in One Variable 1.pdf,1.3,9b886541,"130 seeacsar \f 32 — 8 = 7, whats the vale of 32 + 82",Act 85 13 0.3,,,,D
ocr-00607,Math,Algebra,Linear Equations,Algebra — Linear Equations,Linear Equations in One Variable 1.pdf,1.4,7392dfc1,,,,,D.2x+3=6,D
ocr-00608,Math,Algebra,Linear Equations,Algebra — Linear Equations,Linear Equations in One Variable 1.pdf,1.5,93954cfa,"Linear Equations in One Variable 1 1S os9sacta (one pound of arapes costs $2. At this rate, how many <daliars wile pounds of grapes cost?",Ate 8.2ec a,,ce © Cary,,A
ocr-00609,Math,Algebra,Linear Equations,Algebra — Linear Equations,Linear Equations in One Variable 1.pdf,1.6,3d04de9c,‘e woes A principal used a total of 25 flags that were either blue or yellow for field day. The principal used 20 blue flags. ow any yon flags wer used?,As 2.20 oa 2.90,,,,A
ocr-00610,Math,Algebra,Linear Equations,Algebra — Linear Equations,Linear Equations in One Variable 1.pdf,1.7,60f71697,,a carnesr OO 82 = 88 ‘What value of is the solution tothe given equation? AL 8.80,,c.96 0.704 ye ssobssze 10-244 <socsay ouapay eejestinme exer tes whee,,A
ocr-00611,Math,Algebra,Linear Equations,Algebra — Linear Equations,Linear Equations in One Variable 1.pdf,1.8,550b352c,How many solutions exist to the ‘equation shown above?,A.None a. Bvactly1,Butntinitely many,c.evactly 3,,B
ocr-00612,Math,Algebra,Linear Equations,Algebra — Linear Equations,Linear Equations in One Variable 1.pdf,1.9,ed18c4f7,Linear Equations in One Variable 1 19 eciocatr,Agn-2,Bant2 ©.20-3,"Cathy has n CDs. Gerry has 3 more than twice the number of CDs that Cathy has. n terms of, how many GOs does Gerry have?",D.2n+3,D
ocr-00309,Math,Algebra,Linear Equations,Algebra — Linear Equations,Linear Equations in One Variable 2.pdf,2.1,7a5a74a6,Linear Equations in One Variable 2 21 Tase7408 302x-6)-11=40e-3) +6 whats the value of x3? 2,A? w a2 a5 2 _,,,,B
ocr-00318,Math,Algebra,Linear Equations,Algebra — Linear Equations,Linear Equations in One Variable 2.pdf,2.1,5ad9eff0,"290 soasetto ae “The wicth ofa rectangular dance flor is w feet. The length of the floor is 6 {eet longer than ts wicth, Which ofthe folowing expresses the perimeter, in feet, of the dance flor in terms of w 2",A2W +6,B4w+t2,c.we+6 o.w+6w,,B
ocr-00319,Math,Algebra,Linear Equations,Algebra — Linear Equations,Linear Equations in One Variable 2.pdf,2.11,45bba652,,"anes 126e-8)+3(x—5)=10, what is tho abe of 5 7 a2 as o7 on",,,,A
ocr-00320,Math,Algebra,Linear Equations,Algebra — Linear Equations,Linear Equations in One Variable 2.pdf,2.12,eafdbbbd,H(e+5)- d(e+5)=-7 ‘What value of isthe solution tothe given equation? pest) 8-5 19 0.208,,,,,C
ocr-00321,Math,Algebra,Linear Equations,Algebra — Linear Equations,Linear Equations in One Variable 2.pdf,2.13,8c515062,"Linear Equations in One Variable 2 233 eest082 ‘Acandle is made of 17 ounces of wax. When the candle is burning, the amount of waxin the candle decreases by ounce every 4 hours i 6 ounces of wax remain inthis candle, for how many hours hasit been burning?",As 26 24,bad,,,D
ocr-00322,Math,Algebra,Linear Equations,Algebra — Linear Equations,Linear Equations in One Variable 2.pdf,2.14,ce6b52d8,"21 coceszds 112(8t 10) + ¢ = 40+ 4t, whats the valve of 38? 21s Gzoabe6 W5(2 + 4) = A +4) +29, what isthe value of 2 + 47",a4 8.25,,c.29 0.33,,60
ocr-00323,Math,Algebra,Linear Equations,Algebra — Linear Equations,Linear Equations in One Variable 2.pdf,2.15,620abf36,"—_ 216 Terao ‘The cost torent a commercial fishing boat from a certain company is $950 for the ist 2 hours and an adeltional $50 per hour for each hour after the frst 2 hours. the total cost torent the commercial fishing boat from the company for t hours, where t > 2,1s $1,100, which equation represents ths situation? ‘A. 950(¢ ~ 2) + 50¢ = 1,100 8, 950(2¢) + 50t = 1,100 6.950 + 50(t ~ 2) = 1,100 0.950 + 50(2#) = 1,100",,,,,C
ocr-00324,Math,Algebra,Linear Equations,Algebra — Linear Equations,Linear Equations in One Variable 2.pdf,2.16,76f29fa5,"2x7 tesrai0% ‘A museum rents tablets to visitors. The museum earns revenue of $14 foreach tablet rented for the day. On Wednesday, the ‘museum eared $406 in profit from renting tablets after paying dally expenses of $112. How many tablets did the museum rent on Wednesday? (profit = total revenue — total expenses)",,,,,C
ocr-00325,Math,Algebra,Linear Equations,Algebra — Linear Equations,Linear Equations in One Variable 2.pdf,2.17,feb78194,,,,,,37
ocr-00326,Math,Algebra,Linear Equations,Algebra — Linear Equations,Linear Equations in One Variable 2.pdf,2.18,018a2704,"Linear Equations in One Variable 2 Question 10 2 Tee fA = 16-+ 262 — 8), whats te value ofc — 8)?",AG 8.23 6.30 0.38,,,,C
ocr-00327,Math,Algebra,Linear Equations,Algebra — Linear Equations,Linear Equations in One Variable 2.pdf,2.19,9d4270fe,"219 sez70%6 ‘A company that creates and sells tape dispensers calculates its monthly profit, n dollars, by subtracting its fixed monthly",,"B, The monthly sales revenue, in dollars, from each tape dispenser sold C. The monthly cost in dollars, of creating each tape dispenser '. The monthly cost, dolar, of creating 2 tape dispensers","costs, in dolar, from its monthly sales revenue, in dollars. The equation 15,000 = 2.00 — 4,500 represents this situation {or a month where tape dispensers are created and sold, Which statement is the best interpretation of 2.002 inthis context? 'A.The monthly sales revenue, in dollars, from selingz tape dispensers",,A
ocr-00310,Math,Algebra,Linear Equations,Algebra — Linear Equations,Linear Equations in One Variable 2.pdf,2.2,aa85b138,18 8 22 aassbise rr ‘Atree had a height of 6 feet when it was planted. The equation above can,,be used! to find how many years it tok the tree to reach a height of 18 feet. Which ofthe following i the best interpretation ofthe number 2 in this [A The number of years it took the tree to doublets height 8. The average numberof feet that the tree grew per year,,,B
ocr-00311,Math,Algebra,Linear Equations,Algebra — Linear Equations,Linear Equations in One Variable 2.pdf,2.3,15daa8d6,"©. The height, in feet, ofthe tree when the tre was 1 year old . The average numberof yeast takes sinilar trees to grow 14 feet 23 sdaseds OO 22 +16 =a(z +8) Inthe given equation, ais @ constant. the equation has itntely many solutions, what isthe value of a?",,,,,2
ocr-00312,Math,Algebra,Linear Equations,Algebra — Linear Equations,Linear Equations in One Variable 2.pdf,2.4,12ee1edc,"24 westede (b-ae=8 In the given equation, bisa constant. Ifthe equation has no solution, whats the value of b?",A2 a4,,ce 10,,A
ocr-00313,Math,Algebra,Linear Equations,Algebra — Linear Equations,Linear Equations in One Variable 2.pdf,2.5,70e29454,"Linear Equations in One Variable 2 2S 7oe20456 ai3—x)—b = -1-2x Inthe equation above, and bare constants the equation has infinitely many solutions what are the values of a and b?",A.gezandb=t 8.ga2endb=7,,Cam -Zandy=5,Dam —2ondb=—§,B
ocr-00314,Math,Algebra,Linear Equations,Algebra — Linear Equations,Linear Equations in One Variable 2.pdf,2.6,f09097b1,"26 ‘s097 ‘An agricultural scientist studying the growth of corn plants recarded the height of a com plant atthe beginning ofa study and the height ofthe plant ‘each day forthe next 12 days. The scientist found thatthe height ofthe plant increased by an average of 120 centimeters per day forthe 12 days. it ‘the height ofthe plant onthe last cay ofthe study was 36.8 centimeters, ‘what was the height, in centimeters, of the corn plant at the beginning of the study?",,,,,22.4
ocr-00315,Math,Algebra,Linear Equations,Algebra — Linear Equations,Linear Equations in One Variable 2.pdf,2.7,4f669597,27 ates9sa7 ~2p+0+80-1=5p ‘what value ofp isthe solution of the equation above? 28 caso OO,"ax-4=-5 PZ —8, whats the value of Bx—1? a2 ay a8",,,,1.2
ocr-00316,Math,Algebra,Linear Equations,Algebra — Linear Equations,Linear Equations in One Variable 2.pdf,2.8,ce314070,“Oe,ay oe,B10,,,D
ocr-00317,Math,Algebra,Linear Equations,Algebra — Linear Equations,Linear Equations in One Variable 2.pdf,2.9,36ab4122,Linear Equations in One Variable 2 29 seabaz Megan's regular wage at he job isp dollars per hou forthe fist & hours of work ina day plus 1.5 times her regular hourly wage for workin excess of,Asit7s 8.81250 6.81325 0.81375,"Bours that day. Ona given day, Megan worked fo 10 hours, and he otal ‘earnings for that day were $13750. What is Megan's regular hourly wage?",,,B
ocr-00032,Math,Algebra,Linear Equations,Algebra — Linear Equations,Linear Equations in One Variable 3.pdf,3.1,2937ef4f,Linear Equations in One Variable 3 31 ase Hector used a too called an auger to remove com from a storage bin at,a3 a7 ce ow,"began to use the auger. After 5 hours of using the auger, 19,860 bushels of ‘cor remained in the bin. the auger continues to remove cor at this rate, ‘whats the total number of hours Hector will have been using the auger when 12,840 bushes of com remin inthe bin?","constant rate The bin contained 24,000 bushels of corn when Hector",,D
ocr-00041,Math,Algebra,Linear Equations,Algebra — Linear Equations,Linear Equations in One Variable 3.pdf,3.1,628300a9,"310 ezarco9 OO ‘Ascience teachers preparing the 5 stations of a science laboratory. Each station will ave either Experiment & materials or Experiment B materials,",Abx 8.10x ©.2¢+20 2.10x+20,"but not both. Experiment A requires 6 teaspoons of salt, and Experiment B requices 4 teaspoons of salt is the number of stations that will be sat up {or Experiment A and the remaining stations wil be setup for Experiment B, \which ofthe folowing expressions represents the total number of teaspoons of salt required?”",,,C
ocr-00042,Math,Algebra,Linear Equations,Algebra — Linear Equations,Linear Equations in One Variable 3.pdf,3.11,38bf4e04,"Linear Equations in One Variable 3 sm sate | ‘factory makes 9inch, 7nch and 4.inch concrete screws. During a certain day, the numberof inch concrete screws that the factory makesis 5 times the number n of Tinch concrete screws, and the number of 4-ach concrete screws is 22.",,B.9n+7n+4n = 100 ©.5n-+22 = 100 D.6n +22 = 100,,"Dring this day, the factory makes 100 concrete screws total. Which equation represents this situation? ‘A.9(5n) + 7m +4(22) = 100",D
ocr-00043,Math,Algebra,Linear Equations,Algebra — Linear Equations,Linear Equations in One Variable 3.pdf,3.12,25e1cfed,,A Bvactly one 8. Exactly two,Br 25elcted How many solutions does the equation 10(1152 ~ 9) = ~15(6 — 10r) have?,C.tnfinitely many b.zero,,C
ocr-00044,Math,Algebra,Linear Equations,Algebra — Linear Equations,Linear Equations in One Variable 3.pdf,3.13,f5ff91b2,,"a3 stow a 11 255 = 555, the value of 2 — 5 isbetween which ofthe following pats of values? A-9and—7 8. —Band3 4.5 and 5.5 0.6.75 and 9.25 3% conn What value of ts the solution tothe equation 0.8¢ — 0.46 = 8(¢ — 0.001) + 1.92",,,,B
ocr-00045,Math,Algebra,Linear Equations,Algebra — Linear Equations,Linear Equations in One Variable 3.pdf,3.14,429fb7c0,,,,,,
ocr-00046,Math,Algebra,Linear Equations,Algebra — Linear Equations,Linear Equations in One Variable 3.pdf,3.15,f14484a5,Linear Equations in One Variable 3,"a5 nscanes 'Amanufecturing plant makes 10nch, 9nch, nd 7-inch frying pans, During & certain day, the number of 10-inch frying pans, that the manufacturing plant makes is times the number n of S-nch feying pans it makes, and the number of Tinch frying pans it makes is 10. During this day, the manufacturing plant makes 100 frying pan total. Which equation represents this situation? ‘A. 10(4n) + 9n + 7(10) = 100 8.10n+9n +7 = 100 ©.4n-+10 = 100",,,D.5n +10 = 100,D
ocr-00047,Math,Algebra,Linear Equations,Algebra — Linear Equations,Linear Equations in One Variable 3.pdf,3.16,ac472881,mis acces,,"Be _ 5 (28) Inthe gven equation, sand rare constants and s > 0. fhe equation has infinitely many solutions whats the value of s7",,,403
ocr-00033,Math,Algebra,Linear Equations,Algebra — Linear Equations,Linear Equations in One Variable 3.pdf,3.2,b7e6394d,"oe 32 eres ‘Aan ces an average of 100 mis each Wook. Hi car can wave n erage of 25 mies par galon of gasoline. lan woul ko edves is ‘week expenctre on gasoine by $5. Assuring gasoline costs 88 per Galo, wen equation can ln abe to cetarane now many fewer aera ies he shout ive osch week? 25 ya",aemnes 2 aan ‘,,cm,,D
ocr-00034,Math,Algebra,Linear Equations,Algebra — Linear Equations,Linear Equations in One Variable 3.pdf,3.3,e6cb2402,4,,,,"Dead ss een, | 3(ke +13) = a +36 Inthe ven equaton fs constant. The aqiaton hk soliton Whats the va otk",
ocr-00035,Math,Algebra,Linear Equations,Algebra — Linear Equations,Linear Equations in One Variable 3.pdf,3.4,ae2287e2,"Linear Equations in One Variable 3 36 sezzsred a ‘Acertain product costs a company $65 to make. The product is sold by a salesperson who earns a commission that is equal to 2036 of the sales price ‘of the product. The profit the company makes for each unit is equal to the sles price minus the combined cost of making the product and the ‘commission. If the sales price ofthe product is $100, which of the following ‘equations gives the numberof unis, u, ofthe product the company sold to make @ profit of $6,840? 4, (100(1 ~0.2)-65)u=6 840 8, (100-65)(1-0.8)u=6,840",,,c. 08(100)-65u =6840,,A
ocr-00036,Math,Algebra,Linear Equations,Algebra — Linear Equations,Linear Equations in One Variable 3.pdf,3.5,771bd0ca,,"a 0. (0.2(100) +65) =6 840, 35 7Mbaoea ae 5(t+3)~ 1(¢ +3) = 38 ‘What value of isthe solution to the given equation?",,,,-22
ocr-00037,Math,Algebra,Linear Equations,Algebra — Linear Equations,Linear Equations in One Variable 3.pdf,3.6,90095507,Linear Equations in One Variable 3 36 s0085507 ‘Townsend Realty Group investments Property | Purchase | Monthly rental,address _| price (dollars) | price (dollars) | “me | vesone,,,Driftwood sone Edgemont 70090,B
ocr-00038,Math,Algebra,Linear Equations,Algebra — Linear Equations,Linear Equations in One Variable 3.pdf,3.7,0cb57740,Ea won [we | [ “cae” | “sent [= | oer,a.s201700 enue,,,,B
ocr-00039,Math,Algebra,Linear Equations,Algebra — Linear Equations,Linear Equations in One Variable 3.pdf,3.8,aee9fd2d,"Linear Equations in One Variable 3 38 second W555 = 525, the value of 2 + Gis between which ofthe following pairs of values?",AT and -3 8.-2and2 ©.2and7,b.Band13,,,B
ocr-00040,Math,Algebra,Linear Equations,Algebra — Linear Equations,Linear Equations in One Variable 3.pdf,3.9,3f8a701b,"39 sero The equation 8-+5= ax +6), were and are constants, has no soluons Which ofthe following must be tus? La=g No=5 5 weg",Aone tony €.1and only ©.1and ony,,,,D
ocr-00779,Math,Algebra,Linear Equations,Algebra — Linear Equations,Linear Equations in Two Variables 1.pdf,1.1,ee846db7,"Linear Equations in Two Variables 1 MM cxsceae7 ‘store sells two different-sized containers ofa certain Greek yogurt. The store's sales ofthis Greek yoourt {otaled 1,277.94 dolar last month The equation 5.48z + 7.30y = 1,277.94 represents ths situation, where = isthe number of smaller containers sold and ys the number of lager containers sol, According to the equation, which ofthe following represents the price, n dollars, of each smaller container?",A548 8.7.30y 6.7.30 05.482,,,,A
ocr-00788,Math,Algebra,Linear Equations,Algebra — Linear Equations,Linear Equations in Two Variables 1.pdf,1.1,8adf1335,,AT 8.10 ou 0.16 wo baansas,,"cece Pounds of tangerines “The graph shows the possible combinations ofthe number of pounds of tangerines and lemons that could be purchased for $18 ata certain store. I Melvin purchased lemons and 4 pounds of tangernes fora total of 18, how many pounds of lemons did he purchase?",,B
ocr-00789,Math,Algebra,Linear Equations,Algebra — Linear Equations,Linear Equations in Two Variables 1.pdf,1.11,dd797fe2,Linear Equations in Two Variables 1,am aavorten anya 28 Maco purchesed 4 binders that cost x dllars each and 3 notebooks that,,"cost y dollars each. the given equation represents ths situation, which of the following isthe best interpretation of 24 in this context? ‘A The total cos, in dollars, forall binders purchased £8. The total cos, in dollars, fr all notebooks purchased ©. The total cos, n dolar, fr al binders and notebooks purchased ©. The aiference in the total cost, in dollars, between the number of binders and notebooks purchased",,C
ocr-00790,Math,Algebra,Linear Equations,Algebra — Linear Equations,Linear Equations in Two Variables 1.pdf,1.12,789975b7,"v2 78907507 a ‘A gardener buys two kinds offertlzer. Fertilizer A contains 60% fille materials by weight and Fertilizer 8 contains 40% lr materials by weight. “Together, the fertilizers bought by the gardener contain a total of 240 pounds of file materials. Which equation madels this relationship, ‘where xis the numberof pounds of Fertlizer A and y isthe number of pounds of Fetiizer 8?",A.A +08y=240 8.08x+04y=240 ©. 40x+60y =240 2. 60x +40y=240,,,,B
ocr-00791,Math,Algebra,Linear Equations,Algebra — Linear Equations,Linear Equations in Two Variables 1.pdf,1.13,2554b413,"was 2ssabais OO Inthe xy-plane, a line has a slope of 6 and passes through the point (0,8). Which ofthe folowing is an equation ofthis tine?",Ay= 6x48,B y= 6x48,Cys 6x46,Dy=8x+48,A
ocr-00792,Math,Algebra,Linear Equations,Algebra — Linear Equations,Linear Equations in Two Variables 1.pdf,1.14,52a8ef85,"Linear Equations in Two Variables 1 16 s2enetos “The equation dz + 20y = 160 represents the numberof sweaters, x, and numberof shirts, y that Yesenia purchased for $160. If Yesenia purchased 2 sweaters, how many shirts dd she purchase?",As 84 os 0.40,,,,B
ocr-00793,Math,Algebra,Linear Equations,Algebra — Linear Equations,Linear Equations in Two Variables 1.pdf,1.15,dfa45424,"MS atacsaze ‘Tony spends $20 per month on pubic tansportaton. A 1-tde pass costs $1250, and a singlo-ide pass costs $150. represents the numb of 1o-rde passes Tony buys na month and trepresents the numberof single fide passes Tony buys na month, which ofthe flowing equations best represents the relationship between g and t?",Agtt=80 8.g+t=150+1250 ©.1.509+12.50t = 80 0.12809 +1.50t=80,,,,D
ocr-00794,Math,Algebra,Linear Equations,Algebra — Linear Equations,Linear Equations in Two Variables 1.pdf,1.16,520e6f5b,wan ve] Hoa rine | eg [ents [ [soe [unere| [sos],a,,,,A
ocr-00795,Math,Algebra,Linear Equations,Algebra — Linear Equations,Linear Equations in Two Variables 1.pdf,1.17,b2de69bd,Linear Equations in Two Variables 1,a7 eadecobd [«[y | [2 [7 | [s[e| Le[*] “The table above shows some pairs of x values and y values. Which ofthe following equations coud represent the relationship between x and y? Aiya2eea,,,,A
ocr-00796,Math,Algebra,Linear Equations,Algebra — Linear Equations,Linear Equations in Two Variables 1.pdf,1.18,c5479c1a,,AS a0 13,Byeae2,Cy=ax-t,"D y=5x waa esarve18 [A shipment consists of 5-pound boxes and 10-paund boxes witha total weight of 220 pounds, There are 13 10- ound boxes in the shipment. How many 5-pound boxes ae in the shipment?",D
ocr-00797,Math,Algebra,Linear Equations,Algebra — Linear Equations,Linear Equations in Two Variables 1.pdf,1.19,1efd8202,Linear Equations in Two Variables 1 Question# 1 tas teis202 y= T0248 Which table gives thee valves of 2 and ther coresponding values of yfr the given equation?,ale To [of | [2 [| [+ fas | of= [| [o [7 |,,,,A
ocr-00780,Math,Algebra,Linear Equations,Algebra — Linear Equations,Linear Equations in Two Variables 1.pdf,1.2,5b8a8475,,at ok ok ok,,,,A
ocr-00798,Math,Algebra,Linear Equations,Algebra — Linear Equations,Linear Equations in Two Variables 1.pdf,1.2,b9839f9e,Ls [= | of[= [+] [9 | = | [2 [0 | Ls [2] of = [| [o |} [2 [=| Ls [2a |,,,,,B
ocr-00799,Math,Algebra,Linear Equations,Algebra — Linear Equations,Linear Equations in Two Variables 1.pdf,1.21,f40552a9,Linear Equations in Two Variables 1 Question# 10 in tessa ’ 10 = SCC Ear see 2 | eLLETT TTT TT sLL TT TTT TTT,aLLET TTT TT TT sLET TTT TT TT,,,,D
ocr-00800,Math,Algebra,Linear Equations,Algebra — Linear Equations,Linear Equations in Two Variables 1.pdf,1.22,12ae3452,"2 1 7 +36 10 What the y-intercept of the line graphed? 4.(0,-8) 8.(0,-3) ©.(0,0) 0.(0,8) too paesaee",,,,,14
ocr-00801,Math,Algebra,Linear Equations,Algebra — Linear Equations,Linear Equations in Two Variables 1.pdf,1.23,8b2a2a63,"waz aesas “The equation 46 = 2a + 26 gives the eatlonship between the side lengths a and bot a certain paalilogram. if 4=9, what isthe vale of b? 123 onzazses —_—_ “The yintercept ofthe graph of y= ~Bz ~ S2inthe xy plane is (0,y). Whatis the valve of? 124 saassecs 1m 2010, 2 swim club had a total of 35 swimmers, each classified as either advanced or intermediate. From 2010 to 2020,",,,,,-32
ocr-00802,Math,Algebra,Linear Equations,Algebra — Linear Equations,Linear Equations in Two Variables 1.pdf,1.24,8da536c6,"In 2010, a swim club had a total of 35 swimmers, each classified as either advanced or intermediate. From 2010 to 2020, the number of advanced swimmers in the lub increased by approximately 53%, andthe number of intermediate swimmers in the club increased by approximately 44%, The total numberof swimmers in the club increased by approximately 49%. Which equation best represents ths situation, where a represents the number of advanced swimmers inthe club in 2010, {and b represents the number of intermediate swimmers in the club in 20107 1.584 + 1.49b = 35(1.44) 81.490 + 0.53 = 35(1.44)",,,C.1.53a + 1.44b = 35(1.49),D.1.44a + 1.530 = 35(1.49),C
ocr-00803,Math,Algebra,Linear Equations,Algebra — Linear Equations,Linear Equations in Two Variables 1.pdf,1.25,8a1544f1,Linear Equations in Two Variables 1 125 eatsaan aaa | tt Whats the equation of the tne shownin the lane above?,Ay=3e-3,,,,B
ocr-00804,Math,Algebra,Linear Equations,Algebra — Linear Equations,Linear Equations in Two Variables 1.pdf,1.26,535fa6e6,8 y=-3043 1 oI 3 1 pyrngxes 126 sssiases OO,A2,,,"Davio bought some potatoes and celery. The potatoes cost $0.69 per pound, and the celery cost $0.99 por pound. if Oavio spent $5.34 in total and bought twice as many pounds of celery as pounds of potatoes, how many pounds of celery dd Davo buy?",D
ocr-00805,Math,Algebra,Linear Equations,Algebra — Linear Equations,Linear Equations in Two Variables 1.pdf,1.27,39571c77,2.25,AS B12 ou,"ba 127 snr, Naomi bought both rabbit snails and nerte snail for a total of $52. Each rabbit snail costs $8 and each nerte snail costs $6 if Naomi bouaht 2 nate snails, how many abbit snails did she buy?",c.267,,A
ocr-00806,Math,Algebra,Linear Equations,Algebra — Linear Equations,Linear Equations in Two Variables 1.pdf,1.28,1fe778dc,"Linear Equations in Two Variables 1 128 Yermags | ‘Aline inthe plane has a slope of ~$ and passes through the point (0,8). Which equation represents thi ine?",Ay=-}2-3,By=—d243,cy=4e-s py=4e+3,,B
ocr-00807,Math,Algebra,Linear Equations,Algebra — Linear Equations,Linear Equations in Two Variables 1.pdf,1.29,6a12efbb,"129° atzetyy_— ‘The equation 46 = 2x ++ 2y qjves the perimeter of a rectangular rug that has length in feet, and width y, in feet. The Width of the rug is 8 feet. What is the length, in feet, of the rug? 330 sioazeg@ | {A food truck buys forks for $0.04 each and plates for $0.48 each, The total cost of forks and y plates is $661.76, Which ‘equation represents ths situation?",A. 0.482 — 0.04y = 661.76 8.0.04 — 0.48y = 661.76,,,,15
ocr-00781,Math,Algebra,Linear Equations,Algebra — Linear Equations,Linear Equations in Two Variables 1.pdf,1.3,b23bba4c,"13 basbede Bat4b =25 ‘A shipping company charged a customer $25 to ship some small boxes and ‘some large boxes. The equation above represents the relationship between 2, the numberof small boxes, and b, the number of large boxes, the ‘customer had shipped. If the customer had 3 small boxes shipped, how ‘many large boxes were shipped?",Aa 84,,cs,D6,B
ocr-00808,Math,Algebra,Linear Equations,Algebra — Linear Equations,Linear Equations in Two Variables 1.pdf,1.3,d1042cf8,"©.0.482 + 0.04y = 661.76, 0.0.02 + 0.48y = 661.76","as cxsazder teacher is creating an assignment worth 70 points. The assignment wl consist of questions worth 1 point and ‘questions worth points. Which equation represents tis situation, where represents the umber of I-pint ‘uestons and yrepresents the number of 8-oint questions? Adey=70 8.4(e+y) =70",,C.32+y=70,Deter”,D
ocr-00809,Math,Algebra,Linear Equations,Algebra — Linear Equations,Linear Equations in Two Variables 1.pdf,1.31,029c2dc2,,,,,D.e+3y=70,D
ocr-00810,Math,Algebra,Linear Equations,Algebra — Linear Equations,Linear Equations in Two Variables 1.pdf,1.32,39617468,"Linear Equations in Two Variables 1 tz or6e e+y=350 “The given equation relates the total number of maple tees, z, andthe total number of birch trees, planted in @ -acre forest preserve. If 245 maple trees were planted in the forest preserve, how many birch trees were planted inthe forest preserve?",Ald 8.25 6.105 0.245,,,,C
ocr-00811,Math,Algebra,Linear Equations,Algebra — Linear Equations,Linear Equations in Two Variables 1.pdf,1.33,cea27ab2,ety at rere geneuntion wehbe es ee nef # ant coetpndng ae of? (= Tete Ts] Lo [= [= [ss],a[+{e]+Ts | ef = | [3] |,,,,A
ocr-00812,Math,Algebra,Linear Equations,Algebra — Linear Equations,Linear Equations in Two Variables 1.pdf,1.34,4d8ccb96,"os ee of = [= [[ | 136 sccas6 ‘chemist studying the impact of salt on a process mixes = kilograms of low-salt mixture, which is 2% salt by weight. with ‘kilograms of a high-salt mixture, which is 96% sat by weight, to create 24 Kiograms of a mixture that is 4% salt by ""weight Which equation represents ths situation? 0.962 + 0.02y = (0.04)(24)",,B.0.02x + 0.96y = (0.04)(24),,,B
ocr-00782,Math,Algebra,Linear Equations,Algebra — Linear Equations,Linear Equations in Two Variables 1.pdf,1.4,87322577,"we arszsr xty=75 ‘The equstion above relates the number of minutes, x, Maria spends running ‘each day and the number of minutes, y, she spends biking each dy. Inthe ‘equation, what does the number 75 represent? [A The number of minutes spent running each day 8. The number of minutes spent biking each day (©. The total number of minutes spent running and biking each day . The number of minutes spent biking foreach minute spent running",,,,,C
ocr-00783,Math,Algebra,Linear Equations,Algebra — Linear Equations,Linear Equations in Two Variables 1.pdf,1.5,c6b151d4,"Linear Equations in Two Variables 1 1S esse ‘total of 364 paper straus of equal lenoth were used to construct two types of polygons Wiangles and rectangles. The triangles and rectangles were constructed so that no two polygons had a common sie. The ‘equation Sz + dy = 364 represen this stuation, where isthe number of iangles constructed and ys the number of rectangles constructed. Whats the bestnteraretation of (2, y) = (24,78) inthis context?","A. IV 24 triangles were constructed, then 73 rectangles were constructed. 8.124 tiangles were constructed, then 73 paper straws were used. ©.1F78 tiangles were constructed, then 24 rectangles were constructed. .1F 78 triangles were constructed, then 24 paper straws were used.",,,,A
ocr-00784,Math,Algebra,Linear Equations,Algebra — Linear Equations,Linear Equations in Two Variables 1.pdf,1.6,8c98c834,"le sconces el “The equation y = 0.1x madels the relationship between the number of ifferent pieces of music certain pianist practices, y, during an x-minute practice session. How many pieces did the pianist practice ifthe session lasted 20 minutes?",Ad 83,,c.10 3.20,,B
ocr-00785,Math,Algebra,Linear Equations,Algebra — Linear Equations,Linear Equations in Two Variables 1.pdf,1.7,b2845d88,2 amseos i ic of th follming ian eauaton ofthe graph shown inte -pane sore?,ane ala 4e,Bysne-4 aot ry,,Dy nt=t,A
ocr-00786,Math,Algebra,Linear Equations,Algebra — Linear Equations,Linear Equations in Two Variables 1.pdf,1.8,b450ab03,Linear Equations in Two Variables 1 1s besoebos — ‘An employee ata restaurant prepares sandniches and salads It takes the employee 1.5 minutes to prepare @ sanduich and 1.9 minutes to prepare a salad. The employee spends a total of 46.1 minutes preparing = sandwiches and y salads. Which equation represents this situation?,ALG + 1.5y = 46.1 8.152 +1.9y = 46.1,,Cety=461 0.80.7e + 24.8y = 46.1,,B
ocr-00787,Math,Algebra,Linear Equations,Algebra — Linear Equations,Linear Equations in Two Variables 1.pdf,1.9,8368afd1,19 sseaaten y wpe ett tt PS Rt spot e Sere eet,a 2 a,Boose et 2 oS eS te 3 Meee eee eS oe oe 3 eS a é oo 5 Pt [or or oo oo f———1}_| +4,,,B
ocr-00504,Math,Algebra,Linear Equations,Algebra — Linear Equations,Linear Equations in Two Variables 2.pdf,2.1,002dba45,"Linear Equations in Two Variables 2 21 oaasbacs - Line is defined by y= —1Z2 +5 Line jis perpendicular to line kin the xy-plane. Whats the stope of ine j? 22 scrmus (0n @210-mile trp, Cameron drove at an average speed of 60 miles por hour forthe first x hours. He then completed the tp, driving at an average speed of 60 miles per hour forthe remaining y hours. X= 1, whats the",,,,,2.2
ocr-00513,Math,Algebra,Linear Equations,Algebra — Linear Equations,Linear Equations in Two Variables 2.pdf,2.1,9ed4c1a2,240 sedecas | Whatis the slope ofthe graph of y= #(272 + 15) +72 inthe y-pane?,"an toesest Aline passes though he point (4,6) ane (15,24) inthe xyplane. What is the slope of the ine?",,,,13.75
ocr-00514,Math,Algebra,Linear Equations,Algebra — Linear Equations,Linear Equations in Two Variables 2.pdf,2.11,fb43b85f,,,,,,
ocr-00515,Math,Algebra,Linear Equations,Algebra — Linear Equations,Linear Equations in Two Variables 2.pdf,2.12,400798d6,"Linear Equations in Two Variables 2 212 doorseds | 2 +y=37 Intriangle QRS, sides QR and RS each havea lenath of z centimeters and side SQ has a lenath of y centimeters. The iven equation represents this situation. Which of the folowing isthe best interpretation of 37 in this context? ‘A The difference in centimeters, between the lengths of sides QR and SQ 8. The difference. in centimeters, between the lengths of sides QR and RS ©. The sum ofthe lengths, n centimeters, ofthe thee sides ofthe triangle ©. The length, in centimeters, of one ofthe two sides of equal length",,,,,C
ocr-00516,Math,Algebra,Linear Equations,Algebra — Linear Equations,Linear Equations in Two Variables 2.pdf,2.13,ca452900,"218 cassax0q_, ————— What isthe slope ofthe graph of y = $F — 23 in theayplane? 2x ezeterr3 ‘total of2 squares each have sie length total of 6 equilateral tangles each heve side length . None of these squares","and tlangles shares aside. The sum ofthe perimeters of al these equares and tangles is 210, Which equation represents this stuaton? A.Or-+24t = 210",,,,2.14
ocr-00517,Math,Algebra,Linear Equations,Algebra — Linear Equations,Linear Equations in Two Variables 2.pdf,2.14,62ef6f73,eT aa ee,"as esromaz Oe 2.5b + 5r = 80 ‘The given equation describes the relationship between the numberof beds 5 andthe number af reptiles, that ‘can be cared for ata pet care business ona given day. If the business cares for 16 reptiles ona given day, how ‘many birds can it care for on ths day? a0 BS",B.2r+6t= 210,c.8r-+18¢ = 210,D.6r+2t=210,C
ocr-00518,Math,Algebra,Linear Equations,Algebra — Linear Equations,Linear Equations in Two Variables 2.pdf,2.15,637022d2,85,,,c.40 2.80,,A
ocr-00519,Math,Algebra,Linear Equations,Algebra — Linear Equations,Linear Equations in Two Variables 2.pdf,2.16,c307283c,Linear Equations in Two Variables 2 Question# 1D 216 comme y Tt sre Pe so rs,"as Pre es Seep “ESS PY 246 810"" 8 es eS",,,,C
ocr-00520,Math,Algebra,Linear Equations,Algebra — Linear Equations,Linear Equations in Two Variables 2.pdf,2.17,00b9bd37,{ {ft a+} ff,ay a es Po ees ps ‘What an equation ofthe graph shown? Aya-2e-8 ayse-8,,cys-2-8,Dy=2e-8 rrr,B
ocr-00521,Math,Algebra,Linear Equations,Algebra — Linear Equations,Linear Equations in Two Variables 2.pdf,2.18,c39dbbdf,Linear Equations in Two Variables 2 21 cobeet Line ris defined by the equation dar ~ 9y = 3. Line is parallel to in rin the -plane. What is the slope of ine 6?,at,Bg on4 3-9,,,B
ocr-00522,Math,Algebra,Linear Equations,Algebra — Linear Equations,Linear Equations in Two Variables 2.pdf,2.19,0d1b1e35,"219 osteiess ‘Abateh of banana milkshakes consists of 4 cups of ice cream ané 2 bananas and has 1,114 milligrams (mg) of ealeium. ‘There is 276 mig of calcium in 1 cup of the ice cream used to make this batch of mikshakes. How much calcium, in mg, is in Lbanana?","AS 8.10 419 51,104",,,,A
ocr-00505,Math,Algebra,Linear Equations,Algebra — Linear Equations,Linear Equations in Two Variables 2.pdf,2.2,9c7741c6,[=| | [eon |,,,,,3
ocr-00523,Math,Algebra,Linear Equations,Algebra — Linear Equations,Linear Equations in Two Variables 2.pdf,2.2,df78b361,"20 ames, Lily made 36 cups of jam. Lily then filled x small containers and y large containers with all the jam she made. The equation 4 + Gy = BB represents this station, Whchis the best interpretation of By inti conte?",A-The number of lage containers Ly filed 8. The numberof al containers Lyle The total number of cup of jam nthe age containers ©. The toa umber of cps of jam nthe smal containers,,,,C
ocr-00524,Math,Algebra,Linear Equations,Algebra — Linear Equations,Linear Equations in Two Variables 2.pdf,2.21,606cdce7,Linear Equations in Two Variables 2,aa cosedee7 [=s | 6 | [3 [8 | The table shows four values of and their corresponding values of y. There is ainear relationship between and y. Which ofthe following equations represents ths eationship? Oe + 8y= MI,,,,A
ocr-00525,Math,Algebra,Linear Equations,Algebra — Linear Equations,Linear Equations in Two Variables 2.pdf,2.22,7625073d,8924 3y=3,,,c.8r+9y= 141,"D3r+9y=3 222 easo7sa ‘The equation 7g + 7b = 840 represents the number ofbve tes, , and the number of green tiles, g, an artist needs for an ‘840 -squaresnch tile project. The artist needs 71 blue ties for the projec, How many green tles does he need?",49
ocr-00526,Math,Algebra,Linear Equations,Algebra — Linear Equations,Linear Equations in Two Variables 2.pdf,2.23,3c03cbd8,"223 seoscbds [A certain township consists ofa S-hectare industrial park and a 24chectare neighborhood. The total numberof trees inthe township is 4,529. The equation 5a: + 24y = 4,529 represents ths situation. Which of the following isthe best interpretation of inthis context? ‘A The average number of tees per hectare in the industrial park",,B. The average number of trees per hectare inthe neighborhood . The total numberof tees in the industrial park . The total number of trees inthe neighborhood,,,A
ocr-00527,Math,Algebra,Linear Equations,Algebra — Linear Equations,Linear Equations in Two Variables 2.pdf,2.24,1087f6c4,"226 W874 24.52 + 24.75y = 641 Isabel ordered topsoil and crushed stone, which cost a total of $641, for her garden. The given equation represents the ‘elationship between the numberof cubic yards of topsoil, 2, andthe number of tons of crushed stone, y, Isabel ordered, How much more, in dallars, did a ton of crushed stone cost Isabel than a cuble yard af topsoil?",,,,,0.25
ocr-00528,Math,Algebra,Linear Equations,Algebra — Linear Equations,Linear Equations in Two Variables 2.pdf,2.25,9b0a4eae,Linear Equations in Two Variables 2 225 sboadene 2 OEE Tet,,BCC 16-ES EEE,CEREECE EEE CEES eet ECP RECEEE EEE 1eEECS ee ECCCEPSEEEEE Eee ret roe EEE ECC ECCS Eee rt see Nt CCCP et eee eset,,C
ocr-00506,Math,Algebra,Linear Equations,Algebra — Linear Equations,Linear Equations in Two Variables 2.pdf,2.3,d62ad380,,APaas+10 10 a Patter 10,,"Clan 3,4 oP 708-70 24 cscs Inan article about erercs, itis estimated that 10-pound aduit uses 200 Calais fr every 30 minutes of hiking and 160 clos fr overy 50 minutes of biycing. An adult who weighs 160 pounds has completed",,C
ocr-00507,Math,Algebra,Linear Equations,Algebra — Linear Equations,Linear Equations in Two Variables 2.pdf,2.4,431c3038,ke ose toa 1900 calories fom beylng and hing?,Ags 3.075 es oa,,,,D
ocr-00508,Math,Algebra,Linear Equations,Algebra — Linear Equations,Linear Equations in Two Variables 2.pdf,2.5,265f2a53,"Linear Equations in Two Variables 2 2s zostzass ‘When ine is graphed inthe xy-plane it hasan xintorcept of (~4,0) anda y-intercept of (0, ). What i the slope of ine n?",Ak as oF 0,,,,C
ocr-00509,Math,Algebra,Linear Equations,Algebra — Linear Equations,Linear Equations in Two Variables 2.pdf,2.6,f81a0503,"26 feeses Inthe xy-plane, nek passes through the points (0, ~8) and (1, —1). Which equation detines line k?",ays-etd aya fons,,Cys-et4,Dy=4e-5 27 zczzsst,D
ocr-00510,Math,Algebra,Linear Equations,Algebra — Linear Equations,Linear Equations in Two Variables 2.pdf,2.7,28c2253f,"Rock type 3, (bjt) pound [east | ses | sno | [imesone| mo | s209_—|",,,,,C
ocr-00511,Math,Algebra,Linear Equations,Algebra — Linear Equations,Linear Equations in Two Variables 2.pdf,2.8,2e1a7f66,Linear Equations in Two Variables 2 28 2ewries Figure A and figure 8 are beth reguar polygons. The sum ofthe perimeter of figure A and the perimeter of figure,,"Bis 63 inches. The equation kz + Gy = 63 represents this station, where is the number of sides of igure A {and vis the number of sides of figure B. Which statement isthe best interpretation of Gin this context? {Each sie of igure B has length of 6 inches, 8. The numberof sides of figure Bis 6. ©. Each side of igure A has a length of 6 inches. . The number of sides of ie Ais 6",,,A
ocr-00512,Math,Algebra,Linear Equations,Algebra — Linear Equations,Linear Equations in Two Variables 2.pdf,2.9,6f6dfe3e,[= [ere],a i,,,,A
ocr-00678,Math,Algebra,Linear Equations,Algebra — Linear Equations,Linear Equations in Two Variables 3.pdf,3.1,3cdbf026,"Linear Equations in Two Variables 3 31 xeab(025 “The graph ofthe equation ax-+hy = Bi alin in tho xy-plane, where a and",An? 8-1 2 03,,"care constants. If the tine contains the points (~2,~6)and (0, ~3), what is the value of k?",,A
ocr-00687,Math,Algebra,Linear Equations,Algebra — Linear Equations,Linear Equations in Two Variables 3.pdf,3.1,a1fd2304,10 attaxs04 How many ters of a 25% saline solution must be added to 3 liters of a 10% saline solution to abtain 2 15% saline solution?,,,,,1.5
ocr-00688,Math,Algebra,Linear Equations,Algebra — Linear Equations,Linear Equations in Two Variables 3.pdf,3.11,49800634,"Linear Equations in Two Variables 3 Question# 1D gn csa008se ‘The table shows two values of x and their coresponding values of. n the x-plane, the graph ofthe linear equation representing this relationship passes through the point (}, a). Whats the value of a?",aot,Be,cfd,,D
ocr-00689,Math,Algebra,Linear Equations,Algebra — Linear Equations,Linear Equations in Two Variables 3.pdf,3.12,5b7599a6,oT,a2 tome ?,BEEETESE ¢EUEEEEEEE EEE EECCA EEEEEEESAR EEE ELSES Peet EEEEEEEES REECE EEE,CECE EER Eee et,,C
ocr-00690,Math,Algebra,Linear Equations,Algebra — Linear Equations,Linear Equations in Two Variables 3.pdf,3.13,184ce5aa,Linear Equations in Two Variables 3 Question# 1D 318 teheessg Line his defined by La + Fy ~ 70 =O. Line jis perpendicular tine hin the xy-plane. Whats the slope of ine 7?,at,B-$ oF °F,,,D
ocr-00691,Math,Algebra,Linear Equations,Algebra — Linear Equations,Linear Equations in Two Variables 3.pdf,3.14,d0e614a6,J+ y= T Which table gives tre values of and their corresponding values of y forthe given equation?,ay He,,,,D
ocr-00692,Math,Algebra,Linear Equations,Algebra — Linear Equations,Linear Equations in Two Variables 3.pdf,3.15,9bbce683,Linear Equations in Two Variables 3 Question# 1D 315 sbce6as [=Ts | [2s 0] [25 [1] Forlne hte table shows three values of and their corresponding values oy. Line Kis the result of transiting line down 5 units inthe xy-plane. What is the x-intercept of ine K?,"A(- 3,0) 8. (— 3,0)",,,,D
ocr-00693,Math,Algebra,Linear Equations,Algebra — Linear Equations,Linear Equations in Two Variables 3.pdf,3.16,2d54c272,"e(- 3,0 0.(- 2,0) mie sez 5G-+45R = 380 ‘a school fa, students can win colored tokens that are wrth a dflerntrumber of points depending onthe",,,color One student won G green tokens and Fred tokens worth foal of 380 points. The given equation represents this situation. How many more points 2rd token worth hana green token?,,40
ocr-00694,Math,Algebra,Linear Equations,Algebra — Linear Equations,Linear Equations in Two Variables 3.pdf,3.17,b9835972,"se seat |< ‘The graph of 7x + 2y = —31 in the zy-plane has an 2-intercept at (a, 0) and a y-intercept at (0,), where a ‘and bare constants. What isthe value of £7",a-4,,,,24
ocr-00695,Math,Algebra,Linear Equations,Algebra — Linear Equations,Linear Equations in Two Variables 3.pdf,3.18,94b48cbf,OF,,,,,D
ocr-00696,Math,Algebra,Linear Equations,Algebra — Linear Equations,Linear Equations in Two Variables 3.pdf,3.19,05bb1af9,Linear Equations in Two Variables 3 Question# 1 319 sponta y,,BREE OHHH SEeeSEEEYS coSEEEREEE EEE EEE EEE eet PoC EEE ret ==ee5nn0 75 00SReEE PRS PEERS SSE,CeCe eset PEE eee “WTS Te Pe rere EEE ECE fe Eat,,A
ocr-00679,Math,Algebra,Linear Equations,Algebra — Linear Equations,Linear Equations in Two Variables 3.pdf,3.2,fdee0fbf,"32 faeeoth inthe x-plane, ine kintersects the y-axis tthe point 0, ~6) and passes through the point (2,2). the point (20, w) lis on ine what the valve ow? 33° obécbads artby=b",,,,,74
ocr-00697,Math,Algebra,Linear Equations,Algebra — Linear Equations,Linear Equations in Two Variables 3.pdf,3.2,abcd0004,"Pee ECE EE PEE eee ECE PEC eee PEPER ‘The graph of y= f(2) + 14s shown, Which equation defines function f2",Af(e)= 2-12 8.flz)=—t2416 ©.fla)=-4242,,,D.fla)=-}2—14,B
ocr-00698,Math,Algebra,Linear Equations,Algebra — Linear Equations,Linear Equations in Two Variables 3.pdf,3.21,db422e7f,"320, peaooo, Qe+ 3y=7 10x + 15y = 35, ® G75 +98)",,,,,0.5
ocr-00699,Math,Algebra,Linear Equations,Algebra — Linear Equations,Linear Equations in Two Variables 3.pdf,3.22,6d8ad460,Linear Equations in Two Variables 3 Question# © saz edeaseco 7 1 PUT NET TT. -10-9 -8 -7 -6' OT PPT TINT PPT IN iT PTT TTT Na TTT TTT TT Ng PPT rrr rr iN hd,,,,,1.2
ocr-00680,Math,Algebra,Linear Equations,Algebra — Linear Equations,Linear Equations in Two Variables 3.pdf,3.3,0b46bad5,hoes are) Pa EN ot =,,,,,C
ocr-00681,Math,Algebra,Linear Equations,Algebra — Linear Equations,Linear Equations in Two Variables 3.pdf,3.4,c362c210,Linear Equations in Two Variables 3 Me seni Number of Cornfhwery and Walhoners SEE SEER,ae (tos ‘The points plated nthe coordinate plane above represent the posse,,,,1.5
ocr-00682,Math,Algebra,Linear Equations,Algebra — Linear Equations,Linear Equations in Two Variables 3.pdf,3.5,98d3393a,"TRETEAIES OF EERE BNE OOTESRER CNEL SORNECING OE. UY Of Ere Garden Store in order to spend exactly $24.00 total on the two types of flowers. The price of each walfiower is the same and the price of each ‘corflower is the same. What isthe price, in dollar, of 1 corflower? 3S 96dss050 Oe Line ¢ in tho xy-plane is perpendicular tothe line with equation X= 2. Whats the siope of ine ¢?",Ao = a2 an,,,,A
ocr-00683,Math,Algebra,Linear Equations,Algebra — Linear Equations,Linear Equations in Two Variables 3.pdf,3.6,0366d965,,,,,,30
ocr-00684,Math,Algebra,Linear Equations,Algebra — Linear Equations,Linear Equations in Two Variables 3.pdf,3.7,c4ea43ef,"Linear Equations in Two Variables 3 Question# 1 37 cient 7 “o.sera mona for college, Avery work wo part-time jabs: Aand 8. She earns $10 per hour working at ob A and $20 por hour working ato Bn ‘one week, Avery eared a total of s dlrs for working tthe wo part-time Jobs, The orp above represents ll possible combinations of umbers of hours Avery could have worked at he twojobs to ear dlrs. ha isthe values?",Ane,,,,B
ocr-00685,Math,Algebra,Linear Equations,Algebra — Linear Equations,Linear Equations in Two Variables 3.pdf,3.8,cb58833c,,A128 2.160 ¢.200 0.320 38 ctsonse 4 ‘The ne wth the equation 5 ~*3Y ~ Vis graphed in the y-plane. What is tne coordinate ofthe sntercep ofthe ne?,,,,1.25
ocr-00686,Math,Algebra,Linear Equations,Algebra — Linear Equations,Linear Equations in Two Variables 3.pdf,3.9,a7a14e87,"39 sees Inthe xy-plane, ne kis defined by x-+y =: Line perpendicular tone",and the y-ntrcepto ine is (033). Which of the following isan equation oft 2 Axty=3,Bxty=-3,Cx-ya3,Dx-y=-3,D
ocr-00056,Math,Algebra,Linear Functions,Algebra — Linear Functions,Linear Functions 1.pdf,1.1,84664a7c,"Linear Functions 1 1 aessare OO “The front ofa roller-coaster car is atthe bottom ofa hill andis 15 feet ‘above the ground. Ifthe front of the roller-coaster carrises ata constant rate of 8 feet per second, which ofthe following equations gives the height 1 in fet, ofthe front ofthe roller-coaster car s seconds aftr it starts up the hil",Ah=B5415 335 pha tsta 335 ohn estae,,,,A
ocr-00065,Math,Algebra,Linear Functions,Algebra — Linear Functions,Linear Functions 1.pdf,1.1,255996a6,"wo 25589606 T=1,000+18h In the equation above, T represents Brittany's total take-home pay, in",,bee,css,"dollars, for her frst week of work, where f represents the number of hours ‘she worked that week and 000 represents a sign-on bonus. if Brittany's total take-home pay was $1576, for how many hours was Brittany paid for hor first week of work? 16 8.32",B
ocr-00066,Math,Algebra,Linear Functions,Algebra — Linear Functions,Linear Functions 1.pdf,1.11,a1696f3e,"in wet, | ———_ “The function gi ened ae ot) = 5x a wheres is constant 9(4)=31, what is the value of a7",A30 3.22 ott 2.23,,,,C
ocr-00067,Math,Algebra,Linear Functions,Algebra — Linear Functions,Linear Functions 1.pdf,1.12,13909d78,memes ‘The function is defined by the equation f(z) = 100z + 2. What is the value of f(z) when 2 = 9?,AML 8.118,,c.900 0.902,,D
ocr-00068,Math,Algebra,Linear Functions,Algebra — Linear Functions,Linear Functions 1.pdf,1.13,de6fe450,"Linear Functions 1 Us desteaso (On January 1, 2016, a city’s minimum hourly wage was $9.25. wil increase",,"by $0.50 on the frst day of the year forthe next years. Which of the following functions best models the minimum hourly wage, in dollars, x ‘years after January 1, 2015, where x=1, 2, 3,4,5? 4 fl) =925-050x 8. fix) = 825x050 ©. fix) =925+050x ©. fix) =925x +050",,,C
ocr-00069,Math,Algebra,Linear Functions,Algebra — Linear Functions,Linear Functions 1.pdf,1.14,cee5b352,"tg coosessz ne ‘The lenath,y, of a white whale was 162 centimeters (em) when it was born and increased an average of 4.8 cm per month forthe first 12 months after it was bom. Which equation best represents this situation, where isthe ‘numer of months after the whale was born and yi the length, in em, of the wale?",A.y= 1622 8. y= 162e +162,,Cy = 480 +48,D.y= 480 +162,D
ocr-00070,Math,Algebra,Linear Functions,Algebra — Linear Functions,Linear Functions 1.pdf,1.15,81390d6c,"me eS aw ation iti y A(z) = + 20, Wats the value of (50)?","A200 2.250 10.00 050,200",,,,B
ocr-00071,Math,Algebra,Linear Functions,Algebra — Linear Functions,Linear Functions 1.pdf,1.16,2eef7e61,Linear Functions 1 Question# 1 tie eres ; “The oaph ofthe funtion fis alinein the planet thelinehes slope &,"and f(0)=3, which of the following defines f? 3 a fod=fx-3 9 fod= x43 ©.fi)=4x-3",,,D. fix)=4x+3,B
ocr-00072,Math,Algebra,Linear Functions,Algebra — Linear Functions,Linear Functions 1.pdf,1.17,0ea7ef01,"Lia Milteali teal wos y 1,000 300 2 800 2 700 = 600:",,,,,C
ocr-00073,Math,Algebra,Linear Functions,Algebra — Linear Functions,Linear Functions 1.pdf,1.18,1ecaa9c0,"Linear Functions 1 ue tecaaseo Robert rented a truck to transport materials he purchased from a hardware store, He was charged an intial fee of $20.00 plus an additional $0.70 per mile driven. ifthe truck was driven 38 miles, what was the total amount Robert was charged?","A. $46.60 8. $5290 ©. $66.00 0, $86.50",,,,A
ocr-00074,Math,Algebra,Linear Functions,Algebra — Linear Functions,Linear Functions 1.pdf,1.19,8643d906,"tg Be«za206 P()=250+108 “The population of snow leopards ina certain area can be modeled by the function detined above, where P(t) isthe population t years after 1990, ‘Of the folowing, which isthe best interpretation ofthe equation P(30)=550 7 [A The snow leopard population in this area is predicted to be 30 in the year 2020. 6, The snow leopard population in this area is predicted to be 30 inthe year 2030.",,,"C. The snow leopard population inthis area is predicted to be 860 inthe year 2020, 1. The snow leopard population inthis area is predicted to be $60 inthe year 2030,",,C
ocr-00057,Math,Algebra,Linear Functions,Algebra — Linear Functions,Linear Functions 1.pdf,1.2,06fc1726,,As z,By,ca,"Dh=t5s+8 12, cerns OO 2x1 If Fis the function defined by’ Fe) 3 whats the value of £05)? 4",C
ocr-00075,Math,Algebra,Linear Functions,Algebra — Linear Functions,Linear Functions 1.pdf,1.2,a8e6bd75,Linear Functions 1 120 asesbars ‘Which ofthe following fs the graph ofthe equation y=2x-S inthe xy-plane?,A 8.,,,,D
ocr-00076,Math,Algebra,Linear Functions,Algebra — Linear Functions,Linear Functions 1.pdf,1.21,fe6f9678,Renter,,,,,C
ocr-00077,Math,Algebra,Linear Functions,Algebra — Linear Functions,Linear Functions 1.pdf,1.22,930c2990,Linear Functions 1 queiont © thehyrogen ten ttmperte es hei y 12. Pree ree EEE EECCA @ SCC eee 2 SCO,,,,,C
ocr-00078,Math,Algebra,Linear Functions,Algebra — Linear Functions,Linear Functions 1.pdf,1.23,d11910d6,Linear Functions 1,"auesion# 1 ase , r Scoot ero PO AURHEEEEE Stroy Ta 4",,,,C
ocr-00079,Math,Algebra,Linear Functions,Algebra — Linear Functions,Linear Functions 1.pdf,1.24,fe287f7e,"Hitt ea PET eer TTT my fo LITT, tae ea Tels ‘The raph of themes function fis shown, Whatisthe intercept ofthe graph of y = f(z)?","A(-5,0) 8.(2,0) ©. (0,2) 2.(0,-5)",,,,C
ocr-00080,Math,Algebra,Linear Functions,Algebra — Linear Functions,Linear Functions 1.pdf,1.25,4702da8f,126 exer. To repair a refgerator a technician charges 860 per hour for ler plus $120 for parts. Which function f represents the total,"amount in dolar, the technician willcharge fortis job if it takes = hours? A fla) = 24 120 8. f(2) = 602 ©. f(a) = 60e + 120 0. f(z) = 602 ~ 120",,,,B
ocr-00081,Math,Algebra,Linear Functions,Algebra — Linear Functions,Linear Functions 1.pdf,1.26,b51c173d,"Linear Functions 1 Question# 1 126 tsag_§ For the linear function f, the graph ofy = f(2) in the plane has a slope of 2 and has a yintersept at (0,5). Which equation defines f?",Af) = 42-5 8 f(e)=-32—5 ©. fle) =-22-5 0.fla)=22-5,,,,D
ocr-00082,Math,Algebra,Linear Functions,Algebra — Linear Functions,Linear Functions 1.pdf,1.27,27198699,"1272790699, | 's part a science project on evaporation, Amaya measured the height of aliquid in a container over @ period of time. The function f(2) = 33 — 0.182 gives the estimated height, in centimeters (cm) ofthe liquid inthe container days ater the star of the project. Which ofthe folowing is the best interpretation of 83in this context? 'A-The estimated height in em, ofthe liquid atthe start ofthe project 8. Theestimated height, n cm, ofthe quid atthe end ofthe project . The estimated change inthe height, nm, of the liquid each day ©. The estimated number of days for allof the liquid to evaporate",,,,,A
ocr-00083,Math,Algebra,Linear Functions,Algebra — Linear Functions,Linear Functions 1.pdf,1.28,0d6ab461,"“eee Gabriella deposits $35 in a savings account at the end of each week. At the beginning of the 1st week of a year there was ‘$600 in that savings account. How much money, in dollars, will be in the account at the end of the 4th week of that year?",A400 2.695,,c.039 0-740,,D
ocr-00084,Math,Algebra,Linear Functions,Algebra — Linear Functions,Linear Functions 1.pdf,1.29,6efcc0a3,"uwrrLrlrlUre In the linear function h, h(0) = 41 and h(1) = 40. Which equation defines h?",Aha) = =e 441,B. h(x) = —x,C.h(x) = 41x b.h(e) = a1,,A
ocr-00058,Math,Algebra,Linear Functions,Algebra — Linear Functions,Linear Functions 1.pdf,1.3,6863c7ce,,"a=160 The given equation represents the distance dn inches, where #recesents the number of seconds since an ‘object started moving. Which ofthe folowing isthe best interpretation of 16 in this context? ‘A. The object moved a total of 16 inches. 8. The object moved a total of 16 inches. ©. The objects moving ata rate of 16 inches per second . The objet is moving at arate of 7 inches per second",,,Ds 13 cneacree a,C
ocr-00085,Math,Algebra,Linear Functions,Algebra — Linear Functions,Linear Functions 1.pdf,1.3,a73a5c22,Linear Functions 1 130 arsasczz ‘The function g is defined by g(2) = 10x + 8. what is the value of g(x) when z = 8?,AO a8,,c.10 2.88,,D
ocr-00086,Math,Algebra,Linear Functions,Algebra — Linear Functions,Linear Functions 1.pdf,1.31,0eae6be1,“ cues ‘The number y is 84 less than the number «. Which equation represents the relationship between z and y?,aus de 132 9039591 re,,,,D
ocr-00087,Math,Algebra,Linear Functions,Algebra — Linear Functions,Linear Functions 1.pdf,1.32,a9039591,"L2 [3 | For the lnear function f, the table shows three values of = and their corresponding values of f(z). Which ‘equation defines f(z)?",A Sia) =32+29 8. fla) = 202 +32 ©. fla) = 352 +20 0. f(a) = 522-436,,,,A
ocr-00088,Math,Algebra,Linear Functions,Algebra — Linear Functions,Linear Functions 1.pdf,1.33,a4d6fbec,"Vas asafbec Hy = 5x +10, whats the value of y when 2 = 8?",,,,,50
ocr-00089,Math,Algebra,Linear Functions,Algebra — Linear Functions,Linear Functions 1.pdf,1.34,a396ed75,"Linear Functions 1 Question# 1 134 sssceurs For araining program, Juan rides his bike at an average at of 6.7 minutes per mile. Which functon m models ‘the number of minutes it wil take an to rde x miles at this rate?",A.m(2) = ee 8.m(z) = 245.7,,C.m{z) = 2-57,D.m(z) = 5.72,D
ocr-00090,Math,Algebra,Linear Functions,Algebra — Linear Functions,Linear Functions 1.pdf,1.35,1993561d,"TRE esee Forte near uncon f.the graph ofy = 2) nthe nyplane has a slope of and passes tough the pont (0,8). Which eqution defines f?",Affa)=4245,Bf(@)=4e+h F(a) = 42-5 o.f{a) = 42-5,,,A
ocr-00091,Math,Algebra,Linear Functions,Algebra — Linear Functions,Linear Functions 1.pdf,1.36,97eab129,"2,520 4,536 [S00 | eore |","A fla) = 0.62 ©. fla) = 2,268 f(a) = 45362","buildings. The table shows the relationship between the area 2, in square feet, ofa roof and the amount of water f(z), in gallons, drained from the roof into the gutters over a certain period of time. Which equation could define f?",,,B
ocr-00092,Math,Algebra,Linear Functions,Algebra — Linear Functions,Linear Functions 1.pdf,1.37,9d9fe1e6,"Linear Functions 1 137 ssteie6 In science class, Diego conducted an experiment to learn about evaporation. Diego measured the height of Nuid in a beaker ‘over a period of time, The function f (ar) = 39 ~ 0.18 gives the estimated height, in centimeters (cm), ofthe fluid in the",,"beaker days after the start ofthe experiment. Which ofthe following is the best interpretation of 39 inthis context? ‘A. The estimated height, in cm, of the uid at the start ofthe experiment B. The estimated height, in cm, of the fuid atthe end of the experiment The estimated change in the height, in cm, ofthe fluid each day . The estimated number of days forall he uid to evaporate",,,A
ocr-00093,Math,Algebra,Linear Functions,Algebra — Linear Functions,Linear Functions 1.pdf,1.38,7b17f86a,,ase 7etase f(a) = 2+ 4 The function fs defined by the given equation. Whatis the value of f(z) whene = 2 139 fect ‘The function fis defined by f(2) = zh +55. What iste value of f(20)?,,,,1
ocr-00094,Math,Algebra,Linear Functions,Algebra — Linear Functions,Linear Functions 1.pdf,1.39,7fac16fb,,,,,,69
ocr-00059,Math,Algebra,Linear Functions,Algebra — Linear Functions,Linear Functions 1.pdf,1.4,bf36c815,Linear Functions 1 Question 1D 16 faeces OO ‘The function gis defined by gle) = —x-+8. Wihat isthe value of (0)?,a8,Bo a4 2 8,,,D
ocr-00060,Math,Algebra,Linear Functions,Algebra — Linear Functions,Linear Functions 1.pdf,1.5,3f5375d9,Pests anit pee + EASE,,,,,A
ocr-00061,Math,Algebra,Linear Functions,Algebra — Linear Functions,Linear Functions 1.pdf,1.6,13294295,Linear Functions 1 Question# 1D y ————— — 2 ———— 2 —— Ol —— 2 —— a & wof—-—— Ft 2 sof —+ A SS — ——— rt,,,,,B
ocr-00062,Math,Algebra,Linear Functions,Algebra — Linear Functions,Linear Functions 1.pdf,1.7,12983c1e,2 —— Se — ——— ——————,"a ———— 2 2p 0 4 6 8 10"" ‘Time (seconds) According tothe ortoh, what the estimated numberof andy ber the machine wraps wih label pe second? Aa 2.40 or 0.80",,,,C
ocr-00063,Math,Algebra,Linear Functions,Algebra — Linear Functions,Linear Functions 1.pdf,1.8,f79fffba,,a7 sascie ge Some values of the near function f are shawn in the table above. ‘Which of the following defines £? A f= 2x43 8. fix)=3x+2,,c.fixadxtt 0. flx)=5x,,A
ocr-00064,Math,Algebra,Linear Functions,Algebra — Linear Functions,Linear Functions 1.pdf,1.9,3462d850,"Linear Functions 1 Question# 1D 1s 34e20850 ‘Marisol drove 3 hours from City A to City B, The equation below estimates the distance din miles, Marisol ‘traveled after driving for thours.",,,,d=45t ‘Which ofthe following does 45 represent in the equation? |A. Marisol took 4S trips from City A to City 8. 1. The distance between City A and City Bis 45 miles . Marisol drove at an average speed of about 45 miles per hour ©. It took Marisol 45 hours to drive from City A to City B.,C
ocr-00139,Math,Algebra,Linear Functions,Algebra — Linear Functions,Linear Functions 2.pdf,2.1,e62cfe5f,"Linear Functions 2 2a eszctest OO ‘According toa model, the head width, in milimeters, of a worker bumblebee",,,"can be estimated by adding 0.6 to four times the body weight of the bee, in ‘grams. According to the model, what would be the head width in milimeters, of a worker bumblebee thet has a body weight of 0.5 grams? 22 yestases ae tn tie r-elree heneworiicel tes'liemer furesten. f rmninnssies eters 10.2) cer! (7.90. Witeh eecention datiees",,2.6
ocr-00148,Math,Algebra,Linear Functions,Algebra — Linear Functions,Linear Functions 2.pdf,2.1,4fe4fd7c,1,adam,,ca=ms2,"Da=2me2 210 Ateaterte ob) =m +500 ‘company's cost en dls, erode x hits iver he {uncon above, where mis constant and X> 0. The tol cost produce 100 sits $00, Whats he tot cos n ola, to produce 100 shite? (Oregad he $ sn when ring your aver)",3500
ocr-00149,Math,Algebra,Linear Functions,Algebra — Linear Functions,Linear Functions 2.pdf,2.11,3122fc7b,,"an ster» OO ‘linear model estimates the population ofa city from 1991 to 2015. The model estimates the population was 57 thousand in 1991, 224 thousand in 2011, and thousand in 2015. To the nearest whole number, what isthe value ofz? 2m. coraaos oO jlv) = mx +144",,,,257
ocr-00150,Math,Algebra,Linear Functions,Algebra — Linear Functions,Linear Functions 2.pdf,2.12,c01f4a95,"Oo ile) = ma + 144 For the linea funetion mis a constant and (12) ~ 18, What i the value of (10)?",,,,,39
ocr-00151,Math,Algebra,Linear Functions,Algebra — Linear Functions,Linear Functions 2.pdf,2.13,868fc236,Linear Functions 2 21s esstez36 ee,"a rr eT Ses abtrwe [a 67 ‘The table above gives the typical amounts of energy per gram, expressed in","both food calories and kilojoules, ofthe three macronutrients in food. ifx food calories is equivalent tok kilojoules, ofthe fllowing, which best represents the relationship between x and k ? Ak=024¢ Bk=42x",,,B
ocr-00152,Math,Algebra,Linear Functions,Algebra — Linear Functions,Linear Functions 2.pdf,2.14,042aa429,,AS at cm 0.28,Baewen,cnn 42k,"D.xk=42 214 ownaean9 MJ (2) = 2+ Tand g(a) = Ta, whatis the vate of 4f (2) ~ 9(2)2",C
ocr-00153,Math,Algebra,Linear Functions,Algebra — Linear Functions,Linear Functions 2.pdf,2.15,113b938e,"21s nsbasse y=18-5x ‘The equation above represents the speed yn feet per second, of Shel’s|",,"bicycle x seconds after she applied the brakes at the end of a rie. Ifthe ‘equation is graphed in the xy-plane, which of the following isthe best interpretation ofthe x-coordinate ofthe line's x-intercept inthe context of the problem? [A The speed of Sheila's bieycle in feet per second, before Shelia apoed the brakes 8. The number of feet per second the speed of Shell's bicycle decreased each second after Sheila applied the brakes",C. The number of seconds t took from the time Shella began applying the brakes until the bicycle came toa complete stop,,C
ocr-00154,Math,Algebra,Linear Functions,Algebra — Linear Functions,Linear Functions 2.pdf,2.16,441558e7,Linear Functions 2 216 «assoc? Scientists collected fallen acorns that each housed a colony of the ant species P ohivenss and analyzed each,add 8.61 ©.83 0.190,,"colony's structure. For any ofthese colonies, if the colony has z worker ants, the equation y = 0.672 + 2.6, where 20 < 2 < 110, gives the predicted numberof larvae, in the colon: fone ofthese coloies has 58 ‘worker ants, which ofthe falling is closes othe predicted number of larvae in the colony?",,A
ocr-00155,Math,Algebra,Linear Functions,Algebra — Linear Functions,Linear Functions 2.pdf,2.17,8a6de407,"2x7 sacdeaor ‘The function fis defined by f(x) =mx-+b, where m and b are constants. If F(0)= 18 and f(1)=20, whats the value of m 2 21a atdcobs ——— lin Ce","ao “The table above ehows the population of Greenleaf. idaho, for the years 2000 and 2070. If the relationshio",,,,2
ocr-00156,Math,Algebra,Linear Functions,Algebra — Linear Functions,Linear Functions 2.pdf,2.18,41fdc0b8,"“The table above shows the population of Greenleaf, Idaho, for the years 2000 and 2010. Ifthe relationship","A. PD) =862-1.6 8. P()= 862-161 ©. Pl)=862+ 161-2000) 0. P()=862-1,6(t-2,000) 239 1e20066) | ‘The pressure exerted ona scuba diver at sea levelis 14.70 pounds per square inch (psi), For each foot the scuba diver","between population and years linear, which of the following functions P models the population of Greenieat ¢ years after 20007",,"descends below sea eve, the pressure exerted on the scuba diver increases by 0.44 psi, Whats the total pressure, in psi",A
ocr-00157,Math,Algebra,Linear Functions,Algebra — Linear Functions,Linear Functions 2.pdf,2.19,1c29bfd1,exerted onthe scuba diver at 105 fet below sea level? 60.90 8.31.50 1470 v0,,,,,A
ocr-00140,Math,Algebra,Linear Functions,Algebra — Linear Functions,Linear Functions 2.pdf,2.2,7e3f8363,"In the xy-plane, the graph ofthe linear function f contains the points (0,3) and (7,31). Which equation defines f swhere y= f(z)?",A fle) = 280494,"B.fla) = a2 +98 ©.fla)=42 +3 o.fla)=T2+3 23 czokon ~ eam of workers hasbeen moving carg off ofa ship. Te equation below models the approximate ‘numberof tons of cargo, that remains tobe moved hous after the tam started working y~120-25x “The graph ofthis equation inthe xy-plane isa line. What isthe best",,,C
ocr-00158,Math,Algebra,Linear Functions,Algebra — Linear Functions,Linear Functions 2.pdf,2.2,295a41f0,"Linear Functions 2 220, 250049 The graph of y= f(z) — Lis shown 2 6",a | A TNO Ty rr Se [TNT gt : Pa a t ta =,,,,B
ocr-00159,Math,Algebra,Linear Functions,Algebra — Linear Functions,Linear Functions 2.pdf,2.21,2f34cd1c,NGI <2:,a) -5 6 Which equation defines the linear function f? A f(z) = 182-11 8 fle) =-2247 © f(z) =—182+7 0. fl) =-22-11,,,,B
ocr-00160,Math,Algebra,Linear Functions,Algebra — Linear Functions,Linear Functions 2.pdf,2.22,f0773a55,Linear Functions 2 222 ror7sass,,,,,A
ocr-00161,Math,Algebra,Linear Functions,Algebra — Linear Functions,Linear Functions 2.pdf,2.23,23dedddd,—,,,,,D
ocr-00162,Math,Algebra,Linear Functions,Algebra — Linear Functions,Linear Functions 2.pdf,2.24,a775af14,"22s aed Oe Inthe near function f,f(0) = 8 and f(1) = 12. Which equation defines f2",A fle) = 12248,B.fle)= 42,"cfla)=42+12 0.fla)=42+8 226 arate Inthe xy-plane, the graph of the linear function J contains the points (0,2) and (8,34). Which equaton defines f swhere y= f(z)? A fla) =20 442",,C
ocr-00163,Math,Algebra,Linear Functions,Algebra — Linear Functions,Linear Functions 2.pdf,2.25,b2fe7ab6,"Linear Functions 2 225 batenbo [= [ote | [2 | = | [2 { # | [3 [4 | ms Forthe linear function 9, the table shows four values of and their corresponding values of g(z). The function can be ‘ten as g(t) = me +b, where a and bare constants. Whats the value of b?",As,,,,D
ocr-00164,Math,Algebra,Linear Functions,Algebra — Linear Functions,Linear Functions 2.pdf,2.26,a91a2b75,8.27 054 0.87 226 souz75 ‘The function fs defined by f(r) = ~9 + 9. What isthe y-coordinate ofthe yintercept ofthe graph of y = f(z) n the zy plane?,,,,,9
ocr-00165,Math,Algebra,Linear Functions,Algebra — Linear Functions,Linear Functions 2.pdf,2.27,af711d1b,,,,C.t= 25d pt=da,,C
ocr-00166,Math,Algebra,Linear Functions,Algebra — Linear Functions,Linear Functions 2.pdf,2.28,17d80dc3,"228 rrdsodes In the plane, fine Khas a slope of 5 and ayntercept of (0, ~36). What isthe x-coordnate ofthe xinterceptof line k?",,,,,7
ocr-00141,Math,Algebra,Linear Functions,Algebra — Linear Functions,Linear Functions 2.pdf,2.3,620fe971,,,,"CE SRR ie eee 2 Ee, tee oe ee interpretation ofthe x-intercept inthis context? {A The team will have moved al the cargoin about 48 hours 8, The team has been moving about 48 tons of cargo per hour. ©. The team has been moving about 26 tons of cargo per hour. . The team started with 120 tons of cargo to move.",,A
ocr-00142,Math,Algebra,Linear Functions,Algebra — Linear Functions,Linear Functions 2.pdf,2.4,5cf1bbc9,Linear Functions 2 26 sefibbes y gp 450-4 EEE oo 0 Poot 350 oo 300 oa or ot a,a es a ot aa tt aot SPs >,,,,A
ocr-00143,Math,Algebra,Linear Functions,Algebra — Linear Functions,Linear Functions 2.pdf,2.5,dae126d7,— rope soft,"a =e ‘The graph ofthe function, where y = f(c), gives the total cost yn dollars, fore certain video game system ‘and z games. What isthe best interpretation ofthe slope ofthe graph inthis context? ‘A. Each game costs $25. 2B. The video game system costs $100.",,C. The video game system costs $25. 2. Esch game costs $100. 25) daezed7 (a,,D
ocr-00144,Math,Algebra,Linear Functions,Algebra — Linear Functions,Linear Functions 2.pdf,2.6,271f7e3f,"Linear Functions 2 Question# 1 nines +0) 262 poe 2D forthe function defined above, whats the value (0)~F)?",aa 22 a 4 9,,,,B
ocr-00145,Math,Algebra,Linear Functions,Algebra — Linear Functions,Linear Functions 2.pdf,2.7,c651cc56,eS,"a4 27 costcess Some values of the near function fare shown inthe table above, What isthe value of (3)? Ae 87",,,,B
ocr-00146,Math,Algebra,Linear Functions,Algebra — Linear Functions,Linear Functions 2.pdf,2.8,c22b5f25,,ae,,"ce a 2a mses ae Inthe plan, the pints (2:3) and (4, ~8) eon the oraph of which of the folowing near functions? A fOd=H45 1 afm dave at ofid=-teeh",,C
ocr-00147,Math,Algebra,Linear Functions,Algebra — Linear Functions,Linear Functions 2.pdf,2.9,11e1ab81,Linear Functions 2 ig f,Ad=2m,,,,A
ocr-00237,Math,Algebra,Linear Functions,Algebra — Linear Functions,Linear Functions 3.pdf,3.1,2b15d65f,"Linear Functions 3 3a 2brsdest Oe ‘An econamist madeled the demand @ fora certain product a a linear function ofthe selling price P. The demand wes 20,000 units when the selling price was $40 per uit, and the demand was 16,000 units when the selling price was $60 per unit. Based on the model, what is the demand, in units, when the selling price is $55 per unit? 416,250 8, 16,500 ©. 16780 0. 17500",,,,,A
ocr-00246,Math,Algebra,Linear Functions,Algebra — Linear Functions,Linear Functions 3.pdf,3.1,023c0a8d,"'A. The length, in centimeters, ofthe spring with no weight attached 'B. The weight, in newtons, of an object that wil stretch the spring 30 centimeters",a6,,"C. The increase in the weight, n newton of the object for each one-centimeter increase inthe length ofthe spring '. The increase in the length, in centimeters, of the spring foreach one-newton increase in the weight ofthe object 310250280 a For the function ff f(x) =x —6 forall values of x, what isthe value of £16)?",,B
ocr-00247,Math,Algebra,Linear Functions,Algebra — Linear Functions,Linear Functions 3.pdf,3.11,50f4cb9c,"Linear Functions 3 sn soracbae [= [xa] [4 [-e| [2 [o| Ls | o | For the linear function f, the table shows three values of and their corresponding values of f(z), Function fis",,,,"defined by flit) = ax + b, where a and b are constants, What isthe value of a — 8? 64 8.62",D
ocr-00248,Math,Algebra,Linear Functions,Algebra — Linear Functions,Linear Functions 3.pdf,3.12,bbf9e5ce,"128 192 Siz obese For groups of 25 or more people, a museum charges $21 per person forthe fist 25 people and $14 for each","additional person. Which function f gives the total charge, in dollars, for a tour group with n people, where n> 250 A. fn) = dn +175 8. f(n) = 14n +525 ©. f(n) = 35n — 350 2.f(n) = 1dn +21",,,,A
ocr-00249,Math,Algebra,Linear Functions,Algebra — Linear Functions,Linear Functions 3.pdf,3.13,b3abf40f,,"ais ot P(e) = $e - 279.15) +32 The function F gives the temperature, in degrees Fahrenheit, that coresponds to a temperate of skein. f= temperature increased by 9.10 kevns, by how much ci he temeratre increase, n degrees Fahrenheit? A138 9.48.98 475.20 0.50720",,,,A
ocr-00250,Math,Algebra,Linear Functions,Algebra — Linear Functions,Linear Functions 3.pdf,3.14,abcd0008,Linear Functions 3 Which of the following represents the x-intercept of the graph of y = f(x) + 9 in the xy- (@) (-—%..0),,,,,A
ocr-00251,Math,Algebra,Linear Functions,Algebra — Linear Functions,Linear Functions 3.pdf,3.15,a309803e,"© Crs) © (126d + 26,0) 335 as09e03e ‘one gallon of pain wil cover 220 square feet of a surface. Aroom has atta wal rea of w square feet Which ‘equation represents the total amount of paint P, in gallons, needed to paint the walls of the oom twice?",AP= sy 2. P= M0w OP=a,,,,A
ocr-00252,Math,Algebra,Linear Functions,Algebra — Linear Functions,Linear Functions 3.pdf,3.16,0bd33265,,,"b.P = 220w 316 obssszes = Movarassy) The equation h = M&-Z7515) +. 32 gives the corresponding temperature hn degrees Fahrenheit of any substance that has.a temperature of w kelvins, where v > 0. Ifa substance has @ temperature of 467.33 degrees Fahrenheit, what is the","corresponding temperature, in kelvns, of this substance? x7 a7ezesoa Pa a ee ee, ae eS eee ee",,515
ocr-00253,Math,Algebra,Linear Functions,Algebra — Linear Functions,Linear Functions 3.pdf,3.17,a7e2859a,"_ a ‘The cost of renting a large canopy tent for up to 10 days is $430 for the first day and $215 for each additional day. Which of the following equations gives the cost yn dollars, of renting the ent for z days, where zis a postive integer and x < 10?",Ay = 2524215,By = 4802 — 215 y= ds00 + 215,,Dy = 2152 +430,A
ocr-00254,Math,Algebra,Linear Functions,Algebra — Linear Functions,Linear Functions 3.pdf,3.18,0b0fa68b,"Linear Functions 3 318 obotaca8 Forthe function f, f(c2) = 2 ~ 8 forall values of, where cis apositive constant. f f(2) = 35, whats the value of ¢? 319 «250907",,,,,3.19
ocr-00255,Math,Algebra,Linear Functions,Algebra — Linear Functions,Linear Functions 3.pdf,3.19,e25f0807,"“The able shows two values of 2 and ther corresponding values of y The raph of the near equation representing his tlaonship passes though he point (1, a) Whats the value fa?",,,,,16.25
ocr-00238,Math,Algebra,Linear Functions,Algebra — Linear Functions,Linear Functions 3.pdf,3.2,be9cb6a2,"32 penen6a2 OO “The cost of renting a backhoe for up to 10 days is $270 forthe frst day and $135 for each additional day. Which ‘ofthe folowing equations gives the cost y, in dollars, of renting the backhoe for x days, where isa postive integer and 2 < 102",A.y= 2702 ~ 135 8. y= 2702 +135,,C.y= 1852 +270,D.y= 1852 +135,D
ocr-00239,Math,Algebra,Linear Functions,Algebra — Linear Functions,Linear Functions 3.pdf,3.3,b988eeec,33 poonecee — “The functions fandg are defined as f(2) = 429 and g(z) = $x +21. the function his defined 2s,"Ax) = fle) + oe), whats the -coordinate ofthe x-intercept of the graph of y = h(t) inthe xy-plane? 6 attburee ‘According to data provided by the US Department of Energy, the average price per gallon of regular gasoline inthe United states fom September 1, 2014, to December 12014 is modeled bythe function F defined","below, where F(x) is the average price per gallon xmonths after September F(x) =2.74-0.190-3) “The constant 2.74 inthis funetion estimates which ofthe folloing?",,,-12
ocr-00240,Math,Algebra,Linear Functions,Algebra — Linear Functions,Linear Functions 3.pdf,3.4,af2ba762,"[A The average monthiy decrease inthe price per gallon 8, The aiference in the average price per gallon from September 1, 2014, to December 1, 2018 ©. The average price per gallon on September 1, 2014 ©. The average price per gallon on December 1, 2014",,,,,D
ocr-00241,Math,Algebra,Linear Functions,Algebra — Linear Functions,Linear Functions 3.pdf,3.5,16889ef3,"Linear Functions 3 Question# 1 35 onmes — Ol anc gas production na certain area cropped fam 4 millon bares in 2000 to 19 millon barrels in 201, Assuming that the ol and Gas production",a fd=Zoeva 19 a fid= Hiv 2 ofld=- Fetes,,,"decreased a constant at, whic ofthe following near function Fest models the production, in milions of barrels, years ater the year 2000? 21",C
ocr-00242,Math,Algebra,Linear Functions,Algebra — Linear Functions,Linear Functions 3.pdf,3.6,6989c80a,"19 o fld=- ites 36 conncone F(a) = $(e— 278.15) +32 ‘The funtion F gives the temperature, n degrees Farenheit, that corresponds toa temperature of keine. a temperate increased by 2.10 kekins, by how much id he temperature increase, n degrees Fabrenheit?",Aa78 3.95.78,,c.487.89 0.510.80,,A
ocr-00243,Math,Algebra,Linear Functions,Algebra — Linear Functions,Linear Functions 3.pdf,3.7,78391fcc,wrens [x [-n[-19] -2[-2] [aaa be | [| _£(x) for the linesr function f. What is the x-intercept of the raph of Y= F(X) in the xy-plane?,"a.(-3,0) 8. (-4,0)",,c.(-9.0),,B
ocr-00244,Math,Algebra,Linear Functions,Algebra — Linear Functions,Linear Functions 3.pdf,3.8,a04050d8,"Linear Functions 3 Question# 1 Pe Tho table above gies tho types amounts of ener pr gram, expressed in",A °,"bath fod calories nd kool, ofthe tree macrontint in fod. the 180 fod calories ina ral bar cme entry rom rams often foram ofa and orams of carbonate, wien a he loning expresses in tems of pand c? f-20+4p+0)",,,B
ocr-00245,Math,Algebra,Linear Functions,Algebra — Linear Functions,Linear Functions 3.pdf,3.9,daad7c32,"4 9 f= 20-440) 4 ¢f=20-40-0) 9 of=2+F+0 39 dente, | ‘an object hangs trom a sping. The forma ¢ = 90+2W clas the length Which of the folowing describes the meaning ofthe 2in hs conten?",,,,,D
ocr-00283,Math,Algebra,Linear Functions,Algebra — Linear Functions,Nonlinear Functions 1.pdf,1.1,6abec9a8,Nonlinear Functions 1,A eabecsae y,,Ca [yt ae | ff [yt | Poy ef PP,,B
ocr-00292,Math,Algebra,Linear Functions,Algebra — Linear Functions,Nonlinear Functions 1.pdf,1.1,ebe4bde0,"James} LCN | CN Eel THATIEETA ""TOC. PPP IPL The quire uneton grotnd sbove nolo patra flan enor etuncton cecal nero of Swe eso 13800 6.3000 80",a0,,,,C
ocr-00293,Math,Algebra,Linear Functions,Algebra — Linear Functions,Nonlinear Functions 1.pdf,1.11,d46da42c,Nonlinear Functions 1 Question# 1,"am decdeaze Foja4 The function Fis defined as shown, Which ofthe folowing graphs inthe xy= plane could be the raph of y= lx)? Ay pessicei",,,,D
ocr-00294,Math,Algebra,Linear Functions,Algebra — Linear Functions,Nonlinear Functions 1.pdf,1.12,79ba511a,,,,,,C
ocr-00295,Math,Algebra,Linear Functions,Algebra — Linear Functions,Nonlinear Functions 1.pdf,1.13,50418728,Nonlinear Functions 1 us soaa728 y 1,a 7 1 2 4 -S- 6 -7- -8.,,,,-3
ocr-00296,Math,Algebra,Linear Functions,Algebra — Linear Functions,Nonlinear Functions 1.pdf,1.14,ee05c84e,"-9 ot it 12 The graph ofthe polynomial function f, where y = f(2), is shown, The y-ntercept ofthe graph is (0, Whats the value of y? te eeoscase ‘b0) = («+0.251)50-x) ‘The function fis defined above. What is the value of F(20) 2 4.250",,,,,C
ocr-00297,Math,Algebra,Linear Functions,Algebra — Linear Functions,Nonlinear Functions 1.pdf,1.15,39652e93,2.500,,Bie c.16,c.780 .2000 us snes ‘The function fis define by f(z) = 12. whats the value of f(z) when 2 — 17?,,A
ocr-00298,Math,Algebra,Linear Functions,Algebra — Linear Functions,Nonlinear Functions 1.pdf,1.16,02c67921,Nonlinear Functions 1,ae ozs y 12- AL iT 9. 8. 7- 6,,,,3
ocr-00299,Math,Algebra,Linear Functions,Algebra — Linear Functions,Nonlinear Functions 1.pdf,1.17,1863e3be,"3 2 1 T t 1 ‘The graph ofthe exponential function fis shown, where y = J). The intercept ofthe graphis (0, y). What i the value ofp","a7 aesesbe_ | ‘The intercept ofthe graph of y = 2? + 81 inthe xy plane is (0,4). What i the value of 4?",,,,31
ocr-00300,Math,Algebra,Linear Functions,Algebra — Linear Functions,Nonlinear Functions 1.pdf,1.18,2d394c28,"Nonlinear Functions 1 Question © SS ? 40,000 35,000 30,000 2 25,000 520,000",,Brean.,,,C
ocr-00301,Math,Algebra,Linear Functions,Algebra — Linear Functions,Nonlinear Functions 1.pdf,1.19,20722644,"215,000: 210,000 5,000 2 4 6 8 10 Years after 2010 “The graph shown models the numberof residents ofa certain city 2 years after 2010. How many residents does this model estimate the city had in 20107","Ao 2,000 20,000 .25,000",,,,C
ocr-00284,Math,Algebra,Linear Functions,Algebra — Linear Functions,Nonlinear Functions 1.pdf,1.2,1ee962ec,Nonlinear Functions 1 Question# 1 12 eeosaee y EET if Ree g Se 2 _ (ccc 3 “ABCC 2 _ ooo 2 Pee 3 tee SS ONCcgee eee 2 oo ACO eee § OTA,,BPN eee,,,C
ocr-00302,Math,Algebra,Linear Functions,Algebra — Linear Functions,Nonlinear Functions 1.pdf,1.2,d45572cc,Nonlinear Functions 1 Question 1D 120 aussr2ce y EEE Er ARETE PPrr rr errr rrr yt TYrrrr nest rrr rrr rt SRSEe 4 eee PPP rrr Nr PPT ToS TT PPP aS Poe,ASSP cy PO 2 eet,,,,3
ocr-00303,Math,Algebra,Linear Functions,Algebra — Linear Functions,Nonlinear Functions 1.pdf,1.21,044c1cb7,3: 4: 5: —6 7 8: ‘The graph of y= J(2) is shown nthe a:plane. The vale of f(0) isan integer What is the value of f(0)? rar accra? h(a) = 283 Which table gives three values of z and their corresponding values of h(zr) for the given function h?- [2 T+ [a Te] na | als leo,,,,,B
ocr-00304,Math,Algebra,Linear Functions,Algebra — Linear Functions,Nonlinear Functions 1.pdf,1.22,0ad5012e,,A(z) | 4 5 6 EPE [wer De [| PPE [wf [| PPE [wer De Ts |,,,,B
ocr-00305,Math,Algebra,Linear Functions,Algebra — Linear Functions,Nonlinear Functions 1.pdf,1.23,b5c43226,"Nonlinear Functions 1 P ,",a,,Cre sco “HHH Sy o TALC A,,B
ocr-00306,Math,Algebra,Linear Functions,Algebra — Linear Functions,Nonlinear Functions 1.pdf,1.24,d84a514a,"EEEPeE SSI TT * Whats the y-ntercent ofthe graph shown? 4. (0,0) 8. (0,2) ©.(2,0) 0.2.2) 1a eaarne 7",,,,,A
ocr-00307,Math,Algebra,Linear Functions,Algebra — Linear Functions,Nonlinear Functions 1.pdf,1.25,5e63b9cf,Nonlinear Functions 1 ousine F r SCC oo,,,CO,DEA : (TNE \oReney anne,B
ocr-00308,Math,Algebra,Linear Functions,Algebra — Linear Functions,Nonlinear Functions 1.pdf,1.26,cfff8f8e,"1 Oras 4s 678 9 wo ‘The graph shows a marble's height above the ground y, in inches, seconds aftr it started moving on an elevated track of @ marble run, Which ofthe following is the best intepxetation ofthe yrntercept of the graph? ‘A. The marble’ height was 0 inches above the ground 8 seconds after it started moving. 8B, The marbles height was Sinches above the ground when it started moving, 6. The marble's minimum height was inches above the ground '. The marbles minimum height was 8 inches above the ground.",,,,,B
ocr-00285,Math,Algebra,Linear Functions,Algebra — Linear Functions,Nonlinear Functions 1.pdf,1.3,788bfd56,,aa eee Peery yyy rt 277s Elapsed time (hours) FE] ep tere] Tepe] tere} [eal ere} ee] Eo] tere} “Tepe,,,,B
ocr-00286,Math,Algebra,Linear Functions,Algebra — Linear Functions,Nonlinear Functions 1.pdf,1.4,b39d74a0,Nonlinear Functions 1 4 bs9ara0 [> [To | [s [| The table shown includes some values of x and their corresponding values ‘of y. Which ofthe following graphs in the xy-plane could represent the relationship between x and y ? ns ’ m1,,,,,B
ocr-00287,Math,Algebra,Linear Functions,Algebra — Linear Functions,Nonlinear Functions 1.pdf,1.5,5377d9cf,~,AP oe oot ara THER ° ee ere ies ineuea!,,,,A
ocr-00288,Math,Algebra,Linear Functions,Algebra — Linear Functions,Nonlinear Functions 1.pdf,1.6,75915e3c,"Nonlinear Functions 1 1s Tsaisete Fix) = 2°) For the function f defined above, what isthe value of (2",Ao 8.2 a 2.36,,,,C
ocr-00289,Math,Algebra,Linear Functions,Algebra — Linear Functions,Nonlinear Functions 1.pdf,1.7,7160cbb3,17 mooetes 2 1 POT. See Pa Ta Te Ts TOT TTT TOT Tey PO POT POT vr PUTA POT LECCE TT,,,,,A
ocr-00290,Math,Algebra,Linear Functions,Algebra — Linear Functions,Nonlinear Functions 1.pdf,1.8,72ae8a87,"TOP ‘hat isthe yintercept of the graph shown? 4. (0,-6)",,"B.(-6,0) ©.(0,0)",,"D.(—5,-5) 18 7aseosa? ‘The function f(z) = 200,000(1.21)* aives a company’s predicted annual revenue, in dollars, years after the ‘company started selling light bulbs online, where 0 < a < 10. Whatiis the best interpretation ofthe statement *",A
ocr-00291,Math,Algebra,Linear Functions,Algebra — Linear Functions,Nonlinear Functions 1.pdf,1.9,09f58996,Nonlinear Functions 1 Question © 13 onsen | The funtion fis defined by #(2) — 6-+ Vz. Whats the value of (36)? 130 eoestseo z,,,,,12
ocr-00908,Math,Algebra,Linear Functions,Algebra — Linear Functions,Nonlinear Functions 2.pdf,2.1,f89af023,"Nonlinear Functions 2 24 fesato23 rs ‘Arectangular volleyball court has an area of 162 square meters. ifthe length ofthe courtis twice the wicth, what isthe width ofthe court, in meters?",ag,B18,c27,D4,A
ocr-00917,Math,Algebra,Linear Functions,Algebra — Linear Functions,Nonlinear Functions 2.pdf,2.1,f44a29a8,"Nonlinear Functions 2 210 t60a2008 OO ‘An object's kinetic energy, in joules, is equa to the product of one-half the ‘object's mass, in kilograms, and the square ofthe object's speed, in meters per second. What isthe speed, in meters per second, of an object with a ‘mass of 4 Klograms and kinetic energy of 18 joules?",aa 26,,co 0.36,,A
ocr-00918,Math,Algebra,Linear Functions,Algebra — Linear Functions,Nonlinear Functions 2.pdf,2.11,d71f6dbf,,"am anveabr ‘The height, in fet, ofan object x seconds after itis thrown straight up in the ai ean be modeled by the function M(x) = = 16x?+20x +5, Based on ‘tho model, which of the following statements best interprets the equation (14) = 1647 [A The height ofthe object 1.4 seconds ater being thrown straight up inthe aris 1.64 feet. £2, The height ofthe object 1.64 seconds after being thrown straight up in the ari 4 feet.",,"C. The height ofthe object 164 seconds after being thrawn straight up in the aris approximately 1.4 times as ‘great as its intial height . The speed of the object 1.4 seconds after being thrown straight up in the aris approximately 164 feet per second,",,A
ocr-00919,Math,Algebra,Linear Functions,Algebra — Linear Functions,Nonlinear Functions 2.pdf,2.12,6676f055,"212 eersioss Fle) = -028(-27+880 ‘An engineer wanted to identity the best angle fo a coating fan in an engine inorder to get the greatest ait. The engineer eiscovered tha the ‘unc above models the ailow f(), in cubic feet per minute, as 8 function ofthe angle ofthe fan, in degrees. According othe mode, what","anole in degrees, gives the greatest atow? A028 2.028 on 0.880",,,,C
ocr-00920,Math,Algebra,Linear Functions,Algebra — Linear Functions,Nonlinear Functions 2.pdf,2.13,dd8ac009,Nonlinear Functions 2 ‘Time (years) ‘Total amount (dollars),"A. d= 0.006(1 +670)! 8. d= 670(1 + 0.006)""",,,,B
ocr-00921,Math,Algebra,Linear Functions,Algebra — Linear Functions,Nonlinear Functions 2.pdf,2.14,281a4f3b,ewan ey,"A. 06) =0.02(3 000)"" 8. F(x) = 0.98(3,000)","b. d= 670(0.006-+1) 214 eat ‘certain cotlege had 3.00 students encod in 2015. The eallege predicts that attr 2016, the number of students envied each yer willbe 2% less than the numberof students enrolled the year before. Which ofthe following functions model the celationship between the numberof students enroled, £68), and the number of years ater 2015, x?",c. d= 0.006(6701),,D
ocr-00922,Math,Algebra,Linear Functions,Algebra — Linear Functions,Nonlinear Functions 2.pdf,2.15,100030d9,"8. Fix) = 0.96(3,000)""",,,"c. f(x) =3,000(0.02)"" ». s(x) =3,00000.98)"" 2810008089 OO ‘Aruber ball ounces upward one-half the eight that it falls each time it hits the ground. ifthe ball was originally dropped trom a distance of 20.0 {eet above the ground, what was its maximum height above the ground, in feet, between the third and fourth time it hit the ground?",,2.5
ocr-00923,Math,Algebra,Linear Functions,Algebra — Linear Functions,Nonlinear Functions 2.pdf,2.16,c7a187a7,"26 cra? fle) = 2182 ~ 360 If the given function f is graphed in the xy-plane, where y = f(2), what isan x-intercept of the graph?","A.(=12,0) 8. (30,0) ©. ( ~360,0) 0. (12,0)",,,,A
ocr-00924,Math,Algebra,Linear Functions,Algebra — Linear Functions,Nonlinear Functions 2.pdf,2.17,e1391dd6,"Nonlinear Functions 2 2x7 exssidas ‘According to Moore's law, the number of transistors included on microprocessors doubles every 2 years. In 1985, a microprocessor was introduced that had 275,000 transistors. Based on this information, in which ‘ofthe folowing years does Moore's law estimate the number of transistors to reach 11 milion? 4.1987 8, 1989",,,c.1991 1994,,B
ocr-00925,Math,Algebra,Linear Functions,Algebra — Linear Functions,Nonlinear Functions 2.pdf,2.18,5bf0f84a,"21a sbfoteaa R= = 16 + 1101+ 72 “The function above models the eighth, in fet, ofan object above ground £ seconds after being launched straight up in the ar. What does the number 72 represent inthe function? ‘A. The Intl he'gh, in fet, ofthe object £8, The maximum heh, in feet, of the object ©. The intial speed, in fet per second, ofthe object '. The maximum speed, in feet per second, ofthe object",,,,,A
ocr-00926,Math,Algebra,Linear Functions,Algebra — Linear Functions,Nonlinear Functions 2.pdf,2.19,70ebd3d0,"219 7oebas80 ‘Nia)= 1150.90)"" ‘The function N defined above can be used to model the numberof species ‘of brachiopods at various ocean depths d, where dis in hundreds of ‘meters. Which ofthe following does the model predict? |For every increase in depth by 1 meter, the numberof brachiopod species decreases by 15 8B. For every increase in depth by 1 meter, the numberof brachiopod species decreases by 10%. ©. For every increase in depth by 100 meters, the number of brachiopod species decreases by 115. . For every increase in depth by 100 meters, the numberof brachiopod species decreases by 10%.",,,,,D
ocr-00909,Math,Algebra,Linear Functions,Algebra — Linear Functions,Nonlinear Functions 2.pdf,2.2,e53add44,"22 eseades ‘S(n)=38,000a"" ‘The function $ above models the annual salary, in dollars, of an employee 0 years ater starting a jab, where ais a constant. the employee's salary increases by 4% each year, what I the value of 2? 4.004 8.04",,,c.108 ota,,C
ocr-00927,Math,Algebra,Linear Functions,Algebra — Linear Functions,Nonlinear Functions 2.pdf,2.2,97158b3a,"Nonlinear Functions 2 220 © sTisabse ‘The area A, in square centimeters, of a rectangular painting can be represented by the expression w(w + 29), ‘where w isthe width, in centimeters, of the painting. Which expression represents the length, in centimeters, of the painting?",Aw 8.29 ©. (w+ 29) 2 w(w +29),,,,C
ocr-00928,Math,Algebra,Linear Functions,Algebra — Linear Functions,Nonlinear Functions 2.pdf,2.21,dba7432e,,"am aborusze [|| [|| “The table above gives the values of the function for some values of x Which ofthe folowing equations could define a. f)=52"""""")",,,,D
ocr-00929,Math,Algebra,Linear Functions,Algebra — Linear Functions,Nonlinear Functions 2.pdf,2.22,f5e8ccf1,"fix) =5(2"") Flr) = 5127841) 0. f)=52-) 222° tsebeen Fx) = x4 400e—2x—3) The function fs defined above, Which ofthe following is NOT an x- intercept ofthe graph ofthe function inthe xj-plane? .(-4,0)",,,,,B
ocr-00930,Math,Algebra,Linear Functions,Algebra — Linear Functions,Nonlinear Functions 2.pdf,2.23,5c00c2c1,"Nonlinear Functions 2 Question# 1 223 scoocze “Tere were no ackrabbits in Autrala before 788 when 24 jackrabbits ‘were introduced, By 1920 the population of jackrabbits had reached 10","ater 1788? a. pt =1.162(24"" 8, pt = 24c2)'162","bilion.f he population hae grown exponentially, this would corespond to 216.2% increase, on average, inthe population each year Which ofthe folowing funcions best models the popuation pt of jckrabbts years","c. plt) = 2401.162)""",,C
ocr-00931,Math,Algebra,Linear Functions,Algebra — Linear Functions,Nonlinear Functions 2.pdf,2.24,15c364bf,"opt = 24,-, 1462) 226 essay, << ‘A sample ofa certain isotope takes 29 years to decay to half its original mass. The function a(t) = 184(0.5)* gives the","approximate mass ofthis isotope in grams, that remain f years after a 184 gram sample stars to decay Which statement isthe best interpretation of s(87) = 23 inthis context? ‘A. Approximately 23 grams ofthe sample remains 87 years aftr the sample stats to decay. 8. The mass of the sample has decreased by approximately 28 grams 87 years ater the sample starts to decay ©. Themass ofthe sample has decreased by approximately 87 grams 23 years aftr the sample starts to decay. . Approximately 87 grams ofthe sample remains 23 years after the sample stats to decay.",,,,A
ocr-00932,Math,Algebra,Linear Functions,Algebra — Linear Functions,Nonlinear Functions 2.pdf,2.25,203774bc,"MaRS FE ERT ME STRAIN er PO BP Ter Ce 225 20577 ‘The product of two postive integers is 546. the frst integer Is 11 greater than twice the second integer, what is ‘the smaller ofthe two integers?",AT,,cary c.39 2.78,,B
ocr-00933,Math,Algebra,Linear Functions,Algebra — Linear Functions,Nonlinear Functions 2.pdf,2.26,b7cd6ca6,"Nonlinear Functions 2 226 bTedscas OO “The equation E(t) = (1.8)! gives the estimated number of employees ata restaurant, where ts the number of ‘years since the restaurant opened. Which ofthe following isthe best interpretation of the number 5 inthis",,,"context? ‘A. The estimated number of employees when the restaurant opened 8, The increase in the estimated number of employees each year ©. The number of years the restaurant has been open . The percent increase in the estimated number of employees each year",,A
ocr-00934,Math,Algebra,Linear Functions,Algebra — Linear Functions,Nonlinear Functions 2.pdf,2.27,341ba5db,227 sutbasab : ole) =27 4.55 what isthe minimum value of the given function?,a0 8.55,,"c.110 0.8,025",,B
ocr-00935,Math,Algebra,Linear Functions,Algebra — Linear Functions,Nonlinear Functions 2.pdf,2.28,45df91ee,228 scarce .,"ae) = 1133) ifthe given funtion gis graphed inthe xy-lane, here y= g(2),whatis the y-itercept ofthe graph? 40,1) 8. (0,132) ©.(0,1) (0,12) 229 auss0«29 ‘rectangle has a longth of units and a width of (2 ~ 15) units the rectangle has an area o 76 square units \whatis the value of 22 a",,,,A
ocr-00936,Math,Algebra,Linear Functions,Algebra — Linear Functions,Nonlinear Functions 2.pdf,2.29,d4950429,,Ad 2.19,,c.28 0.76,,B
ocr-00910,Math,Algebra,Linear Functions,Algebra — Linear Functions,Nonlinear Functions 2.pdf,2.3,926c246b,"23 s2eczseb paseo ‘Te equation above estimates the global data trafic D, in terabytes, forthe ‘year that ist yeors after 2010. What i the best interpretation ofthe number 5.640 inthis context? [A The estimated amount of increase of data trafic, in terabytes, each year 18. The estimated percent increase inthe data trafic, in terabytes, each year",,,"C. The estimated data traffic, in terabytes, forthe year that st years after 2010 . The estimated data traffic, in terabytes, in 2010,",,D
ocr-00937,Math,Algebra,Linear Functions,Algebra — Linear Functions,Nonlinear Functions 2.pdf,2.3,3918e8bc,"Nonlinear Functions 2 230 s218esbe ‘An objectis kicked from a platform. The equation h = —4.0¢7 + 7t +9 represents this situation, where his the height ofthe object above the ground, in meters, t seconds after it is kicked. Which number represents the height, in meters, from which the object was kicked?",AO 849 ar,,,D9,D
ocr-00938,Math,Algebra,Linear Functions,Algebra — Linear Functions,Nonlinear Functions 2.pdf,2.31,252a3b3a,>,,,COPS COCO COO eC CCC CNT Soy conned REEE EEA! CTA PCO PCCP ECAH i,,B
ocr-00939,Math,Algebra,Linear Functions,Algebra — Linear Functions,Nonlinear Functions 2.pdf,2.32,0aaef7aa,‘Which ofthe following could be the equation of the graph shown nthe 2y-plane?,Ay =— hale —4)(2+5),By ele —4)(2 +5)?,C.y= ale —5)(2 +4) b.y=—pe(x-5)%(x+4) “The function pis defined by p(n) = Tn}. What is the value of m when pn) is equal to 56? AQ,,A
ocr-00940,Math,Algebra,Linear Functions,Algebra — Linear Functions,Nonlinear Functions 2.pdf,2.33,3c600337,Nonlinear Functions 2 Question 10 233 soon “The funtion fis dined by f(2) = 270(0.1)*. Whats the value of f(0)?,Ao 81,,car .270,,D
ocr-00941,Math,Algebra,Linear Functions,Algebra — Linear Functions,Nonlinear Functions 2.pdf,2.34,f880f910,"236 fas010 ‘The area of a tiangl is 270 square centimeters. The length ofthe base ofthe triangle is 12 centimeters greater than the height ofthe triangle, What isthe height, in centimeters, ofthe triangle?","ANB 18 .30 2.36 235 secoTeca On April 1, there were 283 views of an advertise rnent posted on a website. Every 2 days after April 1, the number of views of",,,,B
ocr-00942,Math,Algebra,Linear Functions,Algebra — Linear Functions,Nonlinear Functions 2.pdf,2.35,68607eca,"‘On April 1, there were 233 views of an advertisement posted on a website. Every 2 days after April 1, the number of views of the advertisement ha increased by 70% ofthe number of views 2 days earlier. The function f gives the predicted number of views = days ater Api. Which equation defines? f(a) = 233(0.70)* 8. f(a) = 233(0.70)** ©. fla) = 238(1.70)* . f(z) = 283(1.70)* 236 dsbiew fla) =a) + 92417",,,,,C
ocr-00943,Math,Algebra,Linear Functions,Algebra — Linear Functions,Nonlinear Functions 2.pdf,2.36,dd3b1e1a,"“ere ae For the given function f, the graph of y = f() in the xy plane passes through the point (0,8), where isa constant. What isthe value of 62",,,,,17
ocr-00944,Math,Algebra,Linear Functions,Algebra — Linear Functions,Nonlinear Functions 2.pdf,2.37,1d3c5c95,"Nonlinear Functions 2 Question# 1 2a sescas (2) = 4,000(0.75)* ‘An entomologist recommended a program to reduce a certain invasive beetle population in an are. The given function estimates ths beetle species’ population years after 2012, where 2 <7. Which of the following isthe best interpretation ‘of 4,000 in this context? 'A.The estimated inital beetle population for this species and area in 2012 8. The estimated beetle population for this species and area 7 years after 2012 €. The estimated percent decrease inthe beetle population for this species and area each yer after 2012 . The estimated percent decrease inthe beetle population for ths species and area every 7 years after 2012",,,,,A
ocr-00911,Math,Algebra,Linear Functions,Algebra — Linear Functions,Nonlinear Functions 2.pdf,2.4,50e40f08,"24 soecotos Sa) = (2+ 6)(2~4) Ifthe given function fis graphed in the xy-plane, where y = f(z), what isthe x-coordinate of an x-intercept of the greph?",,,,,2
ocr-00912,Math,Algebra,Linear Functions,Algebra — Linear Functions,Nonlinear Functions 2.pdf,2.5,be0c419e,"Nonlinear Functions 2 25 bedeatae Immanuel purchased a certain rare coin on January 1. The function f(z) = 65(1.08)*, where O << 10, gives the predicted value, in dollars, ofthe rare coin # years after Immanuel purchased it. What is the best interpretation of the statement “f(8) is approximately equal o 82"" in this context? ‘A. When the rare coin's predicted value is approximately 82 dollars, itis 87% greater than the precicted value, in",,,"C. From the day Immanuel purchased the rare coin to 8 years after Immanuel purchased the coin, its predicted value increased by a total of approximately 82 dollars . 8 years after Immanuel purchased the rare coin, its predicted value is approximately 82 dollars.","dollars, on January 1 ofthe previous year. ', When the rare coin's predicted value is approximately 82 dollars, it is 8 times the predicted value, in dollars, on “January 1of the previous year",D
ocr-00913,Math,Algebra,Linear Functions,Algebra — Linear Functions,Nonlinear Functions 2.pdf,2.6,a31417d1,"SE TE PNR NG I NN, RP PO TINS 1S TY SS Seneee. 26 amare — From 2008 trough 20%, the number of music CDs sodinthe United States declined each yearby approximately 15% ofthe number sold the preceding year. 2005 approsimately 600 milion CDs were sold in the United States. Of the falloning, wich best models the number of milons of CDs soldi the United Sats, ¢ years after 20057","a. c= 60000154 2, c=s00085!",,"c. C=600(1.15)"" . C=eool1 a5)",,B
ocr-00914,Math,Algebra,Linear Functions,Algebra — Linear Functions,Nonlinear Functions 2.pdf,2.7,c4cd5bcc,,A f10) aft) 2) 0.),,"C= 600(1.85)' ” — In the xy-plane, the y-coordinate of the y-intercept of the graph of the function fie, Which ofthe following mit be eal toc?",,A
ocr-00915,Math,Algebra,Linear Functions,Algebra — Linear Functions,Nonlinear Functions 2.pdf,2.8,78d5f91a,"Nonlinear Functions 2 28 Tadsione Fada +a? =Gx=t Forth function f defined above, whatis the value of f(—1)2",Aci 8-7 7,,,,C
ocr-00916,Math,Algebra,Linear Functions,Algebra — Linear Functions,Nonlinear Functions 2.pdf,2.9,d675744f,,,,,,D
ocr-00945,Math,Algebra,Linear Functions,Algebra — Linear Functions,Nonlinear Functions 3.pdf,3.1,91e7ea5e,Nonlinear Functions 3 Question# 1,At 82 ca,"Bi olerease = 26e-4F=32 The quacate funtion hs defined as shown. the xy-plane, the graph of Y=)intersects the x-ais athe points (0 Oand (2.0) where tis a",constant. What isthe value of ¢?,De,D
ocr-00954,Math,Algebra,Linear Functions,Algebra — Linear Functions,Nonlinear Functions 3.pdf,3.1,0121a235,[of =| Le] |,A(x-3),,,,D
ocr-00955,Math,Algebra,Linear Functions,Algebra — Linear Functions,Nonlinear Functions 3.pdf,3.11,70753f99,Nonlinear Functions 3 sn 707sst09 “The function fis defined by x) = 0¢+3)x +1). The graph of fin the xy- plane isa parabola. Which of the following intervals contains the x= ‘coordinate ofthe vertex of the graph of f?,Andex<-3,B-3<x<t,CG 1<x<3,D 3<x<4,B
ocr-00956,Math,Algebra,Linear Functions,Algebra — Linear Functions,Nonlinear Functions 3.pdf,3.12,58dcc59f,,,"Br sedcesot a ‘landscapers designing a rectangular garden. The length ofthe garden is to_be 5 feat anger than the width. f the area ofthe garden wl be 104 square fet, what willbe the length in foe, ofthe garden? si eadassta For the funtion f,f(0) = 86, and foreach increase in 2 by 1, the value of f(z) decreases by 807%. Whats the value of (2)?",,,13
ocr-00957,Math,Algebra,Linear Functions,Algebra — Linear Functions,Nonlinear Functions 3.pdf,3.13,84dd43f8,,"axe satan ~M= 1 B0002F The equation above models the number of members, M, af a gym years after the gym opens. Of the folowing, which evation models the number ‘of members of the gym g quarter year aftr the gym opens? 2 M=1,800(1.02)"" A 8, M=1,800(1.02)""""",,"c.M=1,800(1.005)** 1b. M=1,800(1.082)""",,3.44
ocr-00958,Math,Algebra,Linear Functions,Algebra — Linear Functions,Nonlinear Functions 3.pdf,3.14,59d1f4b5,es,,,,,A
ocr-00959,Math,Algebra,Linear Functions,Algebra — Linear Functions,Nonlinear Functions 3.pdf,3.15,01668cd6,Nonlinear Functions 3,Actonly B.tlonly,"BIS otcescu ‘The functions f and g are defined by the given equations, where x > 0, Which ofthe following equations isplays, a8 a constant or coefficient, the maximum value ofthe function it defines, where 2 > 0? 1. fla) = 33(0.4)""*> 1. g(2) = 33(0.16)(0.4)*-?",C.tand i,D. Neither I nor t,B
ocr-00960,Math,Algebra,Linear Functions,Algebra — Linear Functions,Nonlinear Functions 3.pdf,3.16,635f54ee,316 site,"aye a) The surface aoa ofa cubeis (4 ), whereas postive constamt Which ofthe folowing gives the perimstr of ne face ofthe cube? a Ag aa",,c.4a °.6a,,B
ocr-00961,Math,Algebra,Linear Functions,Algebra — Linear Functions,Nonlinear Functions 3.pdf,3.17,de39858a,"317 aessese0 ‘The function h is defined by h (x) = a* + b, where a and b are positive constants. The graph of y = hh (2) in the _ryplane passes through the points (0,10) ara (2, SE). Whatis te value of ab?",at eg,,c.64 0.60,,C
ocr-00962,Math,Algebra,Linear Functions,Algebra — Linear Functions,Nonlinear Functions 3.pdf,3.18,1178f2df,"318 Want | 21 | -s | ‘The table shows three valesofz and ther carresponding values of, where y= f(z) +4 and fis a quadratic function. What is the y-coordinate of the y-intercept of the graph of y = f(x) in the xy-plane?-",,,,,-2112
ocr-00963,Math,Algebra,Linear Functions,Algebra — Linear Functions,Nonlinear Functions 3.pdf,3.19,84e8cc72,"Nonlinear Functions 3 19 Béesce72 ‘A.quadratic function models the height, in feet, of an object above the ground in terms of the time, in seconds,","after the object is launched off an elevated surface. The model indicates the object has an intial height of 10 feet above the ground and reaches its maximum height of 1,034 feet above the ground 8 seconds after being launched. Based on the model, what is the height, in fet, ofthe object above the ground 10 seconds after being launched? A284 8.778",,c.970 2.1014,,C
ocr-00946,Math,Algebra,Linear Functions,Algebra — Linear Functions,Nonlinear Functions 3.pdf,3.2,a9084ca4,"32 s0sKea4 OO fle) = 9,000(0.66)"" The given function J models the number of advertisements 2 company sent tots clients each year, where 2 represents the numberof years since 1997, and 0 < x < 5.1 y= f(@) is graphed in the xy-plane, which ofthe following isthe best interpretation ofthe y-intercept of the graph inthis context? [A The minimum estimated number of advertisements the company sent tots cents during the 5 years was 4,708. 8. The minimum estimated number of advertisements the company sent tots clients during the 5 years was 9,000.",,,"C. The estimated numberof advertisements the company sent tots clients in 1097 was 1,708. 1. The estimated number of advertisements the company sent tots clents in 1997 was 9,000.",,D
ocr-00964,Math,Algebra,Linear Functions,Algebra — Linear Functions,Nonlinear Functions 3.pdf,3.2,4b642eef,"320 desuzect “The total distance d, in meters, traveled by an object moving ina straight lie can be modeled by a quadratic function that is defined in terms oft, ‘where tis the time in seconds. At atime of 100 seconds, the total distance traveled by the object is 50.0 meters, and at a time of 20.0 seconds, the {otal distance traveled by the object is 200.0 meters. ithe object was at",,,,"distance of 0 meters when t=O, then what isthe total distance traveled, in meters, by the object after 30.0 seconds?",450
ocr-00965,Math,Algebra,Linear Functions,Algebra — Linear Functions,Nonlinear Functions 3.pdf,3.21,9f2ecade,,,"Bm stzecade Hat at Foxte The function his defined above, where a, b, and care integer constants. If the zeros ofthe function are —5, 6, and 7, what s the value of ¢?",,,210
ocr-00966,Math,Algebra,Linear Functions,Algebra — Linear Functions,Nonlinear Functions 3.pdf,3.22,6f5540a5,"Nonlinear Functions 3 Question# 1 322, ofsscoas kao measured tho temperature of a cup of hot chocolate placed in 2 oom with a constant temperature of 0 degrees Ftvenheit(). The temperature ofthe hot chocolate was 185°F at 6.00 pm. hen started","A. Tim)= 185(1.25)"" 8. Tm) = 185(0.85)""",,"coolng, The temperature ofthe hot chocolate was 16°F at 6:05 pan, and 15°F at 6:10 pm. The hot chocolates temperature continued to decease. (Of the ftowing functions, which best models te temperature Tl), in grees Farenheit of Kaos hot chocolate m minutes aftr it started enolng?",,D
ocr-00967,Math,Algebra,Linear Functions,Algebra — Linear Functions,Nonlinear Functions 3.pdf,3.23,b73ee6cf,Tim) =(185~70K0.75) >,,,"c. Tim)=70+115(0.75) > . 323 weet a “The population ofa towns eutenty 50,000, nd the populations ‘estimated to increase each yearby 3% from the previous year Which ofthe following equations canbe used to estimate the numberof year, wil take for the population ofthe town to rach 60,000 7 ‘4, 50,000 = 60,000(0.03)'",,D
ocr-00968,Math,Algebra,Linear Functions,Algebra — Linear Functions,Nonlinear Functions 3.pdf,3.24,7eed640d,"2, 50,000 =60,000(3",,,"cc, 60,000 = 50,000(0.03)"" , 60,000 =50,000(1.03) 326 Teeassod RG) = = 182 #1000410 The quadratic function above models the height abave the ground in {eet of projectile x seconds atterithad been launched vertcaly. I {y=)(0) is araphed inthe xy-plane, hich ofthe following eepresent the real: ife meaning ofthe postive x-intercept of he graph? |A.The Initia height of the projectile",,D
ocr-00969,Math,Algebra,Linear Functions,Algebra — Linear Functions,Nonlinear Functions 3.pdf,3.25,43926bd9,"Nonlinear Functions 3 Question# 1D 325 combs [2 [| [2 [#| Fr the exponential unetion the table above shows several valves of x and their corresponding valves of (0), where ais a constant greater than 1 Fis a constant and £(K)= a, what isthe value of k?",,,,,8
ocr-00970,Math,Algebra,Linear Functions,Algebra — Linear Functions,Nonlinear Functions 3.pdf,3.26,a7711fe8,3260 a77mies ‘What isthe minimum value of the function,Ae 8-2,,c.2 24,defined by F(X) = (x2)? 42,A
ocr-00971,Math,Algebra,Linear Functions,Algebra — Linear Functions,Nonlinear Functions 3.pdf,3.27,1a722d7d,327 rasta =,,,"constant. f p(¢)=10, whats the valve of (12) 7 4.1000 8.1025 c.1078 p.1100",,D
ocr-00972,Math,Algebra,Linear Functions,Algebra — Linear Functions,Nonlinear Functions 3.pdf,3.28,70fb357b,"Nonlinear Functions 3 Question# 1 328 vot | y= 576) The graph of the given equation inthe x-plane has ayntercep of (r, 8). Which ofthe following equivalent equations",aya 2,,coy = 820) (5767 1 5764 Dum ae,"displays the value of # a8 a constant, a coefcient, or the base? py = 301770""",A
ocr-00973,Math,Algebra,Linear Functions,Algebra — Linear Functions,Nonlinear Functions 3.pdf,3.29,ce508fb0,"329, exso6tto | ‘The functions f and gare defined by the glen equations. f(z) =3-+ | ~ 2x ~ 22| g(w) = |=] —w+5 If f(—4) = ¢, where cis a constant, what isthe value of g(c)? 330 eiouy? oo p(t) = 90,000(1.06)* The given funetion p models the population of Lowell year after @ census, Which a the foloning functions best",,,,,-4.9
ocr-00947,Math,Algebra,Linear Functions,Algebra — Linear Functions,Nonlinear Functions 3.pdf,3.3,b8f13a3a,"330 banass Function f is defined by f(z) = —a® + b, where a and b are constants. In the xy-plane, the graph of ‘¥= fle) —12hasa y-inercep at (0,2). The product ofa and bis 32. whatis the value of a? 34 7o0medo SEE EDEEEE _Amachine launches a sotball from ground level, The softball aches a maximum height of 51.84 meters above the ground at 1.8 seconds and hits the ground at 3.6 seconds. Which equation represents the height above ‘round h, in meters, ofthe softball f seconds ater itis launched?",,,,,20
ocr-00974,Math,Algebra,Linear Functions,Algebra — Linear Functions,Nonlinear Functions 3.pdf,3.3,1fe10d97,noone eee Ne NPS NN L/S IIIS models the population of Lowell m months after the census?,"A.r(m) = 22° (1.06)"" 8. r(m) = 90,000( 381)”",,"cc. r(m) = 90,000( 484) * ©. r(m) = 90,000(1.06) ® Sa ces7o0s9 ‘Amodelestinatos that atthe end of each yer from 2015 to 2020, tho numberof equirel in a population was 150% moce than the number of squires the population atthe end of the previous year. The model estimates that at the end of 2016, there were 180 sauirels in the population. Which ofthe following equations represents {his modal, were ms the estimated number af squirts in the population ¢ years ater the end of 2015 and t < 5 ?",,D
ocr-00975,Math,Algebra,Linear Functions,Algebra — Linear Functions,Nonlinear Functions 3.pdf,3.31,ce579859,z,An= 72015} an= 7225),,con = 180(1.5)! p.n = 180(2.5)°,,B
ocr-00976,Math,Algebra,Linear Functions,Algebra — Linear Functions,Nonlinear Functions 3.pdf,3.32,6d9e01a2,"Nonlinear Functions 3 Question# 1D 332 Geom fla) = 4a? — 502 + 126 “The given equation defines the funtion f. For what valve of does f(2) reach its minimum? 333, bosnaeeb ‘When the quadkatic function fi graphed in the x7plano, where y = f(a), its vertex is (8,6). One ofthe x intercepts ofthis graphs (~¥2,0). whatis the other x-intercept of the graph?",,,,,6.25
ocr-00977,Math,Algebra,Linear Functions,Algebra — Linear Functions,Nonlinear Functions 3.pdf,3.33,bba18ecb,,"A(- 2,0) 8(- 4,0)",,"c. (4,0) 0.2.0) sa34 abesonos For the function J, for each increase inthe value of 2 by where cs a postive constant, the value of (2) increases by a factor of 27. Which ofthe folowing equivalent forms ofthe function f displays 1 as a coefficient of 2? ® plz) = 483)""",,B
ocr-00978,Math,Algebra,Linear Functions,Algebra — Linear Functions,Nonlinear Functions 3.pdf,3.34,abcd0003,"‘The function f(z) = (2 ~ 7)? + 3 gives a metal bal's height above the ground f(2), in inches, 2 seconds",,,,,B
ocr-00979,Math,Algebra,Linear Functions,Algebra — Linear Functions,Nonlinear Functions 3.pdf,3.35,f2d60b99,ee,"attr it started moving ona track, where 0 < 2 < 10. Which ofthe following isthe best interpretation of the vertex of the graph of y= f(z) inthe xy-plane? {A The metal bal's minimum height was inches above the ground. 8. The metal bal's minimum height was 7inches above the ground. . The metal ball's height was 3 Inches above the ground when it started moving . The metal bal's height was 7 inches above the ground when it started moving",,,,A
ocr-00980,Math,Algebra,Linear Functions,Algebra — Linear Functions,Nonlinear Functions 3.pdf,3.36,4dd4efcf,"Nonlinear Functions 3 336 AddKetet fle) = a2? +42 +6 Inthe given quadratic function, a and c are constants, The graph of y = f(z) in the xy-plane isa parabola that ‘opens upward! and has a vertex atthe point (hk), where h and are constants. it < Oand f(—9) = f(8), hich ofthe following must be true? Le<0 Wa>d",Atonly,B.tlonly,C.tand i,D. Neither | nor,D
ocr-00981,Math,Algebra,Linear Functions,Algebra — Linear Functions,Nonlinear Functions 3.pdf,3.37,b7c74b73,,Aa 85,,c.30 0.4,"D. Neither | nor It 337 wears $(z) = 5,470(0.64) = The function f gives the value in dollars, of a certain piece of equipment after 2 months of use. the value ofthe equipment decreases exch yearby pl of ts uae the preceding year, whatisthe value ofp?",C
ocr-00982,Math,Algebra,Linear Functions,Algebra — Linear Functions,Nonlinear Functions 3.pdf,3.38,a58232b7,"338° some ‘The functions g and h are defined bythe given equations, where z > 0. Which ofthe following equations displays, as @",Aoniy,B.tlonly land . Neither noe t,"constant or coefficient, the minimum value of he function it defines, where x > 0? | g(a) = 18(1.16)(1.4)""""? 1 h(a) = 18(.4)?""¢",,D
ocr-00983,Math,Algebra,Linear Functions,Algebra — Linear Functions,Nonlinear Functions 3.pdf,3.39,f25a34aa,"339 5asaa0 ‘The area of a tangle is equal to 2” square centimeters. The length of the base of the triangle is 2x + 22 centimeters, and the height ofthe tangle is — 10 centimeters. What is the value of 27",,,,,110
ocr-00948,Math,Algebra,Linear Functions,Algebra — Linear Functions,Nonlinear Functions 3.pdf,3.4,7902bed0,EEE OO,Ah=-#436,Bh= 4 51.84 ©.h= ~16(#+ 5184)?—36,,Dh = -16(¢~1.8)? + 51.84,D
ocr-00984,Math,Algebra,Linear Functions,Algebra — Linear Functions,Nonlinear Functions 3.pdf,3.4,668f1863,Nonlinear Functions 3. Function fis a quadratic function where f(—20) = 0 and f(—4) = 0. The graph of y = f(z) in the xy-plane has a vertex ‘at (r5 —64). Whats the value of? neers,,,,,-12
ocr-00985,Math,Algebra,Linear Functions,Algebra — Linear Functions,Nonlinear Functions 3.pdf,3.41,df71424b,,,,"CCCeeeeees eee PPP err Ppt Ty PPP ere PPP. TH HH PEP eee FEAL PO ey HERE HHH Pree HAE HHH ORR R Eee ee PPP The graph of y = f(z) is shown, where f(x) = ab* + cand a, b, and care constants. For how many values of 2 does fe) =0",,D
ocr-00986,Math,Algebra,Linear Functions,Algebra — Linear Functions,Nonlinear Functions 3.pdf,3.42,d139cf4b,"0. ze0 f(t) = 55t — 20? Thefurton fs fined bythe pve equation The unto gis defined by 4) = (t) + 8, Which expression represents ‘ne maximum valve of 9)?","as+(3) as42(%)"" ea-2()'",,,,B
ocr-00987,Math,Algebra,Linear Functions,Algebra — Linear Functions,Nonlinear Functions 3.pdf,3.43,8462b105,"Nonlinear Functions 3 Question 10 MAS Gane unctonf gies the producto a number, anda number thats 91 more than 2. Which equation defines /?",Af(e)=27 +2491,B.f(@)=22 +91 © f(a) =a? +912 bf) = 22+ 912491,,,C
ocr-00988,Math,Algebra,Linear Functions,Algebra — Linear Functions,Nonlinear Functions 3.pdf,3.44,35e05e19,"346 s5005a19 'A park ranger hung squirel houses each in the shape ofa right rectangular prism for fox squirrels. Each house has a height, ‘of 11 inches. The length of each houses base is inches, which is 1 inch more than the width of the house's base. Which {unction Vives the volume of each house, in cubic inches in terms of the length of the house's base?",AV(2) = Ma(e-1) 8.V(z) = Mae +1) 6.V(2) = 2(2+1)(2-1),,,D.V(2) =2(@+U)(e+1),A
ocr-00989,Math,Algebra,Linear Functions,Algebra — Linear Functions,Nonlinear Functions 3.pdf,3.45,ebed7dc6,"34s eveanaes [An auditorium has seats for 1,800 people. Tickets to attend a show atthe auditorium currently cost $4.00. For each $1.00 increase tothe ticket price, 100 fewer tickets willbe sold. Ths situation can be modeled by the equation ‘y= 1002 + 1,4002 + 7,200, where 2 represents the increase in ticket pric, in dollars, and y represents the revenue in",Ad,BT,cu 0.18,"dollars, rom ticket sales. this equation is graphed inthe xy-plane, at what value of isthe maximum ofthe graph?",B
ocr-00990,Math,Algebra,Linear Functions,Algebra — Linear Functions,Nonlinear Functions 3.pdf,3.46,128c75e2,,"a6 1c75e2 ‘The function gis defined by g(x) = “21 — 14, where a < 0. What is the product of g(15a) and g(7a)?",,,,609
ocr-00949,Math,Algebra,Linear Functions,Algebra — Linear Functions,Nonlinear Functions 3.pdf,3.5,4a0d0399,"Nonlinear Functions 3 Question# 1 35 ssoua399 OO “The funtion fis defined by (2) = a® +8, where a and bare constants nthe 2y-plane, the graph of y= f(e) hasan -intercept at (2,0) anda yntercept at (0,823). What isthe value fb 36 seshaua7 —— Fla) = ~500%2+ 25 000% “The revenue /() In dotars that a company ecelves fm sale ofa",,,,,-324
ocr-00950,Math,Algebra,Linear Functions,Algebra — Linear Functions,Nonlinear Functions 3.pdf,3.6,9654add7,"(The revenue f'\X), in dollars, that a company receives from sales of a product is given by the function f above, wiere xis the unt price, in dolas, ‘ofthe product. The graph of y = /(x)in the xy-plane intersects the x-axis {0 and a. What does a represent? [A The revenue, in dolars, when the unit price of the product fs $0 8. The unit price, n dolar, ofthe product that wil result n maximum revenue ©. The unit price, n dolar, ofthe product that will esutn a revenue of $0 ©. The maximum revenue, in dolar, thatthe company can make 37 2est9887 ~~ Growth of a Culture of Bacteria",,,,Day | Number of bacteria ner},C
ocr-00951,Math,Algebra,Linear Functions,Algebra — Linear Functions,Nonlinear Functions 3.pdf,3.7,263f9937,mad milliliter at end of day [ap ze [2 | sexi [2 | 1.0108 nowt,,,,,D
ocr-00952,Math,Algebra,Linear Functions,Algebra — Linear Functions,Nonlinear Functions 3.pdf,3.8,18e35375,Nonlinear Functions 3 quesion# F(z) = (@—14)(z + 19) _,a9 oR,,,,D
ocr-00953,Math,Algebra,Linear Functions,Algebra — Linear Functions,Nonlinear Functions 3.pdf,3.9,9afe2370,"39 safe7570 “The population Pofa certain city y years after the ast census is modeled by the equation below, where ris ‘constant and p, isthe population when y = PHP IY during this time the population of the city decreases by a fied percent ‘each year, which of the following must be true?",Arent,Brera,Cocret Brot,,B
ocr-00662,Math,Algebra,Linear Inequalities,Algebra — Linear Inequalities,Linear Inequalities 1.pdf,1.1,2c121b25,Linear Inequalities 1,a amas ‘Valentina bought two containers of beads. n the frst container 30% ofthe,"beads are red, and inthe second container 70% ofthe beads are red Together, the containers have at least 400 red beads. Which inequality shows this relationship, where xis the total numberof beads inthe fst ‘container and ys the total number of beads inthe second container? A 03x +0,7y 2400 8.0.7 +03y<400 44t yt 5400",,D.30x+70y>400,A
ocr-00671,Math,Algebra,Linear Inequalities,Algebra — Linear Inequalities,Linear Inequalities 1.pdf,1.1,72a5fd28,"tuo z238t28, | For party, 50 dinner rolls are needed. Dinner rolls are sold in packages of 12. Whats the minimum number of packages ‘that should be bought forthe party?",,,,,5
ocr-00672,Math,Algebra,Linear Inequalities,Algebra — Linear Inequalities,Linear Inequalities 1.pdf,1.11,86f7483f,Linear Inequalities 1,am astra,,,"During spring migration, a dragonty traveled a minimum of 1,510 miles and « maximum of 4,130 miles between stopover locations. Which inequality represents ths situation, where di a possible distance, in miles this dragonfly traveled between stopover locations during spring migration? Ads1510 81,510 <d< 4,130 ed 4130 0.4130 < d < 5,640",B
ocr-00673,Math,Algebra,Linear Inequalities,Algebra — Linear Inequalities,Linear Inequalities 1.pdf,1.12,cfe67646,"uz cesvese “The point (8,2) in the xy-plane isa solution to which of the following systems of inequalities?",Aw>o y>o,Br>0 y<0,cro y>0 be<o y<0,,A
ocr-00674,Math,Algebra,Linear Inequalities,Algebra — Linear Inequalities,Linear Inequalities 1.pdf,1.13,208626df,"was 2086260"" 204 2w <27 ‘Arectangle has length? and width w. The inequality gives the possible values off and w for which the perimeter ofthis. rectangle is less than or equal to 27. Which statement isthe best interpretation of (¢, 0) = (8,3) inthis context? ‘A. the rectangle has length 3 and width 8, its perimeter is less than or equal to 27.",,"Bf the rectangle has length 8 and width 3, its perimeter is less than or equal 0.27. . If the rectangle has length 3 and width 8, its perimeter is greater than or equal to 27. ifthe rectangle has length 8 and width 3, its perimeter is greater than or equal 10.27.",,,B
ocr-00675,Math,Algebra,Linear Inequalities,Algebra — Linear Inequalities,Linear Inequalities 1.pdf,1.14,f01ef454,"Linear Inequalities 1 Me foretse ‘A geologist estimates thatthe volume ofa slab of granite is grater than 12.7 cub feet but less than 15.7 cubic fet. The geologist also estimates thet the slab of granite weighs 165 pounds per cubic foot of volume. Which inequality represents this situation, where represents the estimated total weight, in pounds, ofthe slab of granite?",A165 — 15.7 <2 < 165-127 8165 + 12.7 <2 <165+15.7 ©. 165(12.7) < # < 165(15.7) ow <e<,,,,C
ocr-00676,Math,Algebra,Linear Inequalities,Algebra — Linear Inequalities,Linear Inequalities 1.pdf,1.15,2869fe95,"vas zecer5 For a 3.week period ina town in linos, the lowest recorded temperature was 31 degrees Fahrenhelt (“F) and the highest recorded temperature was 67°F. Which inequality is true for any recorded temperature fin ""Fin this town for this Beek petiod?",ALD os,Bt>6r,cast<e7,Dtsat,C
ocr-00677,Math,Algebra,Linear Inequalities,Algebra — Linear Inequalities,Linear Inequalities 1.pdf,1.16,4a090a46,"me “eee Julissa needs at least 100 hours of flight time to get her private pilot certification. If Julissa already has 86 hours of flight ""ie whais the minim suber of atonal hur of igh tne sus needs 0 get he pratt cerfcaton? ren",ar o.86 186,,,,A
ocr-00663,Math,Algebra,Linear Inequalities,Algebra — Linear Inequalities,Linear Inequalities 1.pdf,1.2,ee439cff,"©. 30x +70y >400 12 ecasaett OO ‘On car trip, Rhett and Jessica each rave for part ofthe trip andthe total distance they drove was under 220 miles. Rhett drove at an average speed of 35 miles per hour (mph), and Jessica drove at an average speed of 40 mph. Which ofthe following inequalities represents ths situation, where rs the number of hours Rhett drove ‘and jis the number of hours Jessica drove?",A.35r + 40j > 220 8.357 + 40j < 220 ©. 40 + 355 > 220 0.40 + 35 < 220,,,,B
ocr-00664,Math,Algebra,Linear Inequalities,Algebra — Linear Inequalities,Linear Inequalities 1.pdf,1.3,563407e5,"1s sesuores [A bakery sells trays of cookies. Each tray contain a least 60 cookies but ‘no more than 60, Which of the following could be the total numberof ‘cookies on 4 trays of cookies?","A165 8. 205 ©. 285, 0.285",,,,B
ocr-00665,Math,Algebra,Linear Inequalities,Algebra — Linear Inequalities,Linear Inequalities 1.pdf,1.4,df32b09c,"Linear Inequalities 1 1% ats2b006 OO “Tom scored 85, 78, and 98 on his fist three exams in history cass. Solving which inequality gives the score, 6, on Tom's fourth exam that wil resuit in ‘amean score onl four exams a at last 90?",A.90-(85+78+98)<4G 8.40-+85+78+982 360 (G+05+78+89) |,,c. 4 aon (05478-+98) pp e046,,C
ocr-00666,Math,Algebra,Linear Inequalities,Algebra — Linear Inequalities,Linear Inequalities 1.pdf,1.5,915463e0,"1s ssaeseo Normal body temperature for an adults between 97,8°F and 99°F, inclusive. If Kevin, an adult male, has a body temperature that is considered to.be norma, which ofthe following could be his body temperature? 4.96.7°F 8.97.8°F",,,c.o7.'F 0.99.7°F,,C
ocr-00667,Math,Algebra,Linear Inequalities,Algebra — Linear Inequalities,Linear Inequalities 1.pdf,1.6,89541f9b,"1s casas Oe Which of the following ordered pairs (x,y) satisfies the inequality Sx—3y <4? 1.0.0) 2.(2,5) 3.6,2)",A.toniy,B.tlonly,C.tanditonly B.tand il only,,C
ocr-00668,Math,Algebra,Linear Inequalities,Algebra — Linear Inequalities,Linear Inequalities 1.pdf,1.7,84d0d07e,"Linear Inequalities 1 17 Bedodore ‘Aclothing store is having a sale on shits and pants. During the sale, the ‘cost of each shirt is $15 and the cost of each pair of pants is $26. Geoff can, spend at most $120 atthe store. if Geoff buys s shirts and p pairs of pants, hich of the folowing must be true?",A.153+25p < 120 8.158-+25p 2120 ©.258+15p < 120 0.25s+15p 2120,,,,A
ocr-00669,Math,Algebra,Linear Inequalities,Algebra — Linear Inequalities,Linear Inequalities 1.pdf,1.8,e744499e,"1s erususse a ‘An elementary schoolteachers ordering x workbooks and y sets of flash ‘ards fora math cass The teacher must order atleast 20 items, but the total cost ofthe order must not be over $80. Ifthe workbooks cast $3 each","and the lash cards cost $4 per set, which of the following systems of inequalities models this situation? x+y220 * axt4y 80 x+y220 © a¢4ay> 80 ax4ay £20",,,,A
ocr-00670,Math,Algebra,Linear Inequalities,Algebra — Linear Inequalities,Linear Inequalities 1.pdf,1.9,b75f7812,,"ax+4ys20 & x+y>00 x4ys20 3 ax+4y 280 19 sen aria plan torent boat. The boat rental costs $60 per hour, and she wll as0 have to pay fra water safety couse that costs $10. Mria wants to spend no more than $280 forthe ental and the couse the Boat ental is avaiable onl fora whole numberof nous, what is the maximum numberof hour for which Maia can rent he boat?",,,,4
ocr-00095,Math,Algebra,Linear Inequalities,Algebra — Linear Inequalities,Linear Inequalities 2.pdf,2.1,f224df07,"Linear Inequalities 2 21 ator ‘Acargo helicopter delivers only 100-pound packages and 120-pound packages. For each delivery trp, the helicopter must cary at east 10 packages, and the total weight ofthe packages can be at most 1100 pounds. Whats the maximum number of 120-pound packages that the",Az a4,,cs,D6,C
ocr-00104,Math,Algebra,Linear Inequalities,Algebra — Linear Inequalities,Linear Inequalities 2.pdf,2.1,948087f2,,"a.(-2,-1) 8.(-1,3)",,,,D
ocr-00105,Math,Algebra,Linear Inequalities,Algebra — Linear Inequalities,Linear Inequalities 2.pdf,2.11,34aca984,"©.(15) 2.@,-1) 2m 36863984. ‘The length ofa rectangle is 50 inches and the width is inches. The perimeter is at most 210 inches. Which inequality represents this situation?",Ade +100 < 210 8.224100 > 210,,,,A
ocr-00106,Math,Algebra,Linear Inequalities,Algebra — Linear Inequalities,Linear Inequalities 2.pdf,2.12,f02b4509,"Linear Inequalities 2 212 foxs<s09 ‘Amoving tuck can tow a tral ifthe combined weight ofthe traier and the bores contains is no more than 4,600 pounds. What isthe maximum numberof boxes ths truck can tow ina trallr with a weight of 500 pounds it ‘ach box weighs 120 pounds?",ASM 8.35 ©.38 0.39,,,,A
ocr-00107,Math,Algebra,Linear Inequalities,Algebra — Linear Inequalities,Linear Inequalities 2.pdf,2.13,6daf8d70,"233 dateav0 ‘Acity employee will plant two types of bushes, azaleas and boxwoods, in a park. There will be no more than 164 total",Aa+b> 164 3a>b Batb> 164 as3b,"bushes planted, and the number of azaleas planted willbe at most thre times the number of boxwoods planted. Which of the following systems of inequalities best represents this situation where ais the number of azaleas that willbe planted, ‘and bis the number of boxwoods that will be planted?",ca+b< 164 Ba>b,Da+b< 164 asa,D
ocr-00108,Math,Algebra,Linear Inequalities,Algebra — Linear Inequalities,Linear Inequalities 2.pdf,2.14,0ef4a7b6,"hateadiaadl 21% ostaama6 [A particular botanist classifies a species of pant as tall its typical height when fully grown is more than 100 centimeters Each of the following inequalities represents the possible heights hn centimeters, for a specific plant species when fully ‘grown, Which inequality represents the possible heights h, in centimeters, fora tall plant species?",A106 <h < 158,B.80<h< 100,Caz ch<sT,DIT <h< 85,A
ocr-00109,Math,Algebra,Linear Inequalities,Algebra — Linear Inequalities,Linear Inequalities 2.pdf,2.15,6cb9bf45,Linear Inequalities 2 ene,,,cars EE],,D
ocr-00110,Math,Algebra,Linear Inequalities,Algebra — Linear Inequalities,Linear Inequalities 2.pdf,2.16,b78cd5df,Le P|,aE EE [Te] | Ls] [ete,,,,25
ocr-00096,Math,Algebra,Linear Inequalities,Algebra — Linear Inequalities,Linear Inequalities 2.pdf,2.2,b1228811,"22 msn Marisa needs to hire at leat 10 staff members for an upcoming project. The Staff members will be made up of junior directors, who willbe paid '$640 per week, and senior crectors, who willbe psid $880 per week. Her","Ayet 640x+880y <9,700","bbudget for paying the staff members is no more than $9,700 per week. She ‘must hire at least 3 junior directors and atleast 1 senior director. Which of the following systems of inequalities represents the conditions described it “xis the numberof junior directors and y isthe numberof senior directors? 640x+880y 29,700 xtys10 x23",,,B
ocr-00097,Math,Algebra,Linear Inequalities,Algebra — Linear Inequalities,Linear Inequalities 2.pdf,2.3,64c85440,"Linear Inequalities 2 23 encaseao In North America the standard width of a parking space sat least 75 fect ‘and no more than 8.0 feet. A restaurant owner recently resurfaced the restaurants parking lot and wants to determine the number of parking spaces, nn the parking lt that could be placed perpenticuiar to a curb that i 135 feet ong, based on the standard wieth of a parking space. ‘Wihich ofthe following describes athe possible values of n?",A 18505135 8.75<n<9 ©. 15505135,,,,D
ocr-00098,Math,Algebra,Linear Inequalities,Algebra — Linear Inequalities,Linear Inequalities 2.pdf,2.4,968e9e51,"2. 15sms18 24 96800051 aoe ys-x ‘Which of the fllowing ordered pairs (X.J) ie solution to the systom of inequalities above? (1.0) 8.(-1,0)",,,c.0.1),,D
ocr-00099,Math,Algebra,Linear Inequalities,Algebra — Linear Inequalities,Linear Inequalities 2.pdf,2.5,bf5f80c6,"2.0,-1) 25 bfstaoce y<—de+4 ‘Which point (, 4) is a solution to the given inequality inthe zy-plane? (4,0) 8. (0,5) 6.21) 2.2, -1)",,,,,A
ocr-00100,Math,Algebra,Linear Inequalities,Algebra — Linear Inequalities,Linear Inequalities 2.pdf,2.6,80da233d,"Linear Inequalities 2 26 eodazsss OO ‘Acerain elephant weighs 200 pounds at birth and gsins more than 2 but less than 3 pounds per day during its ist year. Which ofthe following inequalities represents all possible weights, in pounds, forthe slephant 385 days after birth? 4. 400<w <600 8.585<w <930 ©.730<w < 1,095 0.930<w< 1.295",,,,,D
ocr-00101,Math,Algebra,Linear Inequalities,Algebra — Linear Inequalities,Linear Inequalities 2.pdf,2.7,b31c3117,"27 bes H=120p +60 The Karvonen formula above shows the relationship between Alice's target heart rate Hy in beats per minute (opm), and the intensity level p of citferent","activites. When p = 0, Alice has aresting heart rate. When p = Alice has her maximum heart rate. ts recommended that p be between 0.5 and 0.85 for Aice when she trains. Which ofthe folowing inequalities describes ‘Alice's target training heart rate? 4120545162 8.102<Hs 120",,c.60<H<162,,A
ocr-00102,Math,Algebra,Linear Inequalities,Algebra — Linear Inequalities,Linear Inequalities 2.pdf,2.8,e9ef0e6b,"Sere 2. 60<H<102 28 esetoech ae ‘A model estimates that whales from the genus Eschrichtus travel 72 to 77 miles in the ocean each day during ‘their migration. Based on tis model, which inequality represents the estimated total number of miles, , a whale ‘rom the genus Eschrichtus could travel in 16 days of its migration?",ATH S2<77+16 8. (72)(16) < # < (77)(16) O2<16+2<77 0.72 <16r <7,,,,B
ocr-00103,Math,Algebra,Linear Inequalities,Algebra — Linear Inequalities,Linear Inequalities 2.pdf,2.9,90bd9ef8,"Linear Inequalities 2 29 sooa9ete “The average annual neray cost fora certain home is $4,334, The homeowner plans to spend $26,000 to install a geothermal heating system, The homeowner estimates thatthe average annual energy cost wil then be $2,712. Which ofthe following inequalities canbe solved to find tthe numberof years after installation at which the total amount of energy cost savings will exceed the instalation cost? 4. 25,000> (4394-2,712)t 8. 25,000 <(4,334-2,712)t ©.25,000-4,534>2712t",,,,,B
ocr-00895,Math,Algebra,Linear Inequalities,Algebra — Linear Inequalities,Linear Inequalities 3.pdf,3.1,45cfb9de,"Linear Inequalities 3 31 Asefbode ‘Adam's schoo isa 20-minute walk ora S-minute bus ride away from his house. The bus runs once every 30 minutes, and the numberof minutes, w that Adam waits forthe bus varies between 0 and 30. Which of the folowing inequalities gives the values of w for which i would be faster for ‘Adam to walk to school?",A.w-5<20 8.w-5>20 ©.w+5<20,,,D.w+5>20,D
ocr-00904,Math,Algebra,Linear Inequalities,Algebra — Linear Inequalities,Linear Inequalities 3.pdf,3.1,b8e73b5b,"310 bseTs050 OO Ken is working this summer as pat of @ crew on a farm. He earned $8 per hour forthe frst 10 hours he worked this week. Because of his performance, his erew leader raised his salary to $10 per hour forthe est ‘ofthe week. Ken saves 90% of his earnings from each week. What isthe least numberof hours he must work the ret of the week to save at least $270 for the week?",A38 233,,cm,D6,C
ocr-00905,Math,Algebra,Linear Inequalities,Algebra — Linear Inequalities,Linear Inequalities 3.pdf,3.11,830120b0,Linear Inequalities 3 3m sson080 Oe yrae-t 2x>5 ‘ihc ofthe following consists ofthe y-coordinates of al the points that satisty the system of inequalities above?,Ayes,By>d > oY 2,,,B
ocr-00906,Math,Algebra,Linear Inequalities,Algebra — Linear Inequalities,Linear Inequalities 3.pdf,3.12,68c5c81a,">2 oz rz eacscet Lz + dy < 115 ‘Anthony wil spend at most $115 to purchase z smal cheese pizzas and y large cheese pizzas for a team dinner. The given inequalty represents this situation. Which of the folowing is the best interpretation of 14y in this context? ‘A. The amount, in dollars, Anthony will spend on each large cheese pizza 8. The amount, in dollars, Anthony will spend on each small cheese pizza",,,"C. The total amount, in dolar, Anthony will spend on large cheese pizzas","D. The total amount, in dollars, Anthony will spend on small cheese pizzas",C
ocr-00907,Math,Algebra,Linear Inequalities,Algebra — Linear Inequalities,Linear Inequalities 3.pdf,3.13,55ea82f3,Linear Inequalities 3,a3 frsz09 y<r42 For which of the folowing tables areal he values of and their corresponding values of solutions tothe given inequality? {= To] 8 [= T+] a,,,,B
ocr-00896,Math,Algebra,Linear Inequalities,Algebra — Linear Inequalities,Linear Inequalities 3.pdf,3.2,95cad55f,Se 32 scoasst ‘A laundry service is buying detergent and fabric softener trom its supplier. The supplier will deliver no moce than 300 pounds ina shipment. Each,,,"container af detergent weighs 735 pounds, and each container af fabric softener weighs 6.2 pounds, The service wants to buy atleast twice a3 many containers of detergent as containers of fabric softener. Leta represent the number of containers of detergent, and ets represent the numer of containers of fabric softener, where d and sare nonnegative integers. Which ofthe following systems of inequalities best represents this 4, 735d-+82s < 300 22s",,A
ocr-00897,Math,Algebra,Linear Inequalities,Algebra — Linear Inequalities,Linear Inequalities 3.pdf,3.3,ee2f611f,"9, 735d+628 300 22s ¢, W470+62s<300",,,,"dz2s p, 1470+62s<300 228 33 cextonr OO ‘Alocal transit company sells a monthy pass for $95 that allows an Unlimited! number of trips of any length. Tickets for individual trips cost $1.0, $250, or $3.60, depending onthe length ofthe tip. What isthe trikewer exeuber of trices coer cennah fer which @ exwetie cewe coabdcme",28
ocr-00898,Math,Algebra,Linear Inequalities,Algebra — Linear Inequalities,Linear Inequalities 3.pdf,3.4,6c71f3ec,"Linear Inequalities 3 Me ecnttee ‘A salespersons total earnings consist of abase salary of 2 dollars per year, plus commission earrings of 11% of ‘the total sales the salesperson makes during the year. This year, the salesperson has a goa forthe total earings tobe et least 3 times and at mest 4 times the base solar. Which ofthe folowing Inequaltis repvesents al possible values of total sales 6, in dollars, the salesperson can make this yearin order to meet that got?",Ate <s<3e,Bhesss che,C82 <0< de oheses che,,B
ocr-00899,Math,Algebra,Linear Inequalities,Algebra — Linear Inequalities,Linear Inequalities 3.pdf,3.5,1a621af4,"35 tacztte ‘Anumber is at most 2 less than 8 times the value of y. Ifthe value of yis ~4, what isthe greatest possible value of 2? 6 tosstoca [Apsychologist set up an experiment to study the tendency of a person to select the fist tem when presented wit a series af items. in the ‘experiment, 300 people were presented with a set of five pictures arranged in random order. Each person vas asked to choose the most appealing",,,,,-14
ocr-00900,Math,Algebra,Linear Inequalities,Algebra — Linear Inequalities,Linear Inequalities 3.pdf,3.6,1035faea,"picture. Of the ist 190 participants, 36 chose te ist picture inte set. “Aang the remsinng 10 participants, p people chose the ft pctre in the set. more than 20% ofa participants chose the frst pcture nthe set, ich ofthe folowing inequalities best describes the possibe values of p?","A, p> 020(300-36), where p < 150 8, p> 020300 +36), where p< 150 ©. p~36 > 020(300), where p< 150",,,"D, 2 +36 > 0.20(300), where p < 150 a7 sotsised a",D
ocr-00901,Math,Algebra,Linear Inequalities,Algebra — Linear Inequalities,Linear Inequalities 3.pdf,3.7,5bf5136d,"‘37 Sbfsised Cc ‘The triangle inequality theorem states thatthe sum of any two sides of a triangle must be greater than the length ‘ofthe thie side. Ifa triangle has side lengths af 6 and 12, which inequality represents the possible lengths, , of ‘the thi side ofthe triangle?",Ar<is,B2>18,cé<2<l8,Die <Gore> 18,C
ocr-00902,Math,Algebra,Linear Inequalities,Algebra — Linear Inequalities,Linear Inequalities 3.pdf,3.8,e8f9e117,Linear Inequalities 3 38 cote” ava R The formula above is Ohm's aw fr an electric cuit wth current in,"amperes, potential itference Vin volts, and resistance , in ohms. A circuit has a resistance of 800 ohms, andits potential iference wil be generated","by a six-volt batteries that produce a total potential diference of 6 vt. ‘the circuits to havea current of no more than 0.25 ampere, what i the ‘greatest number, of sical batteries that can be used?",,,20
ocr-00903,Math,Algebra,Linear Inequalities,Algebra — Linear Inequalities,Linear Inequalities 3.pdf,3.9,963da34c,39 seudsse —,A shipping service restricts the dimension of the boxes wil ship for a,b.0<xs20,"certain ype of sevice. The restriction states that for boxes shaped ike rectangular prisms, the sum ofthe perimeter ofthe base of the box andthe height ofthe box cannot excaed 120 inches. The perimeter ofthe Batok ‘determined using the width and length of the box. I abox has a height of {60 inches and is length is 25 times the width, wich inequalty shows the lowable wicth xin inches ofthe box? Adexst0 exe? a ocesttd o<xst7d CSE,",,A
ocr-00532,Math,Algebra,Systems of Equations,Algebra — Systems of Equations,Systems of Linear Equations 1.pdf,1.1,b86123af,"Systems of Linear Equations 1 Question# 1 1 acasat tro and Sota purchased hrs and pants roma tre. The price a each shir purchased was the same andthe price ofeach pa of pans purchased was the same. Hiro purchased shits and 2 pis of pants for $86, and Sofia purchased 9 hits ana 5 pais of pant for $166, Which of the flowing systems of near equation represents the station, > represents the pric, india ofeach shit andy epresents he pie n",ax s2y=08 * 3e+5y= 166 tx 23y 06,,,"dol, of esch pair of pants?",A
ocr-00541,Math,Algebra,Systems of Equations,Algebra — Systems of Equations,Systems of Linear Equations 1.pdf,1.1,cd33b015,"— 289 +350 =28 © b+g=88t 2894350 = 881 ° b+ g=28 10 cazsbons y= 2be+y)+3y=05 1FG2y) isthe solution tothe given system of equations, whatis the valve of?",Ao,,,,B
ocr-00542,Math,Algebra,Systems of Equations,Algebra — Systems of Equations,Systems of Linear Equations 1.pdf,1.11,0d1dca87,,aw 8.15,,"c.60 6s an odideas7 oxty=29 x2 11 Gc) is the solution tothe given system of ‘equations, what is the value of y2",,23
ocr-00543,Math,Algebra,Systems of Equations,Algebra — Systems of Equations,Systems of Linear Equations 1.pdf,1.12,0df106df,"Systems of Linear Equations 1 uz oanosat ‘An online bookstore sels novels and magazines. Each novel sells for $4, ‘and each magazine sells fo $f Sadie purchased a total of 1 novels and ‘magazines that have a combined seing price of §20, how many novels did she purchase?",A? 83,,ca,Ds,B
ocr-00544,Math,Algebra,Systems of Equations,Algebra — Systems of Equations,Systems of Linear Equations 1.pdf,1.13,7d89376f,,"aus sasosret oe Adiscount aiine sells a certain numberof tickets, x, fora fight for $90 ‘each, It slls the number of remaining tickets, y, for $250 each. For a Particular fight, the arine sold 120 tickets and collected a total of $27,600 {rom the sale of those tickets. Which system of equations represents this Felationship between x and y ?",,"ctyn 20 4.‘ 90x +250y =27,600 tye t20 8."" 90x + 250y = 120027600) (ety =27.600 ©."" 90x +250y = 120027 600) 90x=250y",,A
ocr-00545,Math,Algebra,Systems of Equations,Algebra — Systems of Equations,Systems of Linear Equations 1.pdf,1.14,17f176ec,"{oon oe ©."" 120x+120y =27,600 1g Tec Oe ‘Armovie theater charges $11 foreach full-price ticket and $825 for each reduced-price ticket, For one movie showing, the theater sold a total of 214 full-prce and reduced-price tickets for $2,145. Which ofthe following systems of equations could be used to determine the number of full-price tickets, f, and the number of reduced-price tickets, r sold? Fre 2,145 yp se25r=214 fer=214",,"Bo inp +e257=2,145",,,B
ocr-00546,Math,Algebra,Systems of Equations,Algebra — Systems of Equations,Systems of Linear Equations 1.pdf,1.15,44d65912,"Systems of Linear Equations 1 tas 4acessi2 “Angela is playing a vdeo game. In this game, players can scare points only by collecting coins and stars. Each coin s worth points, and esch staris worth s points + The fist ime she played, Angela scored 700 points. She collected 20 coins and 10 stars + ‘The second time she played, Angela scored 850 points. She collected 25 coins and 12 stars. Which system of equations canbe used to correctly determine the values ofeands? 4, 1904208 =700 1264258 =850 9, 2e+10s=700 250 +128=850",,,,,B
ocr-00547,Math,Algebra,Systems of Equations,Algebra — Systems of Equations,Systems of Linear Equations 1.pdf,1.16,4b76c7f1,"¢, 20e+7008 = 10 25c-+850s~ 12 p, 7000+208= 10 850c+25s= 12 we At6cm at Ty= 5","ax +28y=0 In the given system of equations, ais a constant. If the system has infinitely many solution, what isthe value of 9? Aa",Bo,,,C
ocr-00548,Math,Algebra,Systems of Equations,Algebra — Systems of Equations,Systems of Linear Equations 1.pdf,1.17,e6545fa8,Systems of Linear Equations 1 querion# © oo y eg (oo *RET TT TAT,ABNER Snnn STN TAT {CENT,,,,B
ocr-00549,Math,Algebra,Systems of Equations,Algebra — Systems of Equations,Systems of Linear Equations 1.pdf,1.18,f5563c26,* s+ LAN TT,"aA TAT ET TT 4 IN PPP ee. Or?rs4s 678 910 The graph of eaytem of near equations is shown, Whats the solution (zy) tothe sytem? A (2,3) 2. (8,4)",,"c. (4,5) (5,8)",,A
ocr-00550,Math,Algebra,Systems of Equations,Algebra — Systems of Equations,Systems of Linear Equations 1.pdf,1.19,608eeb6e,"yaa ssana¢_ y=4 z=y+6 The solution tothe given system of equations is (.r,y). What isthe value of «?",A10,B6 oa,,D2,C
ocr-00533,Math,Algebra,Systems of Equations,Algebra — Systems of Equations,Systems of Linear Equations 1.pdf,1.2,b0fc3166,eatin Moe ® ox +5y= 166 4x42) = 166 © ay 46-86 4e43y = 166 © ox +5y=86 12 botesis y 6 5 4,,,,,C
ocr-00551,Math,Algebra,Systems of Equations,Algebra — Systems of Equations,Systems of Linear Equations 1.pdf,1.2,317e80f9,"systems of Linear Equations 1 Question# 1D 120, s7e90%9",aty=i8,"bye Wats the solution (2) tothe given system of equations? 4. (15,3) 8, (16,2)","c.(%1) 0.(18,0)",,A
ocr-00552,Math,Algebra,Systems of Equations,Algebra — Systems of Equations,Systems of Linear Equations 1.pdf,1.21,4fb8adf7,1a staat,,,,"de ~3y=5 2=8 What isthe solution (x,y) tthe given system of equations? (8,9) 8. (8,24) ©.(8,-9) (8,24)",A
ocr-00534,Math,Algebra,Systems of Equations,Algebra — Systems of Equations,Systems of Linear Equations 1.pdf,1.3,dba8d38a,"systems of Linear Equations 1 13 dbase -Apeting 200 sels two types ofckets: The standard ticket, for admission ‘only, cost $5. The premium ticket, which includes admision and food to ‘ive to the animals, costs $12, One Saturday, the petting 200 sold a total of 250 tickets and collected a total of $2,300 from ticket sales. Which ofthe following systems of equations can be used to find the numberof standard tickets 5, and premium tickets, sold on that Saturday? 3+p~250 * S5+12p=2,300 s+p=250 ® 12645p=2,300",,,,,A
ocr-00535,Math,Algebra,Systems of Equations,Algebra — Systems of Equations,Systems of Linear Equations 1.pdf,1.4,aff28230,"NES FOP = CN 58+129 =250 © ¢+p=2,300 128 +59 =250 Po s+p=2,300 14 att2s0 Oe r=10 y=2ea The solution to the given system of equations is (2, y), What is the value of y?",A2a =,,,,D
ocr-00536,Math,Algebra,Systems of Equations,Algebra — Systems of Equations,Systems of Linear Equations 1.pdf,1.5,8abed0fb,8.10,,,can,Dest 1S sabesoro Y=243 et Whats the solution (xy) the given system of equations? (1.2) 8.(15),B
ocr-00537,Math,Algebra,Systems of Equations,Algebra — Systems of Equations,Systems of Linear Equations 1.pdf,1.6,e1259a5a,Systems of Linear Equations 1 Question# 1 16 eustes0 ‘Aaystem of wo inear equations i graphed in the xy plane below. i Gs i HEE aac,,By CREED,,,A
ocr-00538,Math,Algebra,Systems of Equations,Algebra — Systems of Equations,Systems of Linear Equations 1.pdf,1.7,ca9bb527,"Which of the folowing points isthe solution to the system of equations? 4.8.9) 8.615) ©.(6,10) p.(12,18) vr cosbbs27 a y=42-9 y=19 \What is the solution (2, y) to the given system of equations?",,,,,B
ocr-00539,Math,Algebra,Systems of Equations,Algebra — Systems of Equations,Systems of Linear Equations 1.pdf,1.8,ece00725,"‘What is the solution (2, y) to the given system of equations?","A. (4,18) 8.(7,18) . (19,4) °.(19,7) 1a eceooras ‘connor hase dolars and Mara has m dollars. Connor has 4 tines as many dollars as Mari, and together they have a total of $25.00 Which system of equations represents this siuaton? Ae=4m e+m=25 made",,,,A
ocr-00540,Math,Algebra,Systems of Equations,Algebra — Systems of Equations,Systems of Linear Equations 1.pdf,1.9,ee031767,Systems of Linear Equations 1 19 eosr7 ‘Adance teacher ordered outfits for students fora dance recital. Outits for,,"boys cost $26, and outs for girls cost $35. The dance teacher ordered.a total of 28 outs and spent $881. Ib represents the number of outfits the",canbe solved to find band g ? 26b +359 = 28 * b+g=88t 26b +359 = 881 8 beg=28,"dance teacher ordered fr boys and g represents the numberof outfits the ‘dance teacher ordered for gis, which ofthe flloning systems of equations",B
ocr-00844,Math,Algebra,Systems of Equations,Algebra — Systems of Equations,Systems of Linear Equations 2.pdf,2.1,cb8f449f,Systems of Linear Equations 2 iin,AZ ae 4,,,,D
ocr-00853,Math,Algebra,Systems of Equations,Algebra — Systems of Equations,Systems of Linear Equations 2.pdf,2.1,5e422ff9,Systems of Linear Equations 2 Question# 1 sect 20 y=2x-3 y= 5k Inthe solution tothe system of equations,"above, what s the value of y? A-15 8-9",,co 0.15,,D
ocr-00854,Math,Algebra,Systems of Equations,Algebra — Systems of Equations,Systems of Linear Equations 2.pdf,2.11,2704399f,,"an zro«sot : EEE SOC YT EEERSBEET EE, ‘Which ofthe following systems of equations has the same solution asthe tyedennell expattaces guastnd viene",,,,A
ocr-00855,Math,Algebra,Systems of Equations,Algebra — Systems of Equations,Systems of Linear Equations 2.pdf,2.12,b544a348,‘system of equations graphed above? yoo 3 XRD,a aa) 8 x=0 y=0 Gxt y=t,,,DB x=0 am spsesasen 5x+3y=38,7
ocr-00856,Math,Algebra,Systems of Equations,Algebra — Systems of Equations,Systems of Linear Equations 2.pdf,2.13,e53688cb,"Systems of Linear Equations 2 2x3 esscoach 24 3y=20 Sy=11 “The solution tothe given system of ecuationsis (z,y)- Whats the value of 2? 246 exoedec9 8ety=5",,,,,18
ocr-00857,Math,Algebra,Systems of Equations,Algebra — Systems of Equations,Systems of Linear Equations 2.pdf,2.14,e3bbde69,,"a aid y=9r+1 ‘The solution to the given system of equations is (x, y). What is the value of x? A-6 4 SF",,Ce,D4 218 04802148 |< ; ya-he y=te Ths enhetinn on dhe pitcan sssanurn ait amasasinre ie fox Vidtuat ta the venhen eft ect,B
ocr-00858,Math,Algebra,Systems of Equations,Algebra — Systems of Equations,Systems of Linear Equations 2.pdf,2.15,a0489274,"The solution to the given system of equations is (:r, y). What is the value of 2?",A-5 8.0 2,,,"D7 216 etsto8 fees aety=12 ‘The solution to the given system of equations is (2, y). What is the value of 52°? am",B
ocr-00859,Math,Algebra,Systems of Equations,Algebra — Systems of Equations,Systems of Linear Equations 2.pdf,2.16,7efe5495,,Am 2.15,,ca os,,C
ocr-00860,Math,Algebra,Systems of Equations,Algebra — Systems of Equations,Systems of Linear Equations 2.pdf,2.17,0dd6227f,Systems of Linear Equations 2 217 osasza7¢ ‘At how many points do the graphs ofthe equations y = 2 +20 and y = 8x intersect inthe xy-plane?,Ao al 2 08,,,,B
ocr-00861,Math,Algebra,Systems of Equations,Algebra — Systems of Equations,Systems of Linear Equations 2.pdf,2.18,2875ba81,"2a 2avsbam as 62+ Ty=28 2e+2y=10 The solution to the given system of equations is (2, y). Whats the value of 2",An? 87,,cu 1s 219 cacercad,,A
ocr-00862,Math,Algebra,Systems of Equations,Algebra — Systems of Equations,Systems of Linear Equations 2.pdf,2.19,686b7cad,"21 eee’ ‘A proposal fora new library was included on an election ballot. Aracio show stated that 3 times as many people voted in favor ofthe proposal as people who voted against it. A social medla post reported that 15,000 more people voted in favor of the proposal than voted against. Based on these data, how many people voted against the proposal? 47,500 815,000 ©. 22,500 45,000 220 ssass2s6 y= 62 +16 Tz -y=36",,,,,A
ocr-00845,Math,Algebra,Systems of Equations,Algebra — Systems of Equations,Systems of Linear Equations 2.pdf,2.2,71189542,Me,"a4 2.6 22 mesa re ‘A group of 202 people went on an overnight camping trip, taking 60 tents ith them. Some ofthe tents held 2 people each, and the rest held 4 people ‘each, Assuming all he tents were filed to capacity and every person got to slsep kre tert: caetiy Tens many of tin ents neve Steen woe",,,,C
ocr-00863,Math,Algebra,Systems of Equations,Algebra — Systems of Equations,Systems of Linear Equations 2.pdf,2.2,65833256,,"A(=4,-8) 8(--) ©.(4,40) 0. (20,136)",,,"Daly destined ‘What ithe solution (x,y) tthe given system of equations?",A
ocr-00864,Math,Algebra,Systems of Equations,Algebra — Systems of Equations,Systems of Linear Equations 2.pdf,2.21,dcc4886a,Systems of Linear Equations 2,"aa decsenss y= 3243 ‘one of the two equations in system of linear equations is given. The system has infritely many solutions. If the second ‘equation in the system ie y = ma +b, where m and bare constants, whats the vale of 8? As",Bay oe,,Ds,D
ocr-00865,Math,Algebra,Systems of Equations,Algebra — Systems of Equations,Systems of Linear Equations 2.pdf,2.22,6e50ce28,222 cesooeza ‘The sum of a numbers and 7s twice as large as number y. The number is less than the number. Which system of equations describes this situation?,AgyT=2y y=o-3,BetT=2y ya3-2 ome+t)=y y=2-3 b.e+T)=y y=3-2,,,A
ocr-00866,Math,Algebra,Systems of Equations,Algebra — Systems of Equations,Systems of Linear Equations 2.pdf,2.23,bd45df49,,"aas bausates y=32+9 Sy = 82-6 ‘The solution to the given system of equations is (2, y). What is the value of x — y? A123 8-33",,cs,Ds7,D
ocr-00846,Math,Algebra,Systems of Equations,Algebra — Systems of Equations,Systems of Linear Equations 2.pdf,2.3,6e6a3241,Systems of Linear Equations 2 23 cesasz x45y=5,,,,Deoyan4 Which of the folowing graphs inthe ay-plane could be used to solve the system of equations above? PD sf Le,C
ocr-00847,Math,Algebra,Systems of Equations,Algebra — Systems of Equations,Systems of Linear Equations 2.pdf,2.4,f5929f7a,,ae # &,,,,C
ocr-00848,Math,Algebra,Systems of Equations,Algebra — Systems of Equations,Systems of Linear Equations 2.pdf,2.5,ed92fb68,"ya—ge uate ‘The solution tothe given system of equations is (2, ). Whatis the value of 2?",ano 8-7,,co,"D2 25 edszees 4x4 5y= 100 Sx +4y=62 It the system of equations above has solution (x,y),",C
ocr-00849,Math,Algebra,Systems of Equations,Algebra — Systems of Equations,Systems of Linear Equations 2.pdf,2.6,19fdf387,"Systems of Linear Equations 2 26 otae7 Inthe xy-plane, the graph of y=x-+ intersects the graph of y= 2x6 at ‘the point (a,b). What isthe value of 9?",A3 26,,co or,,C
ocr-00850,Math,Algebra,Systems of Equations,Algebra — Systems of Equations,Systems of Linear Equations 2.pdf,2.7,c5082ce3,27 esomees “The score ona trivia game is obtained by subtracting the number of incorrect answers fram twice the number of correct answers. If a player,"answered 40 questions and obtained a score of 60, how many questions ‘ithe player answer correctly? 28 oszadsva 2+2y=6 eo dy=4 “The solution tothe given system of equations (2, y). What is the value of 27 on",,,,30
ocr-00851,Math,Algebra,Systems of Equations,Algebra — Systems of Equations,Systems of Linear Equations 2.pdf,2.8,092ad67d,,ADS a5 6 2.10 29 ernantce ‘hich of the following systems of near equations has no solution? Ay=6r43 y=62+9,By=10 y=102+10,,,B
ocr-00852,Math,Algebra,Systems of Equations,Algebra — Systems of Equations,Systems of Linear Equations 2.pdf,2.9,e77a76ce,,,,Cy=lde+ 4 y=10r+14,De=3 y=10,A
ocr-00001,Math,Algebra,Systems of Equations,Algebra — Systems of Equations,Systems of Linear Equations 3.pdf,3.1,d1b66ae6,"Systems of Linear Equations 3 31 abosaes wxty=-35 x42 95 11 (9) sats the system of equations ‘above, whats the value of y? 32 ofebr2s",,,,,1.5
ocr-00010,Math,Algebra,Systems of Equations,Algebra — Systems of Equations,Systems of Linear Equations 3.pdf,3.1,567ac7ab,310 seracTeb Oe ‘One ofthe two equations ina near system is 2x + 6y = 10. The system has no solution. Which of the fllowing could be the other equation inthe system?,Axt3y =5 8. x+3y=-20,,c.6r-2y =0,Der+2y=10,B
ocr-00011,Math,Algebra,Systems of Equations,Algebra — Systems of Equations,Systems of Linear Equations 3.pdf,3.11,a71b1bc1,"3m aka | [A piece of wite wth alenath of 32 inches is cut into two parts. One part has aength of inches, and the other part has @ length of yinches. The value of is 4 more than 3 times the value of y. What is the value of 2?",,,,,25
ocr-00012,Math,Algebra,Systems of Equations,Algebra — Systems of Equations,Systems of Linear Equations 3.pdf,3.12,1b1deebe,"Systems of Linear Equations 3 32 wideebe ar+ly=72 6x + 2by = 56 Inthe given system of equations. a and bare constants. The graphs ofthese equations in the xy-plane intersect at the point (4, y). What isthe value of a?",AS 4 6 ou,,,,D
ocr-00013,Math,Algebra,Systems of Equations,Algebra — Systems of Equations,Systems of Linear Equations 3.pdf,3.13,ff501705,318 sores,"aie tba 4 — Gy = 10y +2 ty= 4420 Inthe given aystam of equations, isa constant. he system has n soliton whats the vale of €",,,"detdemtt Inthe given syst of equations, pis a constant the system has no soliton, whats the valve of 2?",6
ocr-00014,Math,Algebra,Systems of Equations,Algebra — Systems of Equations,Systems of Linear Equations 3.pdf,3.14,f75bd744,SS Se Se ee nen ae oe ee a ee er on Von ee,as adboesse,,,"Det y= 48 6r+y=72 “The solution tothe given system of equations is (2, y). What isthe value of y? 316 thserts9 <2 wy = ~337 oe ae",8
ocr-00015,Math,Algebra,Systems of Equations,Algebra — Systems of Equations,Systems of Linear Equations 3.pdf,3.15,adb0c96c,"20 — wy = 47 Inthe gvenaystem of equations tia constant. Inthe x plane, the graphs of these equations intersect tthe point (0,19) wheres a constant Whatis the vale of w?",,,,,80
ocr-00016,Math,Algebra,Systems of Equations,Algebra — Systems of Equations,Systems of Linear Equations 3.pdf,3.16,fb5e7f59,,,,,,11
ocr-00017,Math,Algebra,Systems of Equations,Algebra — Systems of Equations,Systems of Linear Equations 3.pdf,3.17,1e0a46e4,Systems of Linear Equations 3 37 ondses Which system of linear equations has no solution?,A -2e + 3y=-9 2x 3y=9,B22 3y=9 e+ dy = 10 .2r—3y=9 62 + 9y= -27,,D.-22+3y=9 Ar —6y=18,D
ocr-00018,Math,Algebra,Systems of Equations,Algebra — Systems of Equations,Systems of Linear Equations 3.pdf,3.18,f03465dc,"318 fossasse 824 Ty=9 Mz + By = 27 For each real number r, which ofthe following points les on the raph ofeach equation inthe xyplane forthe given system?",Al —$ +9),"B(—F + Far) o.(- 49,4 +27)",,D.(F 49-5 +27),A
ocr-00002,Math,Algebra,Systems of Equations,Algebra — Systems of Equations,Systems of Linear Equations 3.pdf,3.2,70feb725,2 TORETS,A.80 8.100,,"c.120 0.160 33 enunase Inthe system of equations below, a and ¢ are constants edd axtsyee","DDuring a month, Morgan ranr miles at 5 miles per hour and biked b miles at 10 mies per hour She ran and biked a total of 200 miles that month, and she biked for twice 2s many hours as she ran. What i the total number of miles that Morgan biked during the month?",D
ocr-00003,Math,Algebra,Systems of Equations,Algebra — Systems of Equations,Systems of Linear Equations 3.pdf,3.3,e1248a5c,se,"atync ithe system of equations hs anininte number a solutions (x,y), what is the value of a ? 1 a2 2.0 a a2 3 2",,,,D
ocr-00004,Math,Algebra,Systems of Equations,Algebra — Systems of Equations,Systems of Linear Equations 3.pdf,3.4,52cb8ea4,Systems of Linear Equations 3 3 szcbaeas Te-5y=4,"ax-8y=8 1c) the solution tothe system of equations above, what s the vale of 3x-+3y? A138 8-5 65 213",,,,B
ocr-00005,Math,Algebra,Systems of Equations,Algebra — Systems of Equations,Systems of Linear Equations 3.pdf,3.5,d7bf55e1,"38 antsse ‘Armovie theater sells two types of tickets, adult tickets for $12 and child tickets for $8. Ifthe theater sold 30 tickets for a total of $300, how much, in",,,,"dollars, was spent on adult tickets? (Disregard the S sign when gridding your answer)",180
ocr-00006,Math,Algebra,Systems of Equations,Algebra — Systems of Equations,Systems of Linear Equations 3.pdf,3.6,f718c9cf,se mesq ||| Se+ My 45 M0e+ Ty =27 “The solution tothe given sytem of equations (2. What ithe vai of 29 37 ceccaes 1,ate ya yess yror+10,,,,1.8
ocr-00007,Math,Algebra,Systems of Equations,Algebra — Systems of Equations,Systems of Linear Equations 3.pdf,3.7,466b87e3,,,,,,0.5
ocr-00008,Math,Algebra,Systems of Equations,Algebra — Systems of Equations,Systems of Linear Equations 3.pdf,3.8,e2e3942f,Systems of Linear Equations 3,"a exesouat Y=2eFT yoar-8 Inthe system of equations above, ais a constant. the system of equations has no solution, what is the value of @? 1 a? 8.0 ol 02",,,,D
ocr-00009,Math,Algebra,Systems of Equations,Algebra — Systems of Equations,Systems of Linear Equations 3.pdf,3.9,1e11190a,"39 temo: Store A sells raspberries for $5.50 per pnt and blackberries or 83,00 per pint. Store B sells raspberries for $6.50 per pint and blackberries for $8.00 per pnt. A certain purchase of raspberries and blackberries would cost $87.00 at Store Aor $68.00 at Store B. How many pits of blackberries ae in this purchase?",Ad 85 8 Peed,,,,B
ocr-00447,Math,Geometry and Trigonometry,Area and Volume,Geometry and Trigonometry — Area and Volume,Area and Volume 1.pdf,1.1,5252e606,,"Area and Volume 1 A s2s2ec06 “The side length of a squares 55 centimeters (em). What isthe area in em?, ofthe square? ano 8.220 ©.3,025 0.12.10",,,,C
ocr-00456,Math,Geometry and Trigonometry,Area and Volume,Geometry and Trigonometry — Area and Volume,Area and Volume 1.pdf,1.1,d683a9cc,"‘sahara: © be the length of the prem, wie the wich of he priem, and Alethe height ofthe prism. What i the volume, in cubic centimeters, ofthe prism? 4.36 8.28","an satee7__ ‘Atriangle has a base length of 40 centimeters and a height of 90 centimeters. Whats the area in square centimeters, of the ‘wiangle?",,cw on,,A
ocr-00457,Math,Geometry and Trigonometry,Area and Volume,Geometry and Trigonometry — Area and Volume,Area and Volume 1.pdf,1.11,f39f88b7,,,,,,1800
ocr-00458,Math,Geometry and Trigonometry,Area and Volume,Geometry and Trigonometry — Area and Volume,Area and Volume 1.pdf,1.12,93f48423,,"Area and Volume 1 az s3t60625,| ‘What is the area, in square inches, ofa rectangle witha lenath of 7 inches and a width of 6 inches? AB 8.20 o.42 0.84",,,,C
ocr-00459,Math,Geometry and Trigonometry,Area and Volume,Geometry and Trigonometry — Area and Volume,Area and Volume 1.pdf,1.13,d2047497,wee ‘what isthe area ofa rectangle witha length of 17 centimeters (em) and a width of 7 em?,A.2dem? 8.48 cm?,,c.119 em? 0.576 em? te s4s00083 ‘The width ofa rectangle ie 7 centimeters. The lenath ofthe rectangle I-40 centimeters longer than the wléth. What I the,,C
ocr-00460,Math,Geometry and Trigonometry,Area and Volume,Geometry and Trigonometry — Area and Volume,Area and Volume 1.pdf,1.14,a490003a,,AT au,,"cs 0.329 us sorsos Each base of ight ectanglar prism has length of 19 inches anda width of ches. The prism has a volume of 2,736 cable inches Whats the height niches, fhe prs? Als",,D
ocr-00461,Math,Geometry and Trigonometry,Area and Volume,Geometry and Trigonometry — Area and Volume,Area and Volume 1.pdf,1.15,50774285,,,B27,cid 0.152,,A
ocr-00462,Math,Geometry and Trigonometry,Area and Volume,Geometry and Trigonometry — Area and Volume,Area and Volume 1.pdf,1.16,fc5ef8d3,,Area and Volume 1 euine ones _ oe Taangle XYZ] 150 | ra =,,,,C
ocr-00463,Math,Geometry and Trigonometry,Area and Volume,Geometry and Trigonometry — Area and Volume,Area and Volume 1.pdf,1.17,0e40dfb0,"wee 0.56 17 oesoatoo ‘rectangle has a length of 3 units and a width of 39 units Which expression ives the area, in square unis of this rectangle?",A.2(3+39) 8.2(3-39) 0.3439 03-30,,,,D
ocr-00464,Math,Geometry and Trigonometry,Area and Volume,Geometry and Trigonometry — Area and Volume,Area and Volume 1.pdf,1.18,2b41a4c4,,"ae wa abaiasee [Aright rectangular prism has a length of 11 meters, a width of 8 meters, and a height of 10 meters. What isthe volume, in",,"cubic meters, ofthe prism?",,880
ocr-00465,Math,Geometry and Trigonometry,Area and Volume,Geometry and Trigonometry — Area and Volume,Area and Volume 1.pdf,1.19,babd7461,,Area and Volume 1,,"cmston® Ss ; Z| 44, k 7 Note: Figure not drawn to scale. inte fe sho wane JLo loge RST. where J conesponds to Rend Kconeapondso$.The length of JR is 15, and the perimeter of triangle JKL is 36. The length of RS is 135. What is the perimeter of triangle ner",,A
ocr-00448,Math,Geometry and Trigonometry,Area and Volume,Geometry and Trigonometry — Area and Volume,Area and Volume 1.pdf,1.2,59cb654c,"ewes “The area of @ square is 64 square inches. Whats the side length, in inches, ofthis square?",As 216,,"c.68 0.128 13s casresto — ‘Tiiangle ABC and triangle DEF are similar triangles, where AB and DE are ccrremendina aides, I 02 < RAN ered Ge perimeter cbs ABC en",,A
ocr-00466,Math,Geometry and Trigonometry,Area and Volume,Geometry and Trigonometry — Area and Volume,Area and Volume 1.pdf,1.2,bb560789,"gM 2.540 2916 0.8,100 120° beseo7e9| ‘Tangle Rhas an rea of 80 square centimeters (cm). Square Shas side lengths of 4 em. What isthe total area at triangle R and square S, in cm??",Aw aM,,,,D
ocr-00449,Math,Geometry and Trigonometry,Area and Volume,Geometry and Trigonometry — Area and Volume,Area and Volume 1.pdf,1.3,0837c3b9,"‘corresponding sides. DE =2AB and the perimeter of triangle ABC is 20, whats the perimeter of triangle DEF ?",Ano 8.40,,c.80 0.120 coms oe ‘Arectangl has a length of 18 and a width of 6. What is the perimeter ofthe rectangle? An,,B
ocr-00450,Math,Geometry and Trigonometry,Area and Volume,Geometry and Trigonometry — Area and Volume,Area and Volume 1.pdf,1.4,c88183f7,8.26,,,c.38 0.52,,C
ocr-00451,Math,Geometry and Trigonometry,Area and Volume,Geometry and Trigonometry — Area and Volume,Area and Volume 1.pdf,1.5,29e9b28c,,Area and Volume 1 15 2epb28 | Note: Figure not drawn to scale. ‘Whes-viavedieraliowen lene ec rasrfrveetenr si¥'Silertte Wee ac:'2] carliseed ex: Wurdle sateartes denen atte ranted,,,,A
ocr-00452,Math,Geometry and Trigonometry,Area and Volume,Geometry and Trigonometry — Area and Volume,Area and Volume 1.pdf,1.6,3453aafc,"‘The triangle shown has a perimeter of 22 units. Iz = 9 units and y = Tunits, whats the value of zn units?","AG a7 oo 0.16 16 asaate Oe ‘What isthe area, in square centimeters, ofa rectangle wth length of 36 centimeters and a width of $4",,comtimeters? ATO 8.140,,D
ocr-00453,Math,Geometry and Trigonometry,Area and Volume,Geometry and Trigonometry — Area and Volume,Area and Volume 1.pdf,1.7,f60bb551,"©1156 01224 17 teovess “The area ofa rectangles 680 sauare inches. The length of the rectangle is 7D inches. What isthe with in inches, of his rectangle?",Ao 8.70,,c.315 0.560,,A
ocr-00454,Math,Geometry and Trigonometry,Area and Volume,Geometry and Trigonometry — Area and Volume,Area and Volume 1.pdf,1.8,4420e500,,"Area and Volume 1 1a 44206500 [What is the area of a rectangle with a length of 4 centimeters (etn) and a width of 2 em? 6m"" 88cm?",,c.12em? 36 em?,,B
ocr-00455,Math,Geometry and Trigonometry,Area and Volume,Geometry and Trigonometry — Area and Volume,Area and Volume 1.pdf,1.9,165c30c4,"19 sczocs Oe ‘Arectangle has a length of 64 inches and a width of 32 inches. Whats the area, in square inches, ofthe rectangle? oe (J The figure shows the lengths, in centimeters (em), ofthe edges of aright rectangular prism. The volume V of aright rectangular prisms 2wh, where € is the length of the prism, w is the width of the prism, and his the",,,,,2048
ocr-00328,Math,Geometry and Trigonometry,Area and Volume,Geometry and Trigonometry — Area and Volume,Area and Volume 2.pdf,2.1,f67e4efc,,"Area and Volume 2 21 foresee ‘Aright circular cylinder has a volume of 457 I the height ofthe cylinder is 5, whats the radius ofthe cylinder? a3",B45,cs B40,,A
ocr-00337,Math,Geometry and Trigonometry,Area and Volume,Geometry and Trigonometry — Area and Volume,Area and Volume 2.pdf,2.1,d621cffb,210 dette SS,"Asphere has aradus of 2 feet. Whats the volume, in cubic fet, ofthe sphere? at om",,,,D
ocr-00338,Math,Geometry and Trigonometry,Area and Volume,Geometry and Trigonometry — Area and Volume,Area and Volume 2.pdf,2.11,3b931fb0,,"an seane9 {right circular cylinder has a volume of 377 cubic centimeters, The area ofthe base ofthe cylinder is 13 square",,"centimeters. What i the height, in centimeters, ofthe cylinder? 21208749, _ _ _ ‘The table gives the perimeters of similar triangles TUV and XY Z, where TU corresponds to XY. The length of TU is 18, —_——",,29
ocr-00339,Math,Geometry and Trigonometry,Area and Volume,Geometry and Trigonometry — Area and Volume,Area and Volume 2.pdf,2.12,e0874bc2,[Perimeter 0,,,,,D
ocr-00340,Math,Geometry and Trigonometry,Area and Volume,Geometry and Trigonometry — Area and Volume,Area and Volume 2.pdf,2.13,c0586eb5,,"Area and Volume 2 213 cosscebs ‘Acylnder has a diameter of 8 inches and a height of 12 inches. What isthe volume, in cubic inches, of the",,"cylinder? AG 8.960 192"" 2. 768",,C
ocr-00341,Math,Geometry and Trigonometry,Area and Volume,Geometry and Trigonometry — Area and Volume,Area and Volume 2.pdf,2.14,e336a1d2,"2m esos ‘Acube has an edge length of AI inches. What is the volume, in cubie inches of the cube?","Aled 81,681 ©. 10,086 0.68,921 21s <castsco [Atrlangle has a base length of 56 centimeters and a height of 112 centimeters. What s the area, in square centimeters, of",,,,D
ocr-00342,Math,Geometry and Trigonometry,Area and Volume,Geometry and Trigonometry — Area and Volume,Area and Volume 2.pdf,2.15,468613c0,"NG NAS 8 SO NONI OF OD COMMTEES AES NANG OF ANS COMMENTS. WNAENS Me area, in square centimerers, Or the triangle?","A168 81,568 63,136 0.6,272 236 ostsats , ‘The length of each side ofa square is 94 centimeters (em). Which expression gives the area, in em of the square? ADO 82-94-94",,,,C
ocr-00343,Math,Geometry and Trigonometry,Area and Volume,Geometry and Trigonometry — Area and Volume,Area and Volume 2.pdf,2.16,aef4fd8a,,,B.2-94-94,C494 294-94,,D
ocr-00344,Math,Geometry and Trigonometry,Area and Volume,Geometry and Trigonometry — Area and Volume,Area and Volume 2.pdf,2.17,9c0a0eca,,"Area and Volume 2 217 sc0a0ece Atrlangle has a base length of 10 centimeters and a corresponding height of 70 centimeters. What isthe area, in square",,"centimeters, ofthe triangle? A700 8.350 c.175 2.80",,B
ocr-00345,Math,Geometry and Trigonometry,Area and Volume,Geometry and Trigonometry — Area and Volume,Area and Volume 2.pdf,2.18,e9c5bfb2,2 ecsome2,"A DQ. Win T Note: Figure not drawn to scale. Rectangles ABCD and QRST shown are similar, where A, B, C, and D correspond to QR, S, and T, respectively, What isthe length, in inches (in), of AD? 060 8.24",B c R s 12in Sin,,,B
ocr-00346,Math,Geometry and Trigonometry,Area and Volume,Geometry and Trigonometry — Area and Volume,Area and Volume 2.pdf,2.19,a2659088,,"ABr 8.205 ©.768% 01,1520",,"c.i7 3.10 219 azes0088 [Aight circular cylinder has aheight of 8 meters (m) and a base with a radius of 12 m. What isthe volume, in m?, of the cylinder?",,D
ocr-00329,Math,Geometry and Trigonometry,Area and Volume,Geometry and Trigonometry — Area and Volume,Area and Volume 2.pdf,2.2,5afbdc8e,22° safeacne oO ‘Whats the length of one side ofa square that has the same sea as acice with radius 2?,Aa 2v2n,ban,cn,,C
ocr-00347,Math,Geometry and Trigonometry,Area and Volume,Geometry and Trigonometry — Area and Volume,Area and Volume 2.pdf,2.2,03c6994f,,"Area and Volume 2 220 oxcsasst ‘Square A has side lengths that are 246 times the side lengths of square B. The area of square Ais ktimes the area of square B, What isthe value of k? 460,516 8.492 246 5.123",,,,A
ocr-00348,Math,Geometry and Trigonometry,Area and Volume,Geometry and Trigonometry — Area and Volume,Area and Volume 2.pdf,2.21,096c7ef5,,am oxecrets 2 7) oe Prey yy 7) Po ro eee Pr rr sta eee Poy eH SSeS eeeeeeeees aH eee Preyer attr rrr re rt SESS eee,,,,B
ocr-00330,Math,Geometry and Trigonometry,Area and Volume,Geometry and Trigonometry — Area and Volume,Area and Volume 2.pdf,2.3,ec5d4823,"23 ecsuaaae OO ‘what isthe volume, in cubic centimeters, of aright rectangular prism that has alenath of & centimeters, a width of 9 centimeters, and a height of 10 centimeters? 24 iedase ‘Amanufacturing company produces two sizes of cylindrical containers that ‘each have a height of 50 centimeters. The rads of container A is 16 ‘centimeters, and the radius of container Bis 25% longer than the radius of ‘container A. What is the volume, in cubic centimeters, of container B? 4.160007",,,,,360
ocr-00331,Math,Geometry and Trigonometry,Area and Volume,Geometry and Trigonometry — Area and Volume,Area and Volume 2.pdf,2.4,151eda3c,"8.200007 25,0007 0.31 2507",,,,,B
ocr-00332,Math,Geometry and Trigonometry,Area and Volume,Geometry and Trigonometry — Area and Volume,Area and Volume 2.pdf,2.5,38517165,,"Area and Volume 2 25 sesines OO ‘circle has a circumference of 81x centimeters. Whats the ciameter, in centimeters ofthe cle? 26 oobrasts ‘Atrianguar prism has a eight of 8 centimeters (em) and a volume of 216 em. What isthe are, in em, ofthe","base of the prism? (The volume of a triangular prism is equal to Bh, where Bis the area ofthe base and his the height of the prism)",,,31
ocr-00333,Math,Geometry and Trigonometry,Area and Volume,Geometry and Trigonometry — Area and Volume,Area and Volume 2.pdf,2.6,08b7a3f5,27 azerss60 ‘Acylindcal can containing pleces of tuts filed tothe top with syrup,"aTSem? 8 185cm? ¢, 640. cm? sen 9","before being sealed. The base of the can has an area of 75 GM, and the height ofthe canis 10 om. i 110 em of syrup is needed to fil the canto the top, which ofthe folowing is closest to the total volume ofthe pieces of fruit inthe can?",,,27
ocr-00334,Math,Geometry and Trigonometry,Area and Volume,Geometry and Trigonometry — Area and Volume,Area and Volume 2.pdf,2.7,a2e76b60,", 750cm?",ae s7adeuot OO “The glass pictured above can hold a maximum volume of 473 cubic,B 767,"Centimeters, which is approximately 16 fluid ounces. What isthe value of k, in centimeters? A. 252",,C
ocr-00335,Math,Geometry and Trigonometry,Area and Volume,Geometry and Trigonometry — Area and Volume,Area and Volume 2.pdf,2.8,37dde49f,8. 767 ©. 779 p.t0n,,,,,D
ocr-00336,Math,Geometry and Trigonometry,Area and Volume,Geometry and Trigonometry — Area and Volume,Area and Volume 2.pdf,2.9,cf53cb56,,"Area and Volume 2 29 cfsxcbs6 a: a Inthe xy-plane shown, square ABCD has its dlagonals onthe x- and y-axes. Whatis the area in square units, ofthe square? 20 8.25",,,,C
ocr-00401,Math,Geometry and Trigonometry,Area and Volume,Geometry and Trigonometry — Area and Volume,Area and Volume 3.pdf,3.1,a07ed090,,"Area and Volume 3 31 s0Tedon0 — ‘ “The figure shown is aright circular cylinder witha recius of rand height off. A second right circular cylinder (not shown) has a volume that is 302 times as large as the volume ofthe cylinder shown. Which ofthe following could represent the radius R, in terms of r, and the height H, in terms off, of the second cylinder? A. R= 8rand = Th 8. R= Sr and HT = 49h.",,,,C
ocr-00410,Math,Geometry and Trigonometry,Area and Volume,Geometry and Trigonometry — Area and Volume,Area and Volume 3.pdf,3.1,459dd6c5,©.120,"ae 310 «saaaces OO ‘Tangles ABC and DEF are similar. Each side length of triangle ABC is 4 times the corresponding sie length of triangle DEF. The area of triangle ABC is 270 square inches. Whats the aea, in square inches, of tangle",,,DEF?,3.11
ocr-00411,Math,Geometry and Trigonometry,Area and Volume,Geometry and Trigonometry — Area and Volume,Area and Volume 3.pdf,3.11,310c87fe,"sm -socerte OO ‘Acube has a surface area of 4 square meters. What isthe volume, in cubie meters, ofthe cube?",Ate 8.27,bat,c.36,,B
ocr-00412,Math,Geometry and Trigonometry,Area and Volume,Geometry and Trigonometry — Area and Volume,Area and Volume 3.pdf,3.12,983412ea,,"Area and Volume 3 a2 9833 ‘Aight square prism has a height of 14 units. The volume of the prism is 2,016 cubic units. What is the length, in units, ofan ‘edge of the base? a3 on9526f |",,,,12
ocr-00413,Math,Geometry and Trigonometry,Area and Volume,Geometry and Trigonometry — Area and Volume,Area and Volume 3.pdf,3.13,099526fc,?,,,CeCe rt PEE PCCeCeP eee ert SSRSnn SSSREEEe COCeCcPereeeeee et coe CCCP At Po POC COC POE see eet Peace POPC ret SSRSSEE} SSSRREEE POCA eet Pee ToS Tos ‘Theline segment shown inthe plane represents on ofthe legs fright triangle The are ofthis rangle is 36/73,,B
ocr-00414,Math,Geometry and Trigonometry,Area and Volume,Geometry and Trigonometry — Area and Volume,Area and Volume 3.pdf,3.14,c984f1a5,,An a2,,"c3vis o.1svi5 a ceetas Ahemphee leaf of sphere fa hemisphere as aradus of 27 hes, which of the following elses tthe vote, incubicinees, ofthis hemisphere? 1,500",,D
ocr-00415,Math,Geometry and Trigonometry,Area and Volume,Geometry and Trigonometry — Area and Volume,Area and Volume 3.pdf,3.15,6708546e,,Area and Volume 3,"BIS eTOBSA6e Parallelogram ABCD is similar to parallelogram PQRS. The length of each side of parallelogram PQRS is 2 times the length of its corresponding side of parallelogram ABCD, The area of parallelogram ABCD is 5 squere centimeters. What isthe area, in square centimeters, of parallelogram PQRS? AT 8.10 6.20 0.25",,,C
ocr-00416,Math,Geometry and Trigonometry,Area and Volume,Geometry and Trigonometry — Area and Volume,Area and Volume 3.pdf,3.16,b2528e6b,316 baszaeso 2,atOP Perey yee,,co tH Pr ef HT Pree eH Pree ey,,8
ocr-00417,Math,Geometry and Trigonometry,Area and Volume,Geometry and Trigonometry — Area and Volume,Area and Volume 3.pdf,3.17,502d9690,"Jee 1012 14 ‘The three points shown define a circle. The circumference of ths circle isk, where kis a constant What is the value of K7 3x7 5029690 Rectangle ABCD ie similar to rectangle EFGH. The ares of rectangle ABCD ls 648 square inches, and the area of, rectangle EFGH is 72 square inches. The length ofthe longest side of rectangle ABCD is 36 inches. What the length, in inches, ofthe longest side of rectangle EFGH?",Ad,Bo,,,C
ocr-00418,Math,Geometry and Trigonometry,Area and Volume,Geometry and Trigonometry — Area and Volume,Area and Volume 3.pdf,3.18,deff8a2f,,"Area and Volume 3 318 ettsazt ‘The circumference of the base of a rght circular cylinder is 20 meters. and the height of the cylinder is 6 meters. What is the volume in cubic meters, ofthe cylinder? A600 8.1200 600% 0.2400",,,,C
ocr-00402,Math,Geometry and Trigonometry,Area and Volume,Geometry and Trigonometry — Area and Volume,Area and Volume 3.pdf,3.2,899c6042,,Aight circular cone has a height of 22 centimeters (cm) and a base with a diameter of 6m. The volume ofthis ‘cone is nm em®. what isthe value of n? as umueaoo,,CRs Trond H = 8h 0. R= 49r and H = 8h 32 e00cc0u2,,66
ocr-00403,Math,Geometry and Trigonometry,Area and Volume,Geometry and Trigonometry — Area and Volume,Area and Volume 3.pdf,3.3,b0dc920d,3 bodes204 “Amanufacturer determined that right eyinecal containers witha height thats inches longer than theradus oe the optima numberof,"Aveda 2, V= mar)? c= m4",b= m4?,"conteines tobe displayed ona shel. Which of the following expresses the ‘volume, ¥ in cubic inches, of such containers, where isthe radius, in inches?",,D
ocr-00404,Math,Geometry and Trigonometry,Area and Volume,Geometry and Trigonometry — Area and Volume,Area and Volume 3.pdf,3.4,5b2b8866,"34 sozbea65 ‘Arectangular poster has an area of 360 square inches. & copy of the poster is made in which the length and \width ofthe original poster are each increased by 20%. What isthe area of the copy, in square inches?",,,,,518.4
ocr-00405,Math,Geometry and Trigonometry,Area and Volume,Geometry and Trigonometry — Area and Volume,Area and Volume 3.pdf,3.5,9f934297,,"Area and Volume 3 35 9f954297 ‘Aright rectangular prism has a length of 28 centimeters (cin), a width of 15 em, and a height of 16 cm. What is the surface area, in cm, of the right rectangular prism? 36 denso7 1 ‘Aright circular cone has a volume of 3 cubic feet and a height of 9 feet. a ae a",,,,2216
ocr-00406,Math,Geometry and Trigonometry,Area and Volume,Geometry and Trigonometry — Area and Volume,Area and Volume 3.pdf,3.6,dc71597b,"‘What isthe radius, in feet, of the base of the cone?",at a3 a5 as vd 3 37 ssdeston ‘The volume of right circular cylinder A is 22 cubic centimeters. What is the,,,,A
ocr-00407,Math,Geometry and Trigonometry,Area and Volume,Geometry and Trigonometry — Area and Volume,Area and Volume 3.pdf,3.7,93de3f84,"The volume of right circular cylinder A is 22 cubic centimeters. What is the volume, in cubic centimeters, of aright circular cylinder with twice the radius and half the height of eyinder 42",an 8.22,,cas 2.66,,C
ocr-00408,Math,Geometry and Trigonometry,Area and Volume,Geometry and Trigonometry — Area and Volume,Area and Volume 3.pdf,3.8,eb70d2d0,,Area and Volume 3. Question © 38 comedy y FOC Pee eee eet Pee eee ee et Pee eee et Pose eee ree POP e eee et,,COCs eee ert 8 CoCCoR eee eee a ee se,,24.5
ocr-00409,Math,Geometry and Trigonometry,Area and Volume,Geometry and Trigonometry — Area and Volume,Area and Volume 3.pdf,3.9,f7e626b2,“IA as neal tf 5_4_9_6_ 7. 1,a +,,,,D
ocr-00529,Math,Geometry and Trigonometry,Circles,Geometry and Trigonometry — Circles,Circles 1.pdf,1.1,23c5fcce,,a zstece &) The circle above with center © has a circumference of 36. What isthe length of minor arc AC? ag pad ce,,Circles 1,D368,A
ocr-00530,Math,Geometry and Trigonometry,Circles,Geometry and Trigonometry — Circles,Circles 1.pdf,1.2,d03e29f1,2.36 12 coxezon (e- 6) + (y-3)' = 81 ‘The graph ofthe given equation inthe xyplane sa cicle. Whats the length ofthe radius ofthis cle?,AS 26,,co oat,,C
ocr-00531,Math,Geometry and Trigonometry,Circles,Geometry and Trigonometry — Circles,Circles 1.pdf,1.3,f2495de4,15 RAGS patie hevalue of cos 2 or oe ova,,,,,C
ocr-00634,Math,Geometry and Trigonometry,Circles,Geometry and Trigonometry — Circles,Circles 2.pdf,2.1,8e7689e0,,,,"Circles 2 Question# 1 re The numberof adans in a 720-dearee anole can be witten as gy, where isa constant What isthe valu of? 22 rashes ‘An angle asa assure of $f radians. What isthe measure of the ang in eas?",,4
ocr-00643,Math,Geometry and Trigonometry,Circles,Geometry and Trigonometry — Circles,Circles 2.pdf,2.1,fc8aa563,,"A(-1,-7) 8.(-1,7) ©.(1,-7) (1,7)",,Circles 2 Question# 1D 210 faasses ‘What is the center of the circle in the xy-plane defined by the equation (x — 1)? + (y +7)? = 17,,C
ocr-00644,Math,Geometry and Trigonometry,Circles,Geometry and Trigonometry — Circles,Circles 2.pdf,2.11,800e71b8,,"an sooere M N tn Points M,N, and Pie onthe circle shown. On ths circle, minor arc MIN has a length of 89 centimeters and major arc MPN hasa length of 195 centimeters. What i the circumference, in centimeters, ofthe circle shown? A390 8.156 6.195 0.234",,,,D
ocr-00635,Math,Geometry and Trigonometry,Circles,Geometry and Trigonometry — Circles,Circles 2.pdf,2.2,74d8b897,"23 mera — Inthe xy-plane, acc with rads 5 has center (6,6) which ofthe {otowing isan equation of te cle?","AW OF + +8? =25, 8 +8%+y-8F=25",,"c,k-8° + +6F =5 v.k+8 +y-6F=5",,81
ocr-00636,Math,Geometry and Trigonometry,Circles,Geometry and Trigonometry — Circles,Circles 2.pdf,2.3,856372ca,"24 9sbazs09 —_—— Inthe xy-plane above, points P, 2, R, and Tlie on the circle with center 0. ‘The degree measures of angles POQ and ROT are each 30” What i the tadian measure of angle QOR ? 5 nom Es",ag” 2.,,,,B
ocr-00637,Math,Geometry and Trigonometry,Circles,Geometry and Trigonometry — Circles,Circles 2.pdf,2.4,95ba2d09,ra,a3” al a3”,,,,C
ocr-00638,Math,Geometry and Trigonometry,Circles,Geometry and Trigonometry — Circles,Circles 2.pdf,2.5,82c8325f,,A(x 4)? + (045)? =5,"B.(x+4)? + (y—5)? =5, c.(x—4)? + (y+ 5)? = 25 p.(x+4)? + (y~5)? =25","Circles 2 Question# 1D 25 excess — ‘circle inthe xy-plane hasits center at (—4, 5) andthe point (—8,8) les onthe cle. Which equation represents this circle?",,D
ocr-00639,Math,Geometry and Trigonometry,Circles,Geometry and Trigonometry — Circles,Circles 2.pdf,2.6,a0cacec1,"26 s0cscedt ‘An angle has a measure of 1 radians Whats the measure ofthe angle, in deocees? 27 eoottse Inthe o-plane, the graph ofthe equation (x — 3)? + (y—5)* = 91s circle. The point (6,), where cis a constant, es onthis cite, What is the value ofc?",,,,,192
ocr-00640,Math,Geometry and Trigonometry,Circles,Geometry and Trigonometry — Circles,Circles 2.pdf,2.7,b96ff36e,26 2usziea9 ‘Themeasiue of angle Z is 60°. Whats the measure in tadlans of engle Z?,Ale ae,,cde,Dis 29 «esconz7 a? 4 582+y?=0 te thecemeadare Hae raamh ciltine mhunm amuatinn um circle tit 4-ane tne cermiteaten (ee x’ al'dee namic nie alertatt,5
ocr-00641,Math,Geometry and Trigonometry,Circles,Geometry and Trigonometry — Circles,Circles 2.pdf,2.8,2d521ca9,"In the xy-plane, the graph of the given equation is a circle, What are the coordinates (2, y) of the center of the circle? (0,29) 8. (0, -29)",,,"C. (29,0) .(-29,0)",,B
ocr-00642,Math,Geometry and Trigonometry,Circles,Geometry and Trigonometry — Circles,Circles 2.pdf,2.9,ee540927,,,,,,D
ocr-00367,Math,Geometry and Trigonometry,Circles,Geometry and Trigonometry — Circles,Circles 3.pdf,3.1,c8345903,,Aon 8130,"Ba c8345305 eS : The circle above has center ©, the length of arc AOC is 5, and =100. What isthe length of are ABC 2",Circles 3,,B
ocr-00376,Math,Geometry and Trigonometry,Circles,Geometry and Trigonometry — Circles,Circles 3.pdf,3.1,fb58c0db,‘What fraction of the circumference of the circle is the length of arc AB ?,"an acssosa a ‘Aciccle inthe xy-plane has equation +3) + (y-1)?=25, which ofthe folowing points does NOT e nthe interior ofthe cle? ACT.3) 2.(-3,1) ©.(0,0) 2.8.2)",,,,3.11
ocr-00377,Math,Geometry and Trigonometry,Circles,Geometry and Trigonometry — Circles,Circles 3.pdf,3.11,acd30391,"sn bsamstt OO ‘Girce inthe xy-plane has the equation (2 +5)? + (y— 5)? = 4. Circle Bhas the same center as circle A. The radius of circle Bis two times the radius of circle A. The equation defining circle B inthe xy-planeis (+5)? + (y—5)* = &, where kis a constant. Whats the value of k",,,,,D
ocr-00378,Math,Geometry and Trigonometry,Circles,Geometry and Trigonometry — Circles,Circles 3.pdf,3.12,b8a225ff,,,,,,16
ocr-00379,Math,Geometry and Trigonometry,Circles,Geometry and Trigonometry — Circles,Circles 3.pdf,3.13,249d3f80,,,,"Circles 3 3x3 240«¥00 Point Os the center of a cele. The measure of ae RS on this circle is 100°. What isthe measure, in degrees, of its associated angle ROS? 3x6 sbedooo | 82? + 112pe + 8y’ — 64py = —448p”",,100
ocr-00380,Math,Geometry and Trigonometry,Circles,Geometry and Trigonometry — Circles,Circles 3.pdf,3.14,abcd0007,"In the xy-plane, the graph of the given equation is a circle. The length of the radius of the circle is np, where n and pare positive constants. What isthe value of 1? 315 atz0te y EERE EAH SSSR SSS Peet EERE het EE PEC ee eer et",,,COCCC CCC Coo Coe CeCe eect,,3
ocr-00381,Math,Geometry and Trigonometry,Circles,Geometry and Trigonometry — Circles,Circles 3.pdf,3.15,1b2b20b9,,,,"CCE Ss eect COPPA ser COC POPP Steer Pee POPP eerer eee Pe oa a me 4 $ SrEsEcevacEEce Circle A shown is defined by the equation 2* + (y~ 6)® = 7. Circle B (not shown) has the same radius but is translated 96. units tothe right. the equation of cc Bis (x — fh)? + (y — K)? = a, where kand are constants, whats the value of da?",,28
ocr-00382,Math,Geometry and Trigonometry,Circles,Geometry and Trigonometry — Circles,Circles 3.pdf,3.16,2855cb58,,"ae eee cela the ayplane has ts center at (16,17) and has aradus of Tk. Which equation cepresents this ce? A (a 16)? + (y— 17)? = 49k 8. (2 ~ 16)? + (y~ 17)? = 49K ©. (2-16)? + (y= 17)? = Te ©. (aw ~ 16)? + (y~ 17)? = 7A?",,,,B
ocr-00383,Math,Geometry and Trigonometry,Circles,Geometry and Trigonometry — Circles,Circles 3.pdf,3.17,fa2771d5,,A (x-7)? 4 (yt 7 =1 8 (x3)? + (y+3)2=1 oc. (x-11)? + (y+3)?=1,b. (x=7)? + (y-1)?=1,"Circles 3 317 fez7nas Circle A has equation ( — 7)” + (y+ 3)? = 1. Inthe zy-plane, circle B is obtained by translating circle A to the right 4 nits. Which equation represents circle 6?",,C
ocr-00384,Math,Geometry and Trigonometry,Circles,Geometry and Trigonometry — Circles,Circles 3.pdf,3.18,35d37640,"Point F lies on a unit circle in the xy-plane and has coordinates (1, 0). Point G isthe center of the circle and has ‘coordinates (0, 0). Point H also lies on the circle and has coordinates (—1, y), where y is @ constant. Which of the folowing cou be the postive measure of angle FGH, in radans?",Amp am,,ct 0.25,,D
ocr-00368,Math,Geometry and Trigonometry,Circles,Geometry and Trigonometry — Circles,Circles 3.pdf,3.2,2266984b,,"A. (-20,-16) 8. (-10,-8) cc. (10,8)",,C182 8 oz 32 mucoowe Hao 4 H6y= =20 oorcates of the coterf the cle?,,B
ocr-00369,Math,Geometry and Trigonometry,Circles,Geometry and Trigonometry — Circles,Circles 3.pdf,3.3,69b0d79d,,,,"cone 0.(20,16) 33 obogroa DP Point Oi the center ofthe circle above, and the measure of ZOAB is 30°. It the lenath of OC is 18, whats the lenath of arc “8 oe",,B
ocr-00370,Math,Geometry and Trigonometry,Circles,Geometry and Trigonometry — Circles,Circles 3.pdf,3.4,ab176ad6,,"Acircle in the xy-plane has its center at (—4, —6). Line k is tangent to this circle at the point (—7, —7). What is the slope of line k?",,Circles 3 Question# 1D 34 sbieads The equation (+6)? +(y +3)*=121 defines a circle inthe sy-plane. Whats the acu of the circle? 35 sesrieca,,11
ocr-00371,Math,Geometry and Trigonometry,Circles,Geometry and Trigonometry — Circles,Circles 3.pdf,3.5,3e577e4a,,a ae a8,BaF,"Ce os Be 944250 Inthe xy-plane, the graph of 2x°— 6x +2y?+2y=45 isa ‘cl, What is the radius ofthe circle? AS 8.65",,A
ocr-00372,Math,Geometry and Trigonometry,Circles,Geometry and Trigonometry — Circles,Circles 3.pdf,3.6,9e44284b,ovo 050 37 mse,"Aciecla has center O, and points A and Bile onthe circle. The measure of are ABis 45” and the length of are ‘ABs 3 inches. Whatis tho circumference, ninches, ofthe ciclo? A3 a6",,co pm,,A
ocr-00373,Math,Geometry and Trigonometry,Circles,Geometry and Trigonometry — Circles,Circles 3.pdf,3.7,ca2235f6,,,,,D4,D
ocr-00374,Math,Geometry and Trigonometry,Circles,Geometry and Trigonometry — Circles,Circles 3.pdf,3.8,981275d2,,"A@-8) 86-1) c.6,-8) 2.6,-9)",,"Circles 3 Question# 1 3a ons OOH sera Inthe x-plane, the graph of the equation above is cele Point Ps onthe circle and has coorsnates(10,~5).1f isa clamete ofthe ce, what",,A
ocr-00375,Math,Geometry and Trigonometry,Circles,Geometry and Trigonometry — Circles,Circles 3.pdf,3.9,89661424,"39 eoeci2e OO ‘circle in the xy-plane has its center at (~5,2) and has @ radus of 9. An equation ofthis circle is 2? ty! tar + by +¢=0, where a,b, end care constants. Whats the value of €? 310 fesscodo = x Points and B leona circle with radius 1,and arc AB has length “3° ‘Wiest friction of the cheuterence of tee cirele bs the enath of ew ABT",,,,,-52
ocr-00218,Math,Geometry and Trigonometry,"Lines, Angles, and Triangles","Geometry and Trigonometry — Lines, Angles, and Triangles","Lines, Angles, and Triangles 1.pdf",1.1,c8d60e48,"Lines, Angles, and Triangles 1 1 canoes F Inthe given triangle, AB = AC and ZABC has a measure (0 67°. Whats the value of x? 438 8.48",,,ce,,B
ocr-00227,Math,Geometry and Trigonometry,"Lines, Angles, and Triangles","Geometry and Trigonometry — Lines, Angles, and Triangles","Lines, Angles, and Triangles 1.pdf",1.1,5733ce30,"Lines, Angles, and Triangles 1 Mo s7s%2830 x Inthe given figure, AC extends to point D. f the measure of ZBAC is ‘equal tothe measure of ZBCA, what isthe value of x?",Ano 8.70,,,,D
ocr-00228,Math,Geometry and Trigonometry,"Lines, Angles, and Triangles","Geometry and Trigonometry — Lines, Angles, and Triangles","Lines, Angles, and Triangles 1.pdf",1.11,3828f53d,6.86 2.40,"an sez aS a te Pert eos Inthe figure above, ines m and n are parallel ‘What isthe value of b 2 40",,,,A
ocr-00229,Math,Geometry and Trigonometry,"Lines, Angles, and Triangles","Geometry and Trigonometry — Lines, Angles, and Triangles","Lines, Angles, and Triangles 1.pdf",1.12,42b4493b,,A 40 8.50,,c.65,"D.80 wz xoaao30 Ina ight triangle, the measure of ene of the acute anges is 51"". What i the measure, in degrees of the other acute angle? AG 8.39 c.49",B
ocr-00230,Math,Geometry and Trigonometry,"Lines, Angles, and Triangles","Geometry and Trigonometry — Lines, Angles, and Triangles","Lines, Angles, and Triangles 1.pdf",1.13,36200a38,"Lines, Angles, and Triangles 1 MMs sez00088",Ano 8.120,,c.130,D100,B
ocr-00231,Math,Geometry and Trigonometry,"Lines, Angles, and Triangles","Geometry and Trigonometry — Lines, Angles, and Triangles","Lines, Angles, and Triangles 1.pdf",1.14,69f4bbdc,,,,,,B
ocr-00232,Math,Geometry and Trigonometry,"Lines, Angles, and Triangles","Geometry and Trigonometry — Lines, Angles, and Triangles","Lines, Angles, and Triangles 1.pdf",1.15,f1747a6a,"Note: Figure not drawn to scale, Inthe right triangle shown, what isthe value of a?",A1B,"BIT 6.90 103, was tran In wiangle ABC, the measure of angle Bis 52° and the measure of angle C'is 17"". Whats the measure of angle a",,,D
ocr-00233,Math,Geometry and Trigonometry,"Lines, Angles, and Triangles","Geometry and Trigonometry — Lines, Angles, and Triangles","Lines, Angles, and Triangles 1.pdf",1.16,3b4b5b1e,"Lines, Angles, and Triangles 1 Me soaeste Zz ‘ig I k ey eae a",,,,,47
ocr-00234,Math,Geometry and Trigonometry,"Lines, Angles, and Triangles","Geometry and Trigonometry — Lines, Angles, and Triangles","Lines, Angles, and Triangles 1.pdf",1.17,5207e508,"Note: Figure not drawn to sae, Inthe figure, tine is parallel to line, Whats the value of 2?",aay s07es08 ' ” . n,,,,D
ocr-00235,Math,Geometry and Trigonometry,"Lines, Angles, and Triangles","Geometry and Trigonometry — Lines, Angles, and Triangles","Lines, Angles, and Triangles 1.pdf",1.18,e0d2e21a,"Lines, Angles, and Triangles 1 we eoszezi8 x y",A B,,"c Zz Note: Figures not drawn to scale. Forthe triangles shown tiangle ABC is diated bya scale factor of 3 to obtain viangle XYZ, where d = 16, What is the measure, in degrees, of angle X?",,C
ocr-00236,Math,Geometry and Trigonometry,"Lines, Angles, and Triangles","Geometry and Trigonometry — Lines, Angles, and Triangles","Lines, Angles, and Triangles 1.pdf",1.19,9d078710,,ax “ “ é,,,,A
ocr-00219,Math,Geometry and Trigonometry,"Lines, Angles, and Triangles","Geometry and Trigonometry — Lines, Angles, and Triangles","Lines, Angles, and Triangles 1.pdf",1.2,a6dbad6b,"2.70 12 acdbadce Inthe figure above, ines ¢ and m are parallel, y= 20, and 2 =60. Whatis the value of x?","A120 8,100",,,,B
ocr-00220,Math,Geometry and Trigonometry,"Lines, Angles, and Triangles","Geometry and Trigonometry — Lines, Angles, and Triangles","Lines, Angles, and Triangles 1.pdf",1.3,cbe8ca31,"©.90 0.80 13 cbeeant Oo In AXYZ, the measure of X's 24"" and the measure of ZY is 98°. Whats the measure of £2?",A588 am,,"ci p22""",,A
ocr-00221,Math,Geometry and Trigonometry,"Lines, Angles, and Triangles","Geometry and Trigonometry — Lines, Angles, and Triangles","Lines, Angles, and Triangles 1.pdf",1.4,c24e1bda,"Lines, Angles, and Triangles 1 1s e2eetbda ' ” "" . n",,,,,D
ocr-00222,Math,Geometry and Trigonometry,"Lines, Angles, and Triangles","Geometry and Trigonometry — Lines, Angles, and Triangles","Lines, Angles, and Triangles 1.pdf",1.5,3563d76d,"Note: Figure not drawn to scale. Inthe figure, line mis parale! to line n. What isthe value of w?",Ald 8.34,"bist 1s ssssarea al [Ata certain ime ane day, the Washington Monument in Washington, DC, ‘casts a shadow thats 300 feet long. At the same time, a nearby cherry tee ‘casts.a shadow thats 16 fet ong. Given thatthe Washington Monument is approximately 555 feet tal, which of the following is closest to the height,",c.68,,C
ocr-00223,Math,Geometry and Trigonometry,"Lines, Angles, and Triangles","Geometry and Trigonometry — Lines, Angles, and Triangles","Lines, Angles, and Triangles 1.pdf",1.6,dfc420b2,,"approximately 555 feet tall, which of the following is closest to the height, in foot, ofthe chorry te? a0 8.20 ©.30 0.35 16 ateaz002 > Sena",,,,C
ocr-00224,Math,Geometry and Trigonometry,"Lines, Angles, and Triangles","Geometry and Trigonometry — Lines, Angles, and Triangles","Lines, Angles, and Triangles 1.pdf",1.7,410bdbe6,"Lines, Angles, and Triangles 1 17 sbdbes K\ Inthe triangle above, a=45. What isthe value of b?",A82 8.59 7,,,,A
ocr-00225,Math,Geometry and Trigonometry,"Lines, Angles, and Triangles","Geometry and Trigonometry — Lines, Angles, and Triangles","Lines, Angles, and Triangles 1.pdf",1.8,087cdcfd,"108 1a ostedets De Inthe figure, three lines intersect at point Px = @5and y=T75, what is the value of 27",A140 a0,,cao,,C
ocr-00226,Math,Geometry and Trigonometry,"Lines, Angles, and Triangles","Geometry and Trigonometry — Lines, Angles, and Triangles","Lines, Angles, and Triangles 1.pdf",1.9,992f4e93,,,B64,"c.40 2.20 19 s22t0eas a one meat oa Inthe figure above, ines ¢ and kare parallel. ‘What isthe value of a? 26",,C
ocr-00882,Math,Geometry and Trigonometry,"Lines, Angles, and Triangles","Geometry and Trigonometry — Lines, Angles, and Triangles","Lines, Angles, and Triangles 2.pdf",2.1,81b664bc,"Lines, Angles, and Triangles 2 Queione 10 ere Inthe tiga above, AF, BE, na CD are paral Ponts 8 and oon AC","and FD, respectively. AB =9, BC = 185, and FE =85, what is the lego ED, othe nest enh? Aves ens a",,,,B
ocr-00891,Math,Geometry and Trigonometry,"Lines, Angles, and Triangles","Geometry and Trigonometry — Lines, Angles, and Triangles","Lines, Angles, and Triangles 2.pdf",2.1,7a8ad237,"290 Tesadz57 Triangles ABC and DEF are congruent, where A corresponds to D, and B and E are right angles. The measure of angle","Alls 69"", What is the measure, in degrees, of angle F?",,,,21
ocr-00892,Math,Geometry and Trigonometry,"Lines, Angles, and Triangles","Geometry and Trigonometry — Lines, Angles, and Triangles","Lines, Angles, and Triangles 2.pdf",2.11,014edcb7,"Lines, Angles, and Triangles 2","an owes 5 k A P Note: Figure not drawn to scale. In triangle POR, QRis extended to point 5. The measure of ZPQR is 132°, and the measure of ZPRS is 163°, What is ‘the measure of OPR?",,,,B
ocr-00893,Math,Geometry and Trigonometry,"Lines, Angles, and Triangles","Geometry and Trigonometry — Lines, Angles, and Triangles","Lines, Angles, and Triangles 2.pdf",2.12,2085e10e,‘the measure of ZQPR? 7,"Aas""","B31"" ome oar ‘2x2 208se100 In tiangle DEF, the measure of angle Dis 47° and the measure of angle Eis 97°. In wiangle RST, the measure of angle Ris AT” and the measure of angle Sis 97°, Which ofthe following additional pieces of information is needed to determine whether triangle DEF is simiarto tiangle RST? ‘A.The measure of angle F",,,D
ocr-00894,Math,Geometry and Trigonometry,"Lines, Angles, and Triangles","Geometry and Trigonometry — Lines, Angles, and Triangles","Lines, Angles, and Triangles 2.pdf",2.13,2f7c92ad,"Lines, Angles, and Triangles 2",ams reszed c A A E Note: Figure not drawn to scale.,,,,C
ocr-00883,Math,Geometry and Trigonometry,"Lines, Angles, and Triangles","Geometry and Trigonometry — Lines, Angles, and Triangles","Lines, Angles, and Triangles 2.pdf",2.2,94364a79,"6.184 0.196 22 94564079 OO “Two nearby trees are perpendicular to the ground, which s flat. One ofthese trees is 10 fet tall and has 2 shadow thats 5 feet long. At the same time, the shadow of the other tree is 2 feet long, How tal in feet, isthe other tree?",a3 a4,,cs,,B
ocr-00884,Math,Geometry and Trigonometry,"Lines, Angles, and Triangles","Geometry and Trigonometry — Lines, Angles, and Triangles","Lines, Angles, and Triangles 2.pdf",2.3,933fee1a,oar es a ‘BC ve,ADF a,,,,B
ocr-00885,Math,Geometry and Trigonometry,"Lines, Angles, and Triangles","Geometry and Trigonometry — Lines, Angles, and Triangles","Lines, Angles, and Triangles 2.pdf",2.4,a4c05a1b,"Lines, Angles, and Triangles 2 2 aacosstb",,,,,B
ocr-00886,Math,Geometry and Trigonometry,"Lines, Angles, and Triangles","Geometry and Trigonometry — Lines, Angles, and Triangles","Lines, Angles, and Triangles 2.pdf",2.5,d3fe472f,"Note: Figure not drawn to sae Inthe figure shown, lines and s ave parallel and ine m intersects both ines. y < 65, which ofthe following must be true?",Awels,Be> 15,Carty < 180,"Det y> 180 25 astecrzt “Tangle ABC is similar to wiangle XYZ, such that A, B, and C correspond to X, ¥, and Z respectively. The lenath of each side of tangle XYZ is 2 times the lenath of ts corresponding sie in viangle ABC. The measure Of side AB ts 18. Whatie the ressure of side XY?",D
ocr-00887,Math,Geometry and Trigonometry,"Lines, Angles, and Triangles","Geometry and Trigonometry — Lines, Angles, and Triangles","Lines, Angles, and Triangles 2.pdf",2.6,fd8745fc,of side AB is 16. What is the measure of side XY?,"Ald 816 18 0.32 26 raevste In tiangle JIL, the measures of ZK and ZL are each 48°. What isthe measure of ZJ, in degrees? (Disregard the degree symbol when entering your answer)",,,,84
ocr-00888,Math,Geometry and Trigonometry,"Lines, Angles, and Triangles","Geometry and Trigonometry — Lines, Angles, and Triangles","Lines, Angles, and Triangles 2.pdf",2.7,901e3285,"Lines, Angles, and Triangles 2 27 soiex205 — Intriangle ABC, the measure of angle A is 50°. tangle ABCs isosceles, which of the folowing is NOT a possible measure of angle B?","A.80° 8.65"" ©.60"" . 100""",,,,D
ocr-00889,Math,Geometry and Trigonometry,"Lines, Angles, and Triangles","Geometry and Trigonometry — Lines, Angles, and Triangles","Lines, Angles, and Triangles 2.pdf",2.8,1c3d613c,"20 tease a. ont Tangle ABC and tiange DF ae shown, The eltonship between he side “AB BG AC lengths ofthe two tangles is such that BE EE ™ DE 9. tthe measure of angle BACs 20% whats the measure n degrees, of angle EOF ""Disregard the degre smo when ging your ansner)",,,,,20
ocr-00890,Math,Geometry and Trigonometry,"Lines, Angles, and Triangles","Geometry and Trigonometry — Lines, Angles, and Triangles","Lines, Angles, and Triangles 2.pdf",2.9,6dd463ca,"29 eddsosce ; Inthe figure above, segments AE and BD are paral. tangle BDC measures 58° and angle ACE measures 62% what isthe measure of angle","Ast 8.60"" cox",,cae?,D.t20°,B
ocr-00385,Math,Geometry and Trigonometry,"Lines, Angles, and Triangles","Geometry and Trigonometry — Lines, Angles, and Triangles","Lines, Angles, and Triangles 3.pdf",3.1,6d99b141,"Lines, Angles, and Triangles 3",,B Zi,,"D z ""4",83
ocr-00394,Math,Geometry and Trigonometry,"Lines, Angles, and Triangles","Geometry and Trigonometry — Lines, Angles, and Triangles","Lines, Angles, and Triangles 3.pdf",3.1,6a3fbec3,,,"B10 castbec s Inthe figure above, BD = 6 and AD = 8. ‘what isthe langth of DC 2 BM 345ec363,_§ w Y",,,4.5
ocr-00395,Math,Geometry and Trigonometry,"Lines, Angles, and Triangles","Geometry and Trigonometry — Lines, Angles, and Triangles","Lines, Angles, and Triangles 3.pdf",3.11,345cc36a,"Ww z i ‘\ Zz x Note: Figure not drawn to scale. Inthe figure shown, 17Z and XY intersect at point. ¥Q = 63, WQ = 70, WX = 60,and XQ = 120, what's the length of YZ?",,,,,54
ocr-00396,Math,Geometry and Trigonometry,"Lines, Angles, and Triangles","Geometry and Trigonometry — Lines, Angles, and Triangles","Lines, Angles, and Triangles 3.pdf",3.12,2d2cb85e,"Lines, Angles, and Triangles 3 Ss Z< - oF a",,,,,156
ocr-00397,Math,Geometry and Trigonometry,"Lines, Angles, and Triangles","Geometry and Trigonometry — Lines, Angles, and Triangles","Lines, Angles, and Triangles 3.pdf",3.13,f7dbde16,"U Vv R Note: Figure not drawn to scale. Inthe gure, RI’ = TU, the measure of angle VST is 29"", and the measure of angle RV'S is 41°. What is the value of 2? Say fTabaete In vianglos LMN and RST, angles L and R each have measure 60°, LN = 10, and RT’ = 30. Which","additonal piece af informations sufficient to prove that triangle LIMIV is similar to triangle RST? A.MN =Tand ST =7 8. MN =Tand ST'= 21 ©. The measures of angles M and $ are 70"" and 60"", respectively",,,,D
ocr-00398,Math,Geometry and Trigonometry,"Lines, Angles, and Triangles","Geometry and Trigonometry — Lines, Angles, and Triangles","Lines, Angles, and Triangles 3.pdf",3.14,abcd0011,". The measures of angles M and 7 are 70 and 50°, respectively 3x sbesgon",A D SG Note: Figure not drawn to scale.,B,,,3
ocr-00399,Math,Geometry and Trigonometry,"Lines, Angles, and Triangles","Geometry and Trigonometry — Lines, Angles, and Triangles","Lines, Angles, and Triangles 3.pdf",3.15,322a6dfe,"Lines, Angles, and Triangles 3 315 sree ‘Quadilaterals PQRS and WY Z ar similar, where P,Q, and R correspond to W, X, and Y, respectively. The measure of 28's 135°, PS = 45, and WZ = 9. whats the measure of 22?",AS,"B27"" 45"" 0.135""",,,D
ocr-00400,Math,Geometry and Trigonometry,"Lines, Angles, and Triangles","Geometry and Trigonometry — Lines, Angles, and Triangles","Lines, Angles, and Triangles 3.pdf",3.16,fecc446d,,"aie feccasca Aine intersects two pall ines, forming four acute angles and four obtuse angles. The measure of one ofthese eght angles is (72 — 250)"". The sum ofthe measures of fur af the eight angles isk. hich of the folowing could NOT be equivalent to forall values of 2? A. Ma + 1,540 8. 1de — $20 282 + 1,720 .360",,,,A
ocr-00386,Math,Geometry and Trigonometry,"Lines, Angles, and Triangles","Geometry and Trigonometry — Lines, Angles, and Triangles","Lines, Angles, and Triangles 3.pdf",3.2,e10d8313,"Note: Figure not drawn to scale. Inthe figure, AC = CD. The measure of angle EBC is 45°, and the measure of angle ACD is 104°. what is the value of 27 32 odes PQ oR s TV w x U",,,,,123
ocr-00387,Math,Geometry and Trigonometry,"Lines, Angles, and Triangles","Geometry and Trigonometry — Lines, Angles, and Triangles","Lines, Angles, and Triangles 3.pdf",3.3,f88f27e5,,"al Note: Figure not drawn to scale. Inthe figure shown, points QR, S, and T lie on ine segment PV, and ine segment RU intersects line segment SX at point W. The measure of ZSQX is 48°, the measure of ZSXQ is 86”, the measure of ZSWU is 85°, ‘and the measure of ZVTU is 162°. Whatis the measure, n degrees, of ZTUR? 33 teorres ~Tatersecting lines sand rare shown below. Whats the value of x?",,,,97
ocr-00388,Math,Geometry and Trigonometry,"Lines, Angles, and Triangles","Geometry and Trigonometry — Lines, Angles, and Triangles","Lines, Angles, and Triangles 3.pdf",3.4,947a3cde,"Lines, Angles, and Triangles 3 Me Teed x Inthe figure above, MQ and NR intersect at point P, NP= QP, and MP = PR. Whats the measure, in degrees, of ZOMR ? (Disregard the",,,,degree symbol when grdging your answer),30
ocr-00389,Math,Geometry and Trigonometry,"Lines, Angles, and Triangles","Geometry and Trigonometry — Lines, Angles, and Triangles","Lines, Angles, and Triangles 3.pdf",3.5,740bf79f,"38 -Kourrat Th Inthe figure above, wt is the length of NO 2 4.22 23 2a",,b.25,,,C
ocr-00390,Math,Geometry and Trigonometry,"Lines, Angles, and Triangles","Geometry and Trigonometry — Lines, Angles, and Triangles","Lines, Angles, and Triangles 3.pdf",3.6,bd7f6e30,"36 bartcex0 ae oa? Inthe figure above, RT = TU. What isthe value of x?",an 66,bse,ces,,C
ocr-00391,Math,Geometry and Trigonometry,"Lines, Angles, and Triangles","Geometry and Trigonometry — Lines, Angles, and Triangles","Lines, Angles, and Triangles 3.pdf",3.7,eeb4143c,"37 eebatese a ie The area of triangle ABC aboveis atleast 48 but no more than 60. Ify is an integer, what is one possible valve of x?",,,,,
ocr-00392,Math,Geometry and Trigonometry,"Lines, Angles, and Triangles","Geometry and Trigonometry — Lines, Angles, and Triangles","Lines, Angles, and Triangles 3.pdf",3.8,5b4757df,"Lines, Angles, and Triangles 3 38 sbarszat _ a = Intriangle RST, angle Tisa right angle, point L ies on RS, point K lies on ST, and ZK is parallel to RP. the length of RF is 72 units, the lenath of LK is 24 uit, and the area of tangle RST is 702 square units, what is the lenathof KT, inunts? 33 e2m0 . .",,,,,3.9
ocr-00393,Math,Geometry and Trigonometry,"Lines, Angles, and Triangles","Geometry and Trigonometry — Lines, Angles, and Triangles","Lines, Angles, and Triangles 3.pdf",3.9,17912810,"& q t WAS Note: Figure not drawn to scale. Inthe rigue, parallel ines q and tar intersected by ines rand sta = 43 and b = 122, whatis the value of w?",,,,,50.5
ocr-00700,Math,Geometry and Trigonometry,Right Triangles and Trigonometry,Geometry and Trigonometry — Right Triangles and Trigonometry,Right Triangles and Trigonometry 1.pdf,1.1,e6f2ace7,Right Triangles and Trigonometry Question# 1 Ww tur . RP =,,,,,C
ocr-00701,Math,Geometry and Trigonometry,Right Triangles and Trigonometry,Geometry and Trigonometry — Right Triangles and Trigonometry,Right Triangles and Trigonometry 1.pdf,1.2,145337bc,"7 Note: Figure not drawn to seal ‘The lengths of the leg of aright triangle are shown, Which of the following is closest tothe length of the triangles hypotenuse? rer)",a5 6.76 2.20,,,,A
ocr-00702,Math,Geometry and Trigonometry,Right Triangles and Trigonometry,Geometry and Trigonometry — Right Triangles and Trigonometry,Right Triangles and Trigonometry 1.pdf,1.3,a6097ec2,Right Triangles and Trigonometry 1 13 scoa7ec2 * 63,,,,,C
ocr-00703,Math,Geometry and Trigonometry,Right Triangles and Trigonometry,Geometry and Trigonometry — Right Triangles and Trigonometry,Right Triangles and Trigonometry 1.pdf,1.4,bbaac300,"Note: Figure not drawn to scale. Inthe ight ange shown. whats the value of sin 2""?",Aw,"Be oF Ls boeacsco ‘angle ABC is sim to tingle DEF. where angle A corespons to angle D, and angles Cand Fare ight angles. 08 B = 2, whatis the valve of cos E",,,A
ocr-00704,Math,Geometry and Trigonometry,Right Triangles and Trigonometry,Geometry and Trigonometry — Right Triangles and Trigonometry,Right Triangles and Trigonometry 1.pdf,1.5,36661021,Right Triangles and Trigonometry 1 1s —_sese1o7,,,C 9 6 Note: Figure not drawn to scale.,,B
ocr-00274,Math,Geometry and Trigonometry,Right Triangles and Trigonometry,Geometry and Trigonometry — Right Triangles and Trigonometry,Right Triangles and Trigonometry 2.pdf,2.1,902dc959,"Right Triangles and Trigonometry 2 21 s02acose 4 Inthe figure above, whats the value of tana? 20",A 20 a 8.29,,,,C
ocr-00275,Math,Geometry and Trigonometry,Right Triangles and Trigonometry,Geometry and Trigonometry — Right Triangles and Trigonometry,Right Triangles and Trigonometry 2.pdf,2.2,de550be0,2 on,a 2.20 22 dessobe0 21 6,,,,A
ocr-00276,Math,Geometry and Trigonometry,Right Triangles and Trigonometry,Geometry and Trigonometry — Right Triangles and Trigonometry,Right Triangles and Trigonometry 2.pdf,2.3,9ec76b54,"Not: igure not drawn tse For the tiangle shown, which expression represents the value of a?",ava a2 oya=6 02-6,,,,B
ocr-00277,Math,Geometry and Trigonometry,Right Triangles and Trigonometry,Geometry and Trigonometry — Right Triangles and Trigonometry,Right Triangles and Trigonometry 2.pdf,2.4,bf8d843e,"Right Triangles and Trigonometry 2 24 bfadedse x tn AABC above, what is the length ot AD?",Aa 86,,c.6/2,,B
ocr-00278,Math,Geometry and Trigonometry,Right Triangles and Trigonometry,Geometry and Trigonometry — Right Triangles and Trigonometry,Right Triangles and Trigonometry 2.pdf,2.5,a5aee181,,avi 8.20 ©.15v2 2.400,,"c.6/2) 0.6y3 25 ssseaist ‘The length ofa rectangle's diagonal is 577, and the lenath ofthe ractange’s shorter side i 5. What isthe length ofthe rectangle’s longer side?",,B
ocr-00279,Math,Geometry and Trigonometry,Right Triangles and Trigonometry,Geometry and Trigonometry — Right Triangles and Trigonometry,Right Triangles and Trigonometry 2.pdf,2.6,13d9a1c3,"26 tsdsates ho Inthe right triangle shown sbove, what isthe length of PO?",,,,,4
ocr-00280,Math,Geometry and Trigonometry,Right Triangles and Trigonometry,Geometry and Trigonometry — Right Triangles and Trigonometry,Right Triangles and Trigonometry 2.pdf,2.7,a71617d3,Right Triangles and Trigonometry 2 Zi 32,,,,,45
ocr-00281,Math,Geometry and Trigonometry,Right Triangles and Trigonometry,Geometry and Trigonometry — Right Triangles and Trigonometry,Right Triangles and Trigonometry 2.pdf,2.8,5a7e3b46,"Note: Figure not drawn to seal. Inthe tangle shown, what sth valve of? 28 sree _ In ABC, Bie argh angle andthe length of BC is 136 milters. eos A =f, whatisthe length nmiimeters of",ab As 9.102,,c.136 0.170,,B
ocr-00282,Math,Geometry and Trigonometry,Right Triangles and Trigonometry,Geometry and Trigonometry — Right Triangles and Trigonometry,Right Triangles and Trigonometry 2.pdf,2.9,659cb706,", : IN",,,,,D
ocr-00428,Math,Geometry and Trigonometry,Right Triangles and Trigonometry,Geometry and Trigonometry — Right Triangles and Trigonometry,Right Triangles and Trigonometry 3.pdf,3.1,bd87bc09,"Right Triangles and Trigonometry 3 Question# 1D 31 bd7bc09 H sin(6)= 2 ‘Wangle ABC above is aright tingle, and 3 Whats the langth of side BC",,,,,24
ocr-00437,Math,Geometry and Trigonometry,Right Triangles and Trigonometry,Geometry and Trigonometry — Right Triangles and Trigonometry,Right Triangles and Trigonometry 3.pdf,3.1,2be01bd9,"= oe 310 2beotoan ‘Triangle ABC is similar to triangle DEF, where angle A corresponds to angle D and angle C' corresponds to.","angle F. Angles Cand F ae ight anoles. tan(A) = 42, whats the value of tan)? Sm basanse 3",,,,0.14
ocr-00438,Math,Geometry and Trigonometry,Right Triangles and Trigonometry,Geometry and Trigonometry — Right Triangles and Trigonometry,Right Triangles and Trigonometry 3.pdf,3.11,dba6a25a,"Sn dbesa2se A Inthe igure above, BD is paratel to AE. ‘Whats the length of CE 2 sr 2sdo0710 OO ‘Atriangle with angle measures 30%, 6°, and 90° has a perimeter of 18+6V3. what is the lenoth of the longest side of the triangle?",,,,,30
ocr-00439,Math,Geometry and Trigonometry,Right Triangles and Trigonometry,Geometry and Trigonometry — Right Triangles and Trigonometry,Right Triangles and Trigonometry 3.pdf,3.12,25da87f8,,,,,,12
ocr-00440,Math,Geometry and Trigonometry,Right Triangles and Trigonometry,Geometry and Trigonometry — Right Triangles and Trigonometry,Right Triangles and Trigonometry 3.pdf,3.13,568d66a7,Right Triangles and Trigonometry 3,"a3 sesdeea7 ‘Anisosceles right triangle has a perimeter of 94 + 04,/2 inches. Whats the lenat, in inches, of ene leg of this triangle? Aa aatva",b.94v3,co,,B
ocr-00441,Math,Geometry and Trigonometry,Right Triangles and Trigonometry,Geometry and Trigonometry — Right Triangles and Trigonometry,Right Triangles and Trigonometry 3.pdf,3.14,8027db3f,,Ae,"Bi sortst Intringle JAL, coa(K) = 2 and angle Ji ight ange, Whats the value of cos()? 315 oero0.29 Rs = 440 ST = 384 TR = 584 “The side lengths of ght tangle RST are given, Tangle RST is similar to wiangle UVW, where $",coresponds to V and’ corresponds to W. whats the viv of tan W?,,3.15
ocr-00442,Math,Geometry and Trigonometry,Right Triangles and Trigonometry,Geometry and Trigonometry — Right Triangles and Trigonometry,Right Triangles and Trigonometry 3.pdf,3.15,0e709a29,of oe,"A200 8.58v2 €.58 + 58V2, 2.58 + 116V2",,Cr 316 ffeeezas SO,,D
ocr-00443,Math,Geometry and Trigonometry,Right Triangles and Trigonometry,Geometry and Trigonometry — Right Triangles and Trigonometry,Right Triangles and Trigonometry 3.pdf,3.16,ffe862a3,,,,,,C
ocr-00444,Math,Geometry and Trigonometry,Right Triangles and Trigonometry,Geometry and Trigonometry — Right Triangles and Trigonometry,Right Triangles and Trigonometry 3.pdf,3.17,14e7c1f4,"Right Triangles and Trigonometry 3 17 ere For two acute angles, 2Q and ZR, cos(@Q) = sin(R). The measures, in degrees, of 2Q and ZR are x + 61 and 4a + 4, respectively, Whats the value of 2?",AB 8.19 0.23 0.29,,,,A
ocr-00445,Math,Geometry and Trigonometry,Right Triangles and Trigonometry,Geometry and Trigonometry — Right Triangles and Trigonometry,Right Triangles and Trigonometry 3.pdf,3.18,a67b9f88,"sie asresres R 53 Tr Ss Note: Figure not drawn to seal, Inthe tangle shown, RS = TOS. What is the value of sin R?",,,,,3.19
ocr-00446,Math,Geometry and Trigonometry,Right Triangles and Trigonometry,Geometry and Trigonometry — Right Triangles and Trigonometry,Right Triangles and Trigonometry 3.pdf,3.19,58c26db8,,Ao Bove,"Be eee she perimeter of an isosceles right angle is 18+ 18,/3 inches, Whats the enh in inches ofthe hypotenuse of this tangle?",cis o.18v3,,C
ocr-00429,Math,Geometry and Trigonometry,Right Triangles and Trigonometry,Geometry and Trigonometry — Right Triangles and Trigonometry,Right Triangles and Trigonometry 3.pdf,3.2,1429dcdf,"32 aadeat } 23 16 Note Figure not drawn to sale. in thar tiieagia shee, whet ih the veh of dana""?",,,,,3.3
ocr-00430,Math,Geometry and Trigonometry,Right Triangles and Trigonometry,Geometry and Trigonometry — Right Triangles and Trigonometry,Right Triangles and Trigonometry 3.pdf,3.3,4c95c7d4,"In the triangle shown, what is the value of sim""? ‘A graphic designer is creating a logo fr a company. The logo is shown in the figure above. The logo isin the shape ofa trapezoid and consists of three congruent equilateral triangles. I the perimeter of the logo is 20 centimeters, hats the combined aes of the shaded regions, in square",As 33,,"centimeters, of the logo?",,C
ocr-00431,Math,Geometry and Trigonometry,Right Triangles and Trigonometry,Geometry and Trigonometry — Right Triangles and Trigonometry,Right Triangles and Trigonometry 3.pdf,3.4,55bb437a,Right Triangles and Trigonometry 3,"a-3 Inthe figure above, 898 =. t= 15 and",Be ssbasTa *,,"DA =4, what is the length of DE 2",6
ocr-00432,Math,Geometry and Trigonometry,Right Triangles and Trigonometry,Geometry and Trigonometry — Right Triangles and Trigonometry,Right Triangles and Trigonometry 3.pdf,3.5,6933b3d9,"35 cass ae In tiangle RST above, point W (not shown) les on RT. What is the value of cos(ZRSW)-sin( <WST)? 6 Gabsoces ‘Tangle ABC is similar to wiangle DEF, where A corresponds to D and C corresponds to F. Angles C and F ‘are right angles. tan(A) = v3 and DF = 125, whats the length of DE?",,,,,0.0
ocr-00433,Math,Geometry and Trigonometry,Right Triangles and Trigonometry,Geometry and Trigonometry — Right Triangles and Trigonometry,Right Triangles and Trigonometry 3.pdf,3.6,6ab30ce3,,aa Pere,,"c.125v3 0.250 a7 7shode ‘The length of a rectangle's diagonal is 3y'T7, and the length of the rectangle's shorter side is 3. What is the length ofthe rectangle’ longer side?",,D
ocr-00434,Math,Geometry and Trigonometry,Right Triangles and Trigonometry,Geometry and Trigonometry — Right Triangles and Trigonometry,Right Triangles and Trigonometry 3.pdf,3.7,7c25b0dc,,"aa csattaas “Tangle ABC ts similar to viangle DEF, where angle A corresponds to angle D and angles C and F are right angles. The lenath of ABs 2.9 times the length of DE. tan A = 2, whats the value of sin D?",,,,12
ocr-00435,Math,Geometry and Trigonometry,Right Triangles and Trigonometry,Geometry and Trigonometry — Right Triangles and Trigonometry,Right Triangles and Trigonometry 3.pdf,3.8,c6dff223,,,,,,3
ocr-00436,Math,Geometry and Trigonometry,Right Triangles and Trigonometry,Geometry and Trigonometry — Right Triangles and Trigonometry,Right Triangles and Trigonometry 3.pdf,3.9,92eb236a,"Right Triangles and Trigonometry 3 39 o2eb2368 Oe pes Ina right triangle, the tangent of one ofthe two acute anglesis 3. What isthe tangent ofthe other acute angle?",ake a3 = aks & 3,,,,D
ocr-00602,Math,Problem-Solving and Data Analysis,Evaluating Statistical Claims,Problem-Solving and Data Analysis — Evaluating Statistical Claims,Evaluating Statistical Claims 1.pdf,1.1,9bf4c545,"Observational Studies and Experiments 1 Metsu Oe “The members ofa city coune wanted to assess the opinion of all ty residents about converting an open field into dog park. The council surveyed sample of 500 city residents who own dogs. The survey showed that the majority of those sampied were in favor ofthe dog park. Which of the flowing is tue about the city couneis survey? {It shows thatthe marty of ity residents arin favor ofthe dog park 8, The survey sample should have included more residents who are dog owners.",,,C. The survey sample should have consisted ently of residents who donot oun dogs. . The survey sample is biased because its not representative of ality residents.,,D
ocr-00603,Math,Problem-Solving and Data Analysis,Evaluating Statistical Claims,Problem-Solving and Data Analysis — Evaluating Statistical Claims,Evaluating Statistical Claims 1.pdf,1.2,82dfb646,"12 atbeas re ‘Armarket researcher selected 200 people at random from a group of people ‘who incicate that they liked a certain book. The 200 people were shown a ‘movie based on the book and then asked whether they liked or cisliked the movie, Of those surveyed, 95% sald they disiked the movie. Which af the following inferences can appropriately be drawn ftom this survey result? [A Atleast 95% of people who go see movies wil dislike this movie. 8. Atleast 95% of people who read books wil disike this move. . Most people who dislike this book wl ke this movie. . Most people who like this book will dstke this movie.",,,,,D
ocr-00111,Math,Problem-Solving and Data Analysis,Evaluating Statistical Claims,Problem-Solving and Data Analysis — Evaluating Statistical Claims,Evaluating Statistical Claims 2.pdf,2.1,37930b2a,"Observational Studies and Experiments 2 21 srss0020 Residents of a town were surveyed to determine whether they are satisfied wit the concession stand atthe local park. A random sample of 200 residents was selected, All200 responded, and 87% said they re satisfied. Based on tis information, which ofthe folowing statements must be true? |LOf all the town residents, 87% would say they are satisfied withthe concession stand at the local park Uf another random sample of 200 residents were surveyed, 87% would say they are satisfied.",A. Neither 8.Lonly,,c.ttonly,,A
ocr-00112,Math,Problem-Solving and Data Analysis,Evaluating Statistical Claims,Problem-Solving and Data Analysis — Evaluating Statistical Claims,Evaluating Statistical Claims 2.pdf,2.2,b4f5a7ca,,,Butandi 22 batsarea ae [A survey was conducted using a sample of history professors selected at random from the Califia State Universities. The professors surveyed ‘were asked to name the publishers of their current texts. What isthe largest population to which the results of the survey can be generalized? ‘A. Allprofessorsin the United States 8B. Allhistory professors inthe United States ©. Allhistory professors at all California State Universities . All professors at all California State Universities,,,C
ocr-00113,Math,Problem-Solving and Data Analysis,Evaluating Statistical Claims,Problem-Solving and Data Analysis — Evaluating Statistical Claims,Evaluating Statistical Claims 2.pdf,2.3,642519d7,"23 asia OO ‘A poling agency recently surveyed 1,000 adults who were selected at random from large city and asked each of the adults, “Are you satisfied wth the quay ofan the city?"" Of those surveyed, 78 percent responded that they were satisfied with the quality of arin the city. Based on the results ofthe survey, which of the following statements must be true? 1. Of all adults in the city, 78 percent aro satsfod withthe quality of ai inthe ety 2. another 1000 adults selected at random from the ety were surveyed, 78 percent of them would report they are satisfied withthe quality of sirin the city. 3.117000 adults selected at random from a different cty were surveyed, 78 percent of them would report they ‘are satisfied with the quality ofa inthe chy",A.None,,,,A
ocr-00553,Math,Problem-Solving and Data Analysis,Evaluating Statistical Claims,Problem-Solving and Data Analysis — Evaluating Statistical Claims,Evaluating Statistical Claims 3.pdf,3.1,1ea09200,Observational Studies and Experiments 3 3109200 ‘A sample of 40 fourth-grade students was selected at random froma,,"be applied? [A The 40 students who were surveyed 8, Allfourth-grade students atthe school C. Allstudents atthe school ©. Alfourth-grade students inthe county in which the school is located","Certain school. The 40 students completed a survey about the morning ‘announcements, and 32 thought the announcements were helpful. Which of the following iste largest population to which the results ofthe survey can",,B
ocr-00554,Math,Problem-Solving and Data Analysis,Evaluating Statistical Claims,Problem-Solving and Data Analysis — Evaluating Statistical Claims,Evaluating Statistical Claims 3.pdf,3.2,7d68096f,Presto [ee,,,ces a,,D
ocr-00555,Math,Problem-Solving and Data Analysis,Evaluating Statistical Claims,Problem-Solving and Data Analysis — Evaluating Statistical Claims,Evaluating Statistical Claims 3.pdf,3.3,7ce2830a,"ee — a — ‘Which of the folowing isthe largest population to which the results ofthe study can be generalized? ‘A. Alltrivia teams in the tournament that scored 14 or more points inthe round £8, The 55 trivia teams inthe sample ©. The 40 trivia teams inthe sample that practiced for atleast 3hours per week .Allteivia teams in the tournament 33 xezes00 OO","A psychologist designed and conducted a study to determine whether playing a certain educational game increases middle schoo! students! ‘accuracy in adding fractions. For the study, the psychologist chose a random sample of 35 students from al ofthe students at one of the middle schools ina large city. The psychologist found that students who played the",,,,B
ocr-00556,Math,Problem-Solving and Data Analysis,Evaluating Statistical Claims,Problem-Solving and Data Analysis — Evaluating Statistical Claims,Evaluating Statistical Claims 3.pdf,3.4,aa43b41f,"Observational Studies and Experiments 3 3 asasbait Near the end of a US cable news show, the host invited viewers to respond ‘to pollon the show's website that asked, *Do you support the new federal policy discussed during the show"" At the end ofthe show, the host reported that 28% responded “Yes” and 70% responded ""No"" Which of the following best explains why the results ae unkely to represent the sentiments ofthe population ofthe United States? [A The percentages do not add up to 100%, so any possible conclusions trom the poll are invalid 8, Those who responded tothe pol were nota random sample ofthe population ofthe United States. ©. There were not 60% “Yes"" responses and 50% No"" responses. . The show aid not allow viewers enough time to respond tothe pol",,,,,B
ocr-00557,Math,Problem-Solving and Data Analysis,Evaluating Statistical Claims,Problem-Solving and Data Analysis — Evaluating Statistical Claims,Evaluating Statistical Claims 3.pdf,3.5,4a422e3e,"SS See eee eee ne aera ree 3S seuzzese OO ‘To determine the mean numberof children per hauseholé in a community, Tabitha surveyed 20 families ata playground. For the 20 families surveyed, the mean numberof children per household was 24, Which ofthe following statements must be true? |A.The mean numberof children per household in the community is 2.4. '. Adetermination about the mean numberof children per household in the community should not be made",,because the sample size is too small.,C. The sampling method is flawed and may produce a biased estimate ofthe mean numberof children per household inthe community.,D. The sampling method is not flawed and is likely to produce an unbiased estimate of the mean number of,C
ocr-00558,Math,Problem-Solving and Data Analysis,Evaluating Statistical Claims,Problem-Solving and Data Analysis — Evaluating Statistical Claims,Evaluating Statistical Claims 3.pdf,3.6,6fca0144,12h Theeeegeting eeeettaeel 0h nig Themed end Se ily epee em eee eptineipel fe reper et,A. Allthe 50 baobab tres that were selected in this habitat,"B,Allthe baobab trees that were 19 years old in this habitat C.Allthe baobab trees that were 17 years old in South Attica","chillren per household inthe community. 36 tea0we For a baobab tee habitat in South Africa, scientist randomly selected 50 baobab trees that were 17 years old and randomly essigned them to two groups. Each group was subjected to a diferent watering pattern for 2 consecutive years to ‘observe whether the watering pattern affecte the tres’ growth rate. Based on the design of the study, what i the largest {10up to which these results can be applied?",D.Allthe baobab trees that were 17 years odin this habitat,D
ocr-00758,Math,Problem-Solving and Data Analysis,One-Variable Data,Problem-Solving and Data Analysis — One-Variable Data,One-Variable Data 1.pdf,1.1,f890dc20,,AD a3,,ca Do,"Distributions 1 va fes0dez0 2,2,2,3.4,4,11 Wihatis the median of the seven data values shown?",B
ocr-00767,Math,Problem-Solving and Data Analysis,One-Variable Data,Problem-Solving and Data Analysis — One-Variable Data,One-Variable Data 1.pdf,1.1,4bb25495,,a [Sere or | [wou [| Prenen| oan |,,,Distributions 1 [ews [20 |,B
ocr-00768,Math,Problem-Solving and Data Analysis,One-Variable Data,Problem-Solving and Data Analysis — One-Variable Data,One-Variable Data 1.pdf,1.11,79340403,"The table above shows the land area, in square kilometers, of the five smallest countries of the word in 2016, Based onthe table, whats the mean land area ofthe 5 smallest counties in 2016, othe nearest square kilometer? 420 8.22",am ycouas 70 © 27 i,b.t0,c.61,,30
ocr-00769,Math,Problem-Solving and Data Analysis,One-Variable Data,Problem-Solving and Data Analysis — One-Variable Data,One-Variable Data 1.pdf,1.12,a9647302,,"a Fo For aelty con «company tht manuatires ghbubs conducts ve terns each Wal, 00 ifrent ghouls were teste. The bt {7aph above shows ha number of detective lghtbubs funda ach rats he mean number of dtectie bts forthe ive al?",,,Distributions 1 Questions 10 Ma spearsge Resa of Fv Quy Cerda,B
ocr-00770,Math,Problem-Solving and Data Analysis,One-Variable Data,Problem-Solving and Data Analysis — One-Variable Data,One-Variable Data 1.pdf,1.13,869a32f1,,Aaa [ ev [+ tz[sfats] righ emperaue [ot | eo | os [ on | 22 |,,,,D
ocr-00771,Math,Problem-Solving and Data Analysis,One-Variable Data,Problem-Solving and Data Analysis — One-Variable Data,One-Variable Data 1.pdf,1.14,6670e407,,,,cine femal 7 [eo [ m5 [70 || ster [a8 [2 | 05 [79 [a | [ror [or [oe [wo [ee [2],Distributions 1,C
ocr-00772,Math,Problem-Solving and Data Analysis,One-Variable Data,Problem-Solving and Data Analysis — One-Variable Data,One-Variable Data 1.pdf,1.15,57481175,,,,,Distributions 1 Question © i= | ><”) Rae ‘The bar graph shows the number of each type of monkey na sanctuary. 2 ir ~ 10 5 9 2 8 27 He 24,B
ocr-00773,Math,Problem-Solving and Data Analysis,One-Variable Data,Problem-Solving and Data Analysis — One-Variable Data,One-Variable Data 1.pdf,1.16,6e3ab4bf,,,,,Distributions 1 tag eesabant_§ 20 g 18 3 16 514 3 12 Z 10 £8 2 6,D
ocr-00774,Math,Problem-Solving and Data Analysis,One-Variable Data,Problem-Solving and Data Analysis — One-Variable Data,One-Variable Data 1.pdf,1.17,4b09f783,$4 0 A B c D Gift : -,,,,,10
ocr-00775,Math,Problem-Solving and Data Analysis,One-Variable Data,Problem-Solving and Data Analysis — One-Variable Data,One-Variable Data 1.pdf,1.18,52f9a246,,,,Ce] of femme,"Distributions 1 , | ;",A
ocr-00776,Math,Problem-Solving and Data Analysis,One-Variable Data,Problem-Solving and Data Analysis — One-Variable Data,One-Variable Data 1.pdf,1.19,66f03086,,a _ [rome [ro | [els | Eee Lo] oe [| Lt | aa a,,,,B
ocr-00759,Math,Problem-Solving and Data Analysis,One-Variable Data,Problem-Solving and Data Analysis — One-Variable Data,One-Variable Data 1.pdf,1.2,8736334b,"12 ersexsab Data set A:72, 73, 73, 76,76",An 8.85,,c.a6 2.95,"Data set 8.61, 64, 74,85, Dataset A and data set B each contain numbers. If the mean of data set A is equal to the mean of data set 8, what isthe value of x?",C
ocr-00777,Math,Problem-Solving and Data Analysis,One-Variable Data,Problem-Solving and Data Analysis — One-Variable Data,One-Variable Data 1.pdf,1.2,93779b53,,,B35 & 30 3 35 § 20 g 15 2 10 5 G 1 2 3 4 5,,Distributions 1 Question# 1 120 sess 50 45 2 40,B
ocr-00778,Math,Problem-Solving and Data Analysis,One-Variable Data,Problem-Solving and Data Analysis — One-Variable Data,One-Variable Data 1.pdf,1.21,a067c926,re S,Activity ‘A group of students voted on five after-school activities. The bar graph shows the number of students who voted {or each ofthe five activites. How many students chose activity 3? 25 8.39,,c.48 0.50 tar aosreo26 ‘The ber graph shows the distribution ofthe number of students from one school who were bom in one of four months.,,D
ocr-00760,Math,Problem-Solving and Data Analysis,One-Variable Data,Problem-Solving and Data Analysis — One-Variable Data,One-Variable Data 1.pdf,1.3,c88e0663,"1s esseoses For a school fund-raiser, 10 students sold a total of 90 boxes of cookie. Which ofthe folowing can be calculated from this information? [A The average numberof boxes sold per student £2, The median numberof boxes sold per student",,,"C. The greatest number of boxes sold by ane student 1. The least numberof boxes sold by one student 14 radaesze 2,9, 14,23, 32",,A
ocr-00761,Math,Problem-Solving and Data Analysis,One-Variable Data,Problem-Solving and Data Analysis — One-Variable Data,One-Variable Data 1.pdf,1.4,12dae628,"2, 9, 14, 23, 32 ‘Whats the mean of the data shown?",AM 2.16,,car 0.82,,B
ocr-00762,Math,Problem-Solving and Data Analysis,One-Variable Data,Problem-Solving and Data Analysis — One-Variable Data,One-Variable Data 1.pdf,1.5,fa7a0164,,A888 8.49,,c.59,"Distributions 1 Question# 1D 15 faraoiee ‘The table below shows the high and low temperatures in Houston, Texas, during five-day period. [Si ny | Wi Va ‘What was the mean low temperature, in degrees Fabrenhel, during the fve-doy period?",A
ocr-00763,Math,Problem-Solving and Data Analysis,One-Variable Data,Problem-Solving and Data Analysis — One-Variable Data,One-Variable Data 1.pdf,1.6,708590d7,"o.s91 we 70859047 Data sett, 2,3,4,5,6,7",,,,"Data set B:1,1,2,2,3,3,4 Which ofthe folowing statements correctly compares the means of data set A and data set 8? [A The mean af each data set is 2. 2, The mean of each data st ie 4 . The mean of data set Ai ess than the mean of dataset 8. 1. The mean of data set Ais greater than the mean of data set 8",D
ocr-00764,Math,Problem-Solving and Data Analysis,One-Variable Data,Problem-Solving and Data Analysis — One-Variable Data,One-Variable Data 1.pdf,1.7,374b18f9,,"ay sa0i619 — PESSPISESSSESS The numberof acres of useful timberland in 13 counties in California is ‘summarized in the box plat above, Which ofthe following is closest tothe median numberof acres? 4.4390 8.7067",,c.gaa 0.10595,,B
ocr-00765,Math,Problem-Solving and Data Analysis,One-Variable Data,Problem-Solving and Data Analysis — One-Variable Data,One-Variable Data 1.pdf,1.8,c54b92a2,,,,,Distributions 1 [a [= |,B
ocr-00766,Math,Problem-Solving and Data Analysis,One-Variable Data,Problem-Solving and Data Analysis — One-Variable Data,One-Variable Data 1.pdf,1.9,d1db8def,Leta |,,bef | [ela | beta |,Cope |,Des |,C
ocr-00019,Math,Problem-Solving and Data Analysis,One-Variable Data,Problem-Solving and Data Analysis — One-Variable Data,One-Variable Data 2.pdf,2.1,4c774b00,,,,,Distributions 2 Quesion# 10 21 semnco po 20 Sue von Coogee [e[ «| [e[s | [z[os | [[ +] sob,A
ocr-00028,Math,Problem-Solving and Data Analysis,One-Variable Data,Problem-Solving and Data Analysis — One-Variable Data,One-Variable Data 2.pdf,2.1,9e2bf782,"ee LINES IESE ‘ounces, ofthese 33 fish?",As ae 13s 5,,,,B
ocr-00029,Math,Problem-Solving and Data Analysis,One-Variable Data,Problem-Solving and Data Analysis — One-Variable Data,One-Variable Data 2.pdf,2.11,8193e8cd,,"an aTsseBed 2,10,3,7,6 The mean of thelist of numbers above is what fraction of the sum ofthe five numbers? 212 asteoma",,Company A,Distributions 2,0.2
ocr-00030,Math,Problem-Solving and Data Analysis,One-Variable Data,Problem-Solving and Data Analysis — One-Variable Data,One-Variable Data 2.pdf,2.12,25fc031a,50 40 30: Frequency 30 10 0. 15 20 25 30 35 40 45 50 ‘Number of units sold (in thousands),,,"Company B 50. 40 30. Frequency 30 10. 0. 15 20 25 30 35 40 45 50 ‘Number of units sold (in thousands) ‘The histograms summarize the distributions of number of units sol, in thousands, for company A and company B. Which statement best compares the standard deviations of number of units sold for these companies? 1s Seteeeesieeectenet chasieetices iP exoectnees acPacutes tec ieereeeneceneeess Js tes bemes umm thems eteeeniensl shaatiathenr offeeeetesereseecions petal",,A
ocr-00031,Math,Problem-Solving and Data Analysis,One-Variable Data,Problem-Solving and Data Analysis — One-Variable Data,One-Variable Data 2.pdf,2.13,578e26ae,,,"B. The median of data set B is greater than the median of data set A, and the range of data set B is greater than the range of",,"Distributions 2 Question# 1D 213 svaezcae Data Set A + 22 23 24 25 26 Data set A has 15 values and is represented by the dot plot shown. Data set 8 is created by adding 46 to each of the values in data set A. Which ofthe following correctly compares the medians and the ranges of data sets A and B? ‘A The median of data set B is greater than the median of data set A, and the range of data set B is equal tothe range of data set A,",A
ocr-00020,Math,Problem-Solving and Data Analysis,One-Variable Data,Problem-Solving and Data Analysis — One-Variable Data,One-Variable Data 2.pdf,2.2,3f2ee20a,"so] 1 ‘The table above shows the distribution of ages of the 20 students enrolled ina college class. Which ofthe following gives the corect order of the mean, median, and mode ofthe ages? ‘A.made < median < mean 8. mode < mean < mecian",,,Cc. median < mode < mean mean < mode < median 22 se0200 ‘The results of two independent surveys are shown in the table below. Men's Height,,C
ocr-00021,Math,Problem-Solving and Data Analysis,One-Variable Data,Problem-Solving and Data Analysis — One-Variable Data,One-Variable Data 2.pdf,2.3,d0efc1dd,[Ss Soro sn eres Sard ovat erin] [afew [we [ms [Ce [asco [6 [ es,,,,,A
ocr-00022,Math,Problem-Solving and Data Analysis,One-Variable Data,Problem-Solving and Data Analysis — One-Variable Data,One-Variable Data 2.pdf,2.4,07f2829b,,,,cusine [out ana [rose 500207 [Ss [eee [sean | 5527,Distributions 2,1.3
ocr-00023,Math,Problem-Solving and Data Analysis,One-Variable Data,Problem-Solving and Data Analysis — One-Variable Data,One-Variable Data 2.pdf,2.5,7b65bb28,[seman 504 15,an 2°32 [nin 347| 289,,,,C
ocr-00024,Math,Problem-Solving and Data Analysis,One-Variable Data,Problem-Solving and Data Analysis — One-Variable Data,One-Variable Data 2.pdf,2.6,be00d896,,,,,,C
ocr-00025,Math,Problem-Solving and Data Analysis,One-Variable Data,Problem-Solving and Data Analysis — One-Variable Data,One-Variable Data 2.pdf,2.7,5c3c2e3c,,,,,"Distributions 2 27 scxezese “The weights, in pounds, for 15 horses ina stable were reported, and the ‘mean, median, range, and standard deviation for the data were found. The horse withthe lowest reported weight was found to actually weigh 10 pounds less than its reported weight. What valve remains unchanged if the four values are reported using the corrected weight? ‘A. Mean 8. Median ©. Range . Standard deviation",B
ocr-00026,Math,Problem-Solving and Data Analysis,One-Variable Data,Problem-Solving and Data Analysis — One-Variable Data,One-Variable Data 2.pdf,2.8,9110c120,"28 smoaz0 Data set'5,5,5,5,5,5,5,5,5",,,,"Data set 8:5, 5,5,5,5,5,5,5,5, 100 Which ofthe following statements about the means and medians ‘of data set A and data set Bis true? ‘A. Only the means are different 8. Only the medians are diferent ©. Both the means and the medians ae cifferent. D. Neither the means nor the medians ate diferent.",A
ocr-00027,Math,Problem-Solving and Data Analysis,One-Variable Data,Problem-Solving and Data Analysis — One-Variable Data,One-Variable Data 2.pdf,2.9,881ef5f5,"29 emetsts ae H¥aisthe mean and b is the median of nine consecutive integers, what isthe value of |a~| ? 210 sezbt7e2 [Aish hatchery has throe tanks for holding fish before they are introduced into the wid, Ten fish weighing less than § ounces are placed in tank A. Eleven fish weighing atleast 5 ounces but no more than 18 ounces are placed in tank B. Twelve fish weighing more than 13 ounces are placed in {tank C. Which ofthe following could be the median ofthe weights in",,,,,0
ocr-00743,Math,Problem-Solving and Data Analysis,One-Variable Data,Problem-Solving and Data Analysis — One-Variable Data,One-Variable Data 3.pdf,3.1,457d2f2c,,,Ba asrazize ‘A data set of 27 cifferent numbers has a mean of 33 and a median of 33.4 new data set is created by adding 7 to each number in the original data set thats greater than the mecian and subtracting 7 from each number inthe ‘original dataset thats less than the median. Which ofthe folowing measures doos NOT have the samo value in both the original and new data sets? ‘A. Median 8. Mean ©. Sum ofthe numbers D. Standard deviation,,Distributions 3,D
ocr-00752,Math,Problem-Solving and Data Analysis,One-Variable Data,Problem-Solving and Data Analysis — One-Variable Data,One-Variable Data 3.pdf,3.1,94237701,ws oc EaanEe pe rete To,ane,bet,,,1
ocr-00753,Math,Problem-Solving and Data Analysis,One-Variable Data,Problem-Solving and Data Analysis — One-Variable Data,One-Variable Data 3.pdf,3.11,e7d48c8a,,,"bursts is added to this data set to create a new data set of 14 eruptions, which of the following measures will be greater for the new data set than forthe original data set?",,"Distributions 3 sm erdagena, | + 12345 Number of bursts ‘The dot plot represents a data set of the number of bursts for 13 eruptions ofa steam vent. fan addtional eruption with 11",C
ocr-00754,Math,Problem-Solving and Data Analysis,One-Variable Data,Problem-Solving and Data Analysis — One-Variable Data,One-Variable Data 3.pdf,3.12,98958ae8,‘The median number of bursts The mean number of bursts,Aland I,B.tenly,c.tlonly . Nether nor i 312 sepsnace,"Data set A consists ofthe heights of 75 objects and has a mean of 25 meters. Dataset 8 consists ofthe heights ‘of 50 objects and has a mean of 65 meters. Data set C consists of the heights ofthe 125 objects from data sets A ‘and B. Whats the mean, in meters, of data sot C?",41
ocr-00755,Math,Problem-Solving and Data Analysis,One-Variable Data,Problem-Solving and Data Analysis — One-Variable Data,One-Variable Data 3.pdf,3.13,190be2fc,Sas wobezte,,,,"Data set A consists of 10 postive integers less than 60. The list shown gives 9 ofthe integers from dataset A 43, 45, 44, 43,38, 39,40, 46, 40 “The mean of these 9 integers i 42 the mean of dataset As an integer that ie greater than 42, what isthe value of the largest integer from dataset A?",52
ocr-00756,Math,Problem-Solving and Data Analysis,One-Variable Data,Problem-Solving and Data Analysis — One-Variable Data,One-Variable Data 3.pdf,3.14,c178d4da,,a,,,Distributions 3.,A
ocr-00757,Math,Problem-Solving and Data Analysis,One-Variable Data,Problem-Solving and Data Analysis — One-Variable Data,One-Variable Data 3.pdf,3.15,d3b9c8d8,"|A. The mean of data set A is greater than the mean of data set 8 18. The mean of dataset Ais less than the mean of dataset 8 ©. The mean of dataset Ais equal to the mean of data set 8. ©. There is not enough information to compare the means ofthe datasets 35 axe9code Group 1 T+ Group2, 4","a 20°22 24 26 28 30 32 ‘Mass (kilograms) ‘Te in pieciuriaean ie eaea, ba Cig, cA tins grap uted, ened cin tn DA Riots, wal of",,,,C
ocr-00744,Math,Problem-Solving and Data Analysis,One-Variable Data,Problem-Solving and Data Analysis — One-Variable Data,One-Variable Data 3.pdf,3.2,1142af44,,,,,,A
ocr-00745,Math,Problem-Solving and Data Analysis,One-Variable Data,Problem-Solving and Data Analysis — One-Variable Data,One-Variable Data 3.pdf,3.3,651d83bb,median?,Ao,"Ba 2 3 33 estas ""Two different teams consisting of 10 members each ran in arace. Each members completion time ofthe race was recorded. The mean of the completion times for each team was calculated and is shown below. “Team A: 2.81 minutes ‘Team 8: 3.79 minutes Which ofthe following MUST be true? 11. Every member of team A completed the race in less time than any member of team B.",,,A
ocr-00746,Math,Problem-Solving and Data Analysis,One-Variable Data,Problem-Solving and Data Analysis — One-Variable Data,One-Variable Data 3.pdf,3.4,1e8ccffd,,A.20,B28,cae 2.36,"Distributions 3 3B ecct a “The mean score of & players ina basketball game was 145 points. Ifthe highest individual score is removed, the mean score ofthe remaining 7 players becomes 12 points. What was the highest score?",C
ocr-00747,Math,Problem-Solving and Data Analysis,One-Variable Data,Problem-Solving and Data Analysis — One-Variable Data,One-Variable Data 3.pdf,3.5,bf47ad54,,Acco [et | o[ ae re [et |,,,,A
ocr-00748,Math,Problem-Solving and Data Analysis,One-Variable Data,Problem-Solving and Data Analysis — One-Variable Data,One-Variable Data 3.pdf,3.6,4ff597db,,,,,"Distributions 3 6 atsa7eb a “The mean amount of time that the 20 employees of a construction company have worked for the company is 6.7 years. After one ofthe employees leaves the company, the mean amount of time thatthe remaining ‘employees have worked forthe company is reduced to 6.25 years. How many years did the employee who left the company work forthe company? 4.045 8.230 ©.9.00 2.15.25",D
ocr-00749,Math,Problem-Solving and Data Analysis,One-Variable Data,Problem-Solving and Data Analysis — One-Variable Data,One-Variable Data 3.pdf,3.7,391ae4b2,37 sotacat2,A.teniy .tlonly,,Ctandi DL Neither | nor,"Data set F consists of 55 integers between 170 and 200, Data set G consists of all the integers in data sot F a8 \well as the integer 10. Which ofthe flowing must be less for data set F than for data set G? |The mean 1. The median",D
ocr-00750,Math,Problem-Solving and Data Analysis,One-Variable Data,Problem-Solving and Data Analysis — One-Variable Data,One-Variable Data 3.pdf,3.8,9d935bd8,=|,,bacnorsdogee nigh re rue fom ote sats we gna the Sewer ra 0 ses yas 295% hate freee,,,B
ocr-00751,Math,Problem-Solving and Data Analysis,One-Variable Data,Problem-Solving and Data Analysis — One-Variable Data,One-Variable Data 3.pdf,3.9,54d93874,,,,,Distributions 3 quesion# [andrew] 24 [25 | o0 [en [26 [ 27 | [aria | [1 | 27 [29 [ss [28],2.6
ocr-00582,Math,Problem-Solving and Data Analysis,Percentages,Problem-Solving and Data Analysis — Percentages,Percentages 1.pdf,1.1,bd90f87e,Percentages 1 u basota7e: ‘Attable of the US minimum wage for 6 different years is shown below. ‘s “ [ss] 2 [so] s60_| [seo] a0],,,,,B
ocr-00591,Math,Problem-Solving and Data Analysis,Percentages,Problem-Solving and Data Analysis — Percentages,Percentages 1.pdf,1.1,194ae3b1,"wo aese1 ee “There were approximately 113,000 occupational therapy jabs inthe United States in 2012. The Bureau of Labor Statatics has projected that this numer will increase by 29% from 2012 to 2022. Of the folowing, whichis","A. 115,800 8. 116300 142,000 0. 145,800",,Closest to the number of occupational therapy jabs the bureau has Projected forthe United States in 20227,,D
ocr-00592,Math,Problem-Solving and Data Analysis,Percentages,Problem-Solving and Data Analysis — Percentages,Percentages 1.pdf,1.11,a8fabad0,Percentages 1,"am astabado OO ‘Avaiter receives tips from each customer. On average, the tps 15% of the ‘customer's bl At this rate, which ofthe folowing i closest tothe tio the water can expect when a customer has abil thats $78.20? 4.8800 8.81000 6.81200 0.$14.00",,,,C
ocr-00593,Math,Problem-Solving and Data Analysis,Percentages,Problem-Solving and Data Analysis — Percentages,Percentages 1.pdf,1.12,1c2f50a6,,a2 ets0a6,been reduced by 20%. Whats the sale price of a jacket with an original price of $50? ase 8. $30 ©. $36 p. $40,,During 2 sale the orginal prices of al the tem ina clothing store have,D
ocr-00594,Math,Problem-Solving and Data Analysis,Percentages,Problem-Solving and Data Analysis — Percentages,Percentages 1.pdf,1.13,048811bd,tas oseamba Oo ‘what is 10% of 3702,"aor 8.37 ©. 333, 0.360 1g Gesacoda Rita's total bl ata restaurant was $25.00, including tax. fhe lft a tip of 20% of the total bil, what was the amount ofthe tip? A$350",,,,B
ocr-00595,Math,Problem-Solving and Data Analysis,Percentages,Problem-Solving and Data Analysis — Percentages,Percentages 1.pdf,1.14,6e4a60dd,,A. $3.50 8.84.00 ©.$450 0.85.00,,,,D
ocr-00596,Math,Problem-Solving and Data Analysis,Percentages,Problem-Solving and Data Analysis — Percentages,Percentages 1.pdf,1.15,41b71b4e,Percentages 1 Ms serie — What numbers 20% ‘greater than 60?,Aso a7 on,b.132,,,B
ocr-00597,Math,Problem-Solving and Data Analysis,Percentages,Problem-Solving and Data Analysis — Percentages,Percentages 1.pdf,1.16,93724cc6,16 s3726cs@_| 218 21% of whet number?,"Ao ea on 0.100 uw 33680720 inn Nee ane, fs",,,,D
ocr-00598,Math,Problem-Solving and Data Analysis,Percentages,Problem-Solving and Data Analysis — Percentages,Percentages 1.pdf,1.17,3a6ed720,"_ ee Of 900,000 beads, 828,000 are silver. What percentage of the beads are silver?",Aa% 28.30% ©. 72%,,,D.92% te are ‘What is 10% of 470? Ast ear —s,D
ocr-00599,Math,Problem-Solving and Data Analysis,Percentages,Problem-Solving and Data Analysis — Percentages,Percentages 1.pdf,1.18,29c177e6,423 0.460,,,,,B
ocr-00600,Math,Problem-Solving and Data Analysis,Percentages,Problem-Solving and Data Analysis — Percentages,Percentages 1.pdf,1.19,e9fb7774,Percentages 1 ua estorr76 ‘what percentage of 300s 757,A. 25% 8.50% ©. 15% 0.225%,,,,A
ocr-00583,Math,Problem-Solving and Data Analysis,Percentages,Problem-Solving and Data Analysis — Percentages,Percentages 1.pdf,1.2,8705ecba,[eo] 300 | fon) |,,,,,C
ocr-00601,Math,Problem-Solving and Data Analysis,Percentages,Problem-Solving and Data Analysis — Percentages,Percentages 1.pdf,1.2,34e18ce4,"120 s4eiecee ‘There are 350 objects ina box. Of these objects, 4% are balls. How many balls are inthe box?",Ad,"Bld ©.70 0.346,",,,B
ocr-00584,Math,Problem-Solving and Data Analysis,Percentages,Problem-Solving and Data Analysis — Percentages,Percentages 1.pdf,1.3,191d167b,"12 stosecba “The cost of certain shit is $20 before a 5% sles tx i added. What is the total cos, including sales tax, to purchase the shirt? 4.82008 8. $2050",,,"c.s2100 2. $25.00 1s wister® Last year, 200 students enrolled in an interior design program. This year, the numberof students enrolled is 47%",,B
ocr-00585,Math,Problem-Solving and Data Analysis,Percentages,Problem-Solving and Data Analysis — Percentages,Percentages 1.pdf,1.4,bb7c8186,Percentages 1 14 perce OO Wat is 28% of 1002,A238 8.46 om 0.123,,,,A
ocr-00586,Math,Problem-Solving and Data Analysis,Percentages,Problem-Solving and Data Analysis — Percentages,Percentages 1.pdf,1.5,949cd96b,"“ noes “The length of the base of a certain parallelogram is 89% of the height of the parallelogram. Which expression represens the length ofthe base of the parallelogram, where isthe height ofthe parallelogram? 4.80% 2.0.089%",,,c.89h 2.0.89 [cme Percent of,,D
ocr-00587,Math,Problem-Solving and Data Analysis,Percentages,Problem-Solving and Data Analysis — Percentages,Percentages 1.pdf,1.6,28c6bd8c,sous | me nee,a rr “The table above shows a summary of 1.200 responses toa survey question.,"Based onthe table, how any of those surveyed get most of thir medical Inormaton rom eter a doctor ote ntemet? A865 9.067","c.o1 0.906,",,C
ocr-00588,Math,Problem-Solving and Data Analysis,Percentages,Problem-Solving and Data Analysis — Percentages,Percentages 1.pdf,1.7,7ed0d098,mes Lani spent 15% of her 8-hour workday in meetings. How many minutes of her workday deh spendin mestinget,ana as 48 on,,,,D
ocr-00589,Math,Problem-Solving and Data Analysis,Percentages,Problem-Solving and Data Analysis — Percentages,Percentages 1.pdf,1.8,77cf4fa6,Percentages 1,,,cusine [ise stare se [2 Toa],,17
ocr-00590,Math,Problem-Solving and Data Analysis,Percentages,Problem-Solving and Data Analysis — Percentages,Percentages 1.pdf,1.9,2d31caae,[ro _[ so | 7 | 225 [70 [00],,,,,B
ocr-00867,Math,Problem-Solving and Data Analysis,Percentages,Problem-Solving and Data Analysis — Percentages,Percentages 2.pdf,2.1,707db2d3,"Percentages 2 21 rore2as Forte finale of 9 TY show, viewers could se ether social media ora text message to vote for thei favorite of two contestants, The contestant receiving more than 50% of the vote won. An estimated 10% ofthe viewers ‘voted, and 30% of the votes were cast on social media, Contestant 2 ‘earned 70% ofthe votes cast using Social media and 40% of the votes cast using a text message. Gased on this information, which of the following i","Atal viewers had voted, Contestant 2 would have won. 8. Viewers voting by social media were kal tobe younger than viewers voting by text message",,"C. fal viewers who voted had voted by social media instead of by text message, Contestant 2 would have won.",,D
ocr-00876,Math,Problem-Solving and Data Analysis,Percentages,Problem-Solving and Data Analysis — Percentages,Percentages 2.pdf,2.1,7b731fc3,,"am see7svet “Thomas installed a new stove in his restaurant, At the time of instalation, ‘the stove had a value of $200. Thomas estimates that each year the value ‘ofthe stove will depreciate by 20% ofthe previous year's estimated value ‘What isthe estimated value ofthe stove exactly 2 years after Thomas instaied it? A.s490 8.8512 ©. $556 2. $640",,,,161
ocr-00877,Math,Problem-Solving and Data Analysis,Percentages,Problem-Solving and Data Analysis — Percentages,Percentages 2.pdf,2.11,566759ef,"2x2 aatdeag, ‘The number of coins in a collection increased from 9 0.90. What was the percent increase inthe numberof coins in this",,,collection? 4.10% 8.81% 6.90% 0.900%,,B
ocr-00878,Math,Problem-Solving and Data Analysis,Percentages,Problem-Solving and Data Analysis — Percentages,Percentages 2.pdf,2.12,ad1d6adb,,,,,,D
ocr-00879,Math,Problem-Solving and Data Analysis,Percentages,Problem-Solving and Data Analysis — Percentages,Percentages 2.pdf,2.13,e9f4521a,Percentages 2,"auaine 113 is p% of 25. What is the value of p? 2M vows [croup | Number feet A 375,",,,,52
ocr-00880,Math,Problem-Solving and Data Analysis,Percentages,Problem-Solving and Data Analysis — Percentages,Percentages 2.pdf,2.14,7f84b136,,"A 375 [= [=| a [eo [ ia | ‘The number of objects in group C is p% of the number of objects in group A. What is the value of p? 72% of the people who attended the first information session attended the second information session, and 36% of the",,,,184
ocr-00881,Math,Problem-Solving and Data Analysis,Percentages,Problem-Solving and Data Analysis — Percentages,Percentages 2.pdf,2.15,022e9894,,attended all three information sessions?,,,,324
ocr-00868,Math,Problem-Solving and Data Analysis,Percentages,Problem-Solving and Data Analysis — Percentages,Percentages 2.pdf,2.2,63573fea,. Viewers voting by social media were more likely to prefer Contestant 2 than were viewers voting by text message. 22 casrstea,,,,"During the frst month of sales, a company sold 1,300,000 units of @ certain type of smartphone. During the same month, 15% ofthe units sold were returned. If sales and the return rate remain the same foreach ofthe next 5 ‘months, about how many units ofthis smartphone wil be returned to the ‘company during this 6-month period? ‘.195,000 8,975,000 €.1170,000",C
ocr-00869,Math,Problem-Solving and Data Analysis,Percentages,Problem-Solving and Data Analysis — Percentages,Percentages 2.pdf,2.3,8a714fa1,"2.6,630,000 23 saratat ‘Which ofthe following represents the result of increasing the ‘auantty xby 9%, where x>0? 41.09% 8.009% Oxo",,b.x+009,,,A
ocr-00870,Math,Problem-Solving and Data Analysis,Percentages,Problem-Solving and Data Analysis — Percentages,Percentages 2.pdf,2.4,8e2e424e,"Percentages 2 2 wereanse OO “The number kis 36% greater than 50. kis the product of 50 andr, whats the value ofr?",A368 2.36,,"c.136 0.036,",,C
ocr-00871,Math,Problem-Solving and Data Analysis,Percentages,Problem-Solving and Data Analysis — Percentages,Percentages 2.pdf,2.5,709e04de,5 meee ‘The value of 2 is 1.13 times 100. The value of 2 is what percent greater than 1007,"Ans as o.130 0.213 as ccna Ina group 40% te tems ae red Ofte ed tems nthe Group, 30% aso have spe, What percentage of",,,,B
ocr-00872,Math,Problem-Solving and Data Analysis,Percentages,Problem-Solving and Data Analysis — Percentages,Percentages 2.pdf,2.6,8cbf1415,ee eee ‘the items inthe group are rea with stripes? 10%,am,,"c. 70% 0.75% 27 ss04s4s0 Arnumber nis increased 6%. the result ie 318, what isthe value of n? A199 8.299",,B
ocr-00873,Math,Problem-Solving and Data Analysis,Percentages,Problem-Solving and Data Analysis — Percentages,Percentages 2.pdf,2.7,96a45430,,ams,,c.300 0.337,,C
ocr-00874,Math,Problem-Solving and Data Analysis,Percentages,Problem-Solving and Data Analysis — Percentages,Percentages 2.pdf,2.8,b2f6f17d,"Percentages 2 28 eater OO ‘Acustomer's monthly water bil was $75.74, Due to a rate increase, her ‘monthly lis now $79.86. To the nearest tenth of a percent, by what percent cid the amount ofthe customer's water il increase?",Am 8.51%,,c.5.2% 0.54%,,D
ocr-00875,Math,Problem-Solving and Data Analysis,Percentages,Problem-Solving and Data Analysis — Percentages,Percentages 2.pdf,2.9,94c65646,29 ouesse«8 432 is 96% of what number? 290 yer ‘what number is 40% greater than 1152,,,,,450
ocr-00645,Math,Problem-Solving and Data Analysis,Percentages,Problem-Solving and Data Analysis — Percentages,Percentages 3.pdf,3.1,954943a4,Percentages 3 31 51044 Jennifer bought a bx of Crunchy Grain cereal. The nutrition facts onthe 3,A pase B p=5r,box state that a serving size ofthe cerealis 4 cup and provides 210,"calories, 50 of which are calories from fat. In addition, each serving ofthe cereal provides 180 miligrams of potassium, whichis 8% of the daily ‘lowance for adults Ip parent ofan adult's daly allowance of potassium is provided by x servings of Crunchy Grain cereal per day, which ofthe folowing expresses p in terms of x?",,B
ocr-00654,Math,Problem-Solving and Data Analysis,Percentages,Problem-Solving and Data Analysis — Percentages,Percentages 3.pdf,3.1,34f8cd89,,,,,,C
ocr-00655,Math,Problem-Solving and Data Analysis,Percentages,Problem-Solving and Data Analysis — Percentages,Percentages 3.pdf,3.11,25faa756,,,,,,0.88
ocr-00656,Math,Problem-Solving and Data Analysis,Percentages,Problem-Solving and Data Analysis — Percentages,Percentages 3.pdf,3.12,ad911622,Percentages 3,"az saomsz2 “The value ofa collectible comic book increased by 167% from the end of 201 tothe end of 2012 nd then ‘decreased by 16% from the end of 2012 to the end of 2013, What was the net percentage increase inthe value ‘ofthe collectible comic book trom the end of 2011 tothe end of 20132 4124.28% 8. 140.28% ©.151.00% .209.72%",,,,A
ocr-00657,Math,Problem-Solving and Data Analysis,Percentages,Problem-Solving and Data Analysis — Percentages,Percentages 3.pdf,3.13,ba0e23b0,"3x3 bx082280,|_ 140 is p% greater than 10. What s the value of p? 41,400 8.1,300 140 0.130",,,,,B
ocr-00658,Math,Problem-Solving and Data Analysis,Percentages,Problem-Solving and Data Analysis — Percentages,Percentages 3.pdf,3.14,2afd3cec,"314 aatazege | [After 20% of the riginal number of marbles ina group were removed from the group, 360 marbles remained in the group, How many marbles were removed from the group?","An 8.90 ¢.450 011,800 sas easy | ‘The number ais 190% greater than the number B. The number bis 80% less than 24. Whats the value of a? Tr",,,,B
ocr-00659,Math,Problem-Solving and Data Analysis,Percentages,Problem-Solving and Data Analysis — Percentages,Percentages 3.pdf,3.15,1fbd3b67,,AgA2 9.13.02 26.40 0.36.48,,,,B
ocr-00660,Math,Problem-Solving and Data Analysis,Percentages,Problem-Solving and Data Analysis — Percentages,Percentages 3.pdf,3.16,2e92cc21,Percentages 3,,"B16 2520071 The numiber ais 110% greater than the number b. The number bis 90% less than 47. Whats the value of a? 37 oxsapene ‘reseller buys certain books for a purchase price of 5.00 dollars each and then marks them each for sale at a consumer price that is 270% of the purchase price. After 4 months, any remaining books nat yet sold are marked ata discounted price thats 70% off the consumer price. What i the discounted price of each ofthe remaining books, in dollars?",,,9.87
ocr-00661,Math,Problem-Solving and Data Analysis,Percentages,Problem-Solving and Data Analysis — Percentages,Percentages 3.pdf,3.17,623dbebb,,,,,,4.05
ocr-00646,Math,Problem-Solving and Data Analysis,Percentages,Problem-Solving and Data Analysis — Percentages,Percentages 3.pdf,3.2,65c49824,,,,"c. p=(0.05 0. p=(1.05% 32 escasas OO ‘A school districts forming a committee to discuss plans forthe ‘construction ofa new high school. Of those invited to join the committee, 18% are parents of students, 45% are teachers from the current high ‘school, 25% are school and cstict administrators, and the remaining 6 individuals are students. How many more teachers were invited to join the ‘committe than school and district administrators?",,8
ocr-00647,Math,Problem-Solving and Data Analysis,Percentages,Problem-Solving and Data Analysis — Percentages,Percentages 3.pdf,3.3,0ea56bb2,Year pti,,,,,B
ocr-00648,Math,Problem-Solving and Data Analysis,Percentages,Problem-Solving and Data Analysis — Percentages,Percentages 3.pdf,3.4,0231050d,"Percentages 3 M4 czsosod . Ls Poem) tN Fos Lf} SOPPEPESES ISS “The line graph shows the total amount of snow in inches, recorded each year in Washington, DC, from 2008 to 2016. If p% i the percent decrease in the annual snowall from 2008 to 2007, wiat is the value ofp?",,,,,75
ocr-00649,Math,Problem-Solving and Data Analysis,Percentages,Problem-Solving and Data Analysis — Percentages,Percentages 3.pdf,3.5,67c0200a,"“The number ais 70% les than the positive number b. The number cis 80% greater than a, The number ¢is how many times b? 36 somone According to the 2010 Census, the adult population aged 18 years or greater of the United States in 2010 was 234564071. tn 2010, survey was conducted among a randomly chosen sample of adults aged 18 years or ‘reater in the United States about their preference to lve ina warm climate ora cool climate. The table below",,,,displays a surnmary of the survey results.,0.54
ocr-00650,Math,Problem-Solving and Data Analysis,Percentages,Problem-Solving and Data Analysis — Percentages,Percentages 3.pdf,3.6,55818046,[|e cm tr | nemces 246 | 123 a feed 238 | 117 48 403,,,,,A
ocr-00651,Math,Problem-Solving and Data Analysis,Percentages,Problem-Solving and Data Analysis — Percentages,Percentages 3.pdf,3.7,20845d36,Percentages 3 37 zooasa6 “The number ais 70% less than the postive number 6 The number cis 60% greater than a. The number cis how many times 6? 38 sesabase “The number wis 110% greater than the number 2 The number zis 55% less than 50. What isthe value of w2,,,,,0.48
ocr-00652,Math,Problem-Solving and Data Analysis,Percentages,Problem-Solving and Data Analysis — Percentages,Percentages 3.pdf,3.8,8c5dbd3e,"39° sztibe ‘According toa set of standards, a certain type of substance can contain a maximum of 0.001% phosphorus by mass. if sample ofthis substance has a mass of 140 grams, what i the maximum mass, in grams, of phosphorus the sample can contain to meet these standards? 310 satseas9 ‘37% of the items in a box are green. Of those, 37% are also rectangular. Of the green rectangular items, 42% are ‘also metal. Which ofthe follwing is closest to the percentage ofthe items inthe box tat are not rectangular nee",,,,,47.25
ocr-00653,Math,Problem-Solving and Data Analysis,Percentages,Problem-Solving and Data Analysis — Percentages,Percentages 3.pdf,3.9,8213b1b3,‘green metal items? 41.16% 8. 57.50% ©. 94.25% 0. 98.84% sm 2stea7s6 “The number ais 60% greater than the postive number . The number Cis 45% less than a. The number cis how many times b?,,,,,0.0014
ocr-00260,Math,Problem-Solving and Data Analysis,Probability,Problem-Solving and Data Analysis — Probability,Probability 1.pdf,1.1,1353b86e,Probability 1 [ave |_| lees |,,,,,D
ocr-00269,Math,Problem-Solving and Data Analysis,Probability,Problem-Solving and Data Analysis — Probability,Probability 1.pdf,1.1,2a08d878,"19 abexce [store received a shipment of 1.000 MP3 players, 4 of which were",A.0008 8.004,ba wo 22080878 OO “There are n nonfiction books and 12 fiction books on a bookshelf one of,cos,"defective. fan MP3 player is randomly selected from this shipment, what is ‘the probabilty that tis defective?",B
ocr-00270,Math,Problem-Solving and Data Analysis,Probability,Problem-Solving and Data Analysis — Probability,Probability 1.pdf,1.11,1dcea480,Probability 1,"a tdee94a0 ‘bag contains total of 60 marbles. A marbles to be chosen at random ‘rom the bag. the probability that abive marble will be chosen i 0.36, how many marbles inthe bag are blue? An 8.25",,c.38 0.39,,A
ocr-00271,Math,Problem-Solving and Data Analysis,Probability,Problem-Solving and Data Analysis — Probability,Probability 1.pdf,1.12,4e527894,,as os OF,,,,B
ocr-00272,Math,Problem-Solving and Data Analysis,Probability,Problem-Solving and Data Analysis — Probability,Probability 1.pdf,1.13,0a99e5bb,"tas os92esyp | 13,4,23, {A data set of three numbers is shown, fa number from this data set is selected at random, what isthe probability of selecting a negative number?",AO,By oF bl,,,B
ocr-00273,Math,Problem-Solving and Data Analysis,Probability,Problem-Solving and Data Analysis — Probability,Probability 1.pdf,1.14,dae79de4,Probability 1 [it aor ie [a [me,Ag ed,,,,D
ocr-00261,Math,Problem-Solving and Data Analysis,Probability,Problem-Solving and Data Analysis — Probability,Probability 1.pdf,1.2,d89c1513,ee marble will be blue? 30,a a0 2 8.40 18 40 10 2.40 12 amass,,Customer Purchases at a Gas Station,,D
ocr-00262,Math,Problem-Solving and Data Analysis,Probability,Problem-Solving and Data Analysis — Probability,Probability 1.pdf,1.3,46545dd6,Probability 1,,,Completed Summer Internships foo 7 | 00 | 75 | 75 | 7 | fate [ae [se fos | 75 |e | [eat [or [ae [eo [2 |],,B
ocr-00263,Math,Problem-Solving and Data Analysis,Probability,Problem-Solving and Data Analysis — Probability,Probability 1.pdf,1.4,16cea46c,student attended both schools. the students whe completed a summer 10,AD 6 8.140 15 o.45 5. 27%,,,,B
ocr-00264,Math,Problem-Solving and Data Analysis,Probability,Problem-Solving and Data Analysis — Probability,Probability 1.pdf,1.5,b680e76d,"Probability 1 Question# 1D 1s bannerea ~ Aaurvey taken by 1000students at a school asked whether they played school sports, The table below ‘summaries all 000 responses from the students surveyed | ee C3 C4 | oe [recensione [+ [ae] How many of he males surveyed responded that they donot playa school soe?",A109 8.252,bese,c.468,,B
ocr-00265,Math,Problem-Solving and Data Analysis,Probability,Problem-Solving and Data Analysis — Probability,Probability 1.pdf,1.6,60caadfd,,a,,,,D
ocr-00266,Math,Problem-Solving and Data Analysis,Probability,Problem-Solving and Data Analysis — Probability,Probability 1.pdf,1.7,e5b5fbdd,,ad or og we ese a Ag a nz,,,,C
ocr-00267,Math,Problem-Solving and Data Analysis,Probability,Problem-Solving and Data Analysis — Probability,Probability 1.pdf,1.8,ec7b0eb8,Probability 1,,,cine wu ecTboSo8 Talks on | Does not talk ee od Imes [ssw [ 9] lnwy [es [ms [20 | [twat [as [see [0],,B
ocr-00268,Math,Problem-Solving and Data Analysis,Probability,Problem-Solving and Data Analysis — Probability,Probability 1.pdf,1.9,12dbe3de,"ON EY EE ED A EOD DIY MLE Dee OR UR how often they talked on acel phone and about their texting behavior. The {data are summarized in the table above. fone ofthe 788 teens surveyed is selected at random, whats the probabilty thatthe teen talks ona cell pone daily?",a a. 798 415 8. 799 Ee,,Cor aan 2. 799,,A
ocr-00991,Math,Problem-Solving and Data Analysis,Probability,Problem-Solving and Data Analysis — Probability,Probability 2.pdf,2.1,b1b5300b,Probability 2 [romow[ ss fal [aww [so | [aes [9],,,,,A
ocr-01000,Math,Problem-Solving and Data Analysis,Probability,Problem-Solving and Data Analysis — Probability,Probability 2.pdf,2.1,a3384df0,"l=o| > | 10 40, 8.34 40, 2",,,,,A
ocr-01001,Math,Problem-Solving and Data Analysis,Probability,Problem-Solving and Data Analysis — Probability,Probability 2.pdf,2.11,46b2e169,Probability 2,,,cine [Pras es,,0.26
ocr-01002,Math,Problem-Solving and Data Analysis,Probability,Problem-Solving and Data Analysis — Probability,Probability 2.pdf,2.12,f8696cd8,2,Aw a ee a 7 &,,,,B
ocr-01003,Math,Problem-Solving and Data Analysis,Probability,Problem-Solving and Data Analysis — Probability,Probability 2.pdf,2.13,e9ed719f,[tee] fue | low | tl,a fensson | 2 [0 | [ra _| 90 [90 [a0 | 100,,,,0.3
ocr-00992,Math,Problem-Solving and Data Analysis,Probability,Problem-Solving and Data Analysis — Probability,Probability 2.pdf,2.2,e1ad3d41,,al aT ra) a7 a 3 4 oT 22 emcsasn RTT] un calor,,,,D
ocr-00993,Math,Problem-Solving and Data Analysis,Probability,Problem-Solving and Data Analysis — Probability,Probability 2.pdf,2.3,0301c5dc,Probability 2 [JM byte pans Des not have biyce paths — 5,,,,,A
ocr-00994,Math,Problem-Solving and Data Analysis,Probability,Problem-Solving and Data Analysis — Probability,Probability 2.pdf,2.4,0ae37ff3,,"a 325 nae 0.38 el 28 24 oaesits Ina bag, there are 7 red, 4 white, 33 blue, and 33 yellow cubes. If one of these cubes is selected at random, what isthe probabilty of selecting a cube thats neither blue nor yellow?",,,,D
ocr-00995,Math,Problem-Solving and Data Analysis,Probability,Problem-Solving and Data Analysis — Probability,Probability 2.pdf,2.5,2df8f293,,"at oy OF 2s 2atera Each vertex of a 1-sided polygon is labeled with one ofthe 1d letters A through NV, with a lifferent letter at each vertex. fone vertex is selected at random, what i the probabilty thatthe letter D willbe at the selected vertex? (Express your answer as a decimal or fraction, nat asa percent.)",,,,2
ocr-00996,Math,Problem-Solving and Data Analysis,Probability,Problem-Solving and Data Analysis — Probability,Probability 2.pdf,2.6,912cd125,Probability 2,,,cunt [a [npr Numberofweetdaye | 12 | 48 | 60 | umberofweelend dave] @ | 16 | 24 | [wa [| oe [oe] ;,,B
ocr-00997,Math,Problem-Solving and Data Analysis,Probability,Problem-Solving and Data Analysis — Probability,Probability 2.pdf,2.7,30db8f77,,"a A an a4 a 3 el o4 27 sodeetr7 ‘Ata conference, there are a total of 275 attendees. Each attendee is assigned to either group A, group B, or",,,,88
ocr-00998,Math,Problem-Solving and Data Analysis,Probability,Problem-Solving and Data Analysis — Probability,Probability 2.pdf,2.8,38a9ac45,"‘La conference, Here are a tote! of 27S attendees. Each attendes 's essigned ta either geoup.A, group Bi, or ‘gr0up C. I one ofthese attendees is selected at random, the probabilty of selecting an attendee who is assigned {0 group Ais 0.44 and the probabilty of selecting an attendee wo is assigned to group 8 is 0.24. How many","attendees are assigned to group C? 28 ssasacas oO 119,200 customers register for new accounts ata socal media website ‘everyday, wat fraction of the first 60,000 new accounts are registered in the first 5 days? 4 AD a",,cao 1 ca,,B
ocr-00999,Math,Problem-Solving and Data Analysis,Probability,Problem-Solving and Data Analysis — Probability,Probability 2.pdf,2.9,b6569d0e,Probability 2 lone | [o-se| 2 |,,,,,B
ocr-00419,Math,Problem-Solving and Data Analysis,Probability,Problem-Solving and Data Analysis — Probability,Probability 3.pdf,3.1,e29586d5,Probability 3 Question# 1D 31 ezososds Number of Contestants by Score and Day 4 2 out out Total ofS ofS Pleo [ef f+ [>| pa 3|3]4]s]3]|2|2,,,,,3.2
ocr-00420,Math,Problem-Solving and Data Analysis,Probability,Problem-Solving and Data Analysis — Probability,Probability 3.pdf,3.2,d4413871,is ee ee ne ee ee ne ee fowl [ee fel ole lo| ven ee Te cevenmnas ee i ot ey Se ee,ae ee oe so [sense iemmtoa] | © |] 0 |,,,,8
ocr-00421,Math,Problem-Solving and Data Analysis,Probability,Problem-Solving and Data Analysis — Probability,Probability 3.pdf,3.3,6626cac3,Probability 3 oe me [pene [2 ||,,,,,3.4
ocr-00422,Math,Problem-Solving and Data Analysis,Probability,Problem-Solving and Data Analysis — Probability,Probability 3.pdf,3.4,585de39a,"Total | 100% | 100% | ‘An alumni association survey asked each high school graduate to select the one activity he or she preferred for the association's next event. Some of the people responded by phone, and the others responded by email. The table above shows the distribution of preferred activity, in percent, for each response type used. For the survey, the number of email responses was twice the number of phone responses. If a person who preferred a picnic is selected at random, whatis the probability that the person responded by email? 34 sesdes9a Oe (On May 10, 2016, there were 83 milion Internet subscribers in Nigeria. The ‘major Internet providers were MTN, Globacom, Are, Etisalat, and Visafone. By September 30, 2015, the numer of Internet subscribers in fécerla herd Iheseswed to 87 wilder. if en internet subscriber in Nizeria ca",,,,,42
ocr-00423,Math,Problem-Solving and Data Analysis,Probability,Problem-Solving and Data Analysis — Probability,Probability 3.pdf,3.5,6a715bed,ome lowen | ot | om fe |» | lows |e | | mw lowe | a’ | | 1 | ao |,,,,,3
ocr-00424,Math,Problem-Solving and Data Analysis,Probability,Problem-Solving and Data Analysis — Probability,Probability 3.pdf,3.6,5dc386fb,Probability 3,,,cine [| state ots No at ot,,C
ocr-00425,Math,Problem-Solving and Data Analysis,Probability,Problem-Solving and Data Analysis — Probability,Probability 3.pdf,3.7,ecd09c38,,about a bill | © | om |on|,,c.133% D.1a0% 37 ecdones Employees working for a customer service lin at an electric company recorded all the calls last Monday ‘and noted whether the caller asked for repairs and whether the caller asked about a bill The results are summarized in the table below. [Asked for] Did not ask| Total repairs | for repairs ‘Asked,diaacal 8.120%,B
ocr-00426,Math,Problem-Solving and Data Analysis,Probability,Problem-Solving and Data Analysis — Probability,Probability 3.pdf,3.8,89f20d9e,Probability 3 ment [| tty |0tye | 20pm | Tl |,a a lowe [wf sf sw [ws [we fw | | |,,,,B
ocr-00427,Math,Problem-Solving and Data Analysis,Probability,Problem-Solving and Data Analysis — Probability,Probability 3.pdf,3.9,014c47ab,,Ag,Bg oF [sea [tes fe [| w | oan at [ a] ee | ‘Total 66 36 102,,,0.7
ocr-00559,Math,Problem-Solving and Data Analysis,"Ratios, Rates, Proportions, and Units","Problem-Solving and Data Analysis — Ratios, Rates, Proportions, and Units","Ratios, Rates, Proportions, and Units 1.pdf",1.1,3f5398a6,"Ratios, Rates, Proportions, and Units 1 1 sisso006 Fora person m mils trom lash flighting the length of the time interval ‘rom the moment the person $005 the lightning to the moment the person hears the thunder i k seconds, The rato of m to kcan be estimated tobe 1 40, According to ths estimate, the person is how many miles fom a flash",A10 89 ce,,coflightning ifthe time intervals 25 seconds?,Ds,D
ocr-00568,Math,Problem-Solving and Data Analysis,"Ratios, Rates, Proportions, and Units","Problem-Solving and Data Analysis — Ratios, Rates, Proportions, and Units","Ratios, Rates, Proportions, and Units 1.pdf",1.1,ba62b0b0,"Wo ba6abo00 ‘A kangaroo has a mass of 28 kilograms. What isthe kangaroo's mass, in grams? (1 kilogram = 1,000 grams) 828,000, 81,028",am 2adsdeb ae ‘The walcht of an chlect on Varun la anoredmately 40 of te walahten,,c.972,D784,A
ocr-00569,Math,Problem-Solving and Data Analysis,"Ratios, Rates, Proportions, and Units","Problem-Solving and Data Analysis — Ratios, Rates, Proportions, and Units","Ratios, Rates, Proportions, and Units 1.pdf",1.11,24ad9dcb,‘The weight of an object on Venus is approximately 10) of its weight on es Earth. The weight of n object on utr approximately 19 os wetht on arth an object weighs 100 pounds en Earth approximately how many mote pounds dest weigh on ute thant weigh on Yes?,A.90 atm,,co 0.230 te dogvezeg | ace (mies,,C
ocr-00570,Math,Problem-Solving and Data Analysis,"Ratios, Rates, Proportions, and Units","Problem-Solving and Data Analysis — Ratios, Rates, Proportions, and Units","Ratios, Rates, Proportions, and Units 1.pdf",1.12,d0d9ede4,How many feet are equivalent to 34 yards? (1 yard = 3 feet),,,,,102
ocr-00571,Math,Problem-Solving and Data Analysis,"Ratios, Rates, Proportions, and Units","Problem-Solving and Data Analysis — Ratios, Rates, Proportions, and Units","Ratios, Rates, Proportions, and Units 1.pdf",1.13,06a152cd,"Ratios, Rates, Proportions, and Units 1 MMs osatszea “To make a baker's signature chocolate mutfins, a baker needs 25 ounces ‘of chocolate for each muffin. How mary pounds of chocolate are needed to make 48 signature chocolate muffins? (1 pound = 16 ounces)",ATS 8.10,,c.505 0.120,,A
ocr-00572,Math,Problem-Solving and Data Analysis,"Ratios, Rates, Proportions, and Units","Problem-Solving and Data Analysis — Ratios, Rates, Proportions, and Units","Ratios, Rates, Proportions, and Units 1.pdf",1.14,3ac09984,"tag sacos084 Marta has 7500 pesos she will conort to US dolar using a currency ‘exchange service. At this time, the currency exchange rate is 1 peso = 0.078 US dolar. The exchange service will charge Marta a 2% fee on the ‘converted US dollar amount. How many US dollars wil Marta receive from the currency exchange after the 2% fee is applied?","A.$551 25 8. $562 50 ©. 35625, 00 $93,000 0",,,,A
ocr-00573,Math,Problem-Solving and Data Analysis,"Ratios, Rates, Proportions, and Units","Problem-Solving and Data Analysis — Ratios, Rates, Proportions, and Units","Ratios, Rates, Proportions, and Units 1.pdf",1.15,99550621,"00 us sesso6 Makayia ie planning an event ina ,400-square-foot room. f there should",,"be at least 8 square feet per person, what isthe maximum number of people that could attend this event? 4.588 8.675 ©.15,274 43,200",,,B
ocr-00574,Math,Problem-Solving and Data Analysis,"Ratios, Rates, Proportions, and Units","Problem-Solving and Data Analysis — Ratios, Rates, Proportions, and Units","Ratios, Rates, Proportions, and Units 1.pdf",1.16,808f7d6c,"Ratios, Rates, Proportions, and Units 1 Question# 1 116 score it =4u, which ofthe follosing equivalent to2t?",Agu 8.20,,cy al oz,,A
ocr-00575,Math,Problem-Solving and Data Analysis,"Ratios, Rates, Proportions, and Units","Problem-Solving and Data Analysis — Ratios, Rates, Proportions, and Units","Ratios, Rates, Proportions, and Units 1.pdf",1.17,4347a032,” i How many teaspoons are equivalent to 44 tablespoons? (3 teaspoons = 1 tablespoon),Aat ss,,c.is2 0.176,,C
ocr-00576,Math,Problem-Solving and Data Analysis,"Ratios, Rates, Proportions, and Units","Problem-Solving and Data Analysis — Ratios, Rates, Proportions, and Units","Ratios, Rates, Proportions, and Units 1.pdf",1.18,3318d37b,,"ag sex [A product costs 11.00 dollars per pound. Whats the cost in dollars, for 6 pounds ofthe product? aaa 4827496¢©_ [An object travels ata constant speed of 6 centimeters per second, At this speed, what Is the time, in seconds, that it would take fr the object to travel 24 centimeters?",,,,66
ocr-00577,Math,Problem-Solving and Data Analysis,"Ratios, Rates, Proportions, and Units","Problem-Solving and Data Analysis — Ratios, Rates, Proportions, and Units","Ratios, Rates, Proportions, and Units 1.pdf",1.19,4837406c,"120 saesobs8 [A participant ina bicycle race completes the race wit an average speed of 24,816 yards per hour What is this average speed, in miles per hour? (1 mile = 1,760 yards)",,,,,4
ocr-00560,Math,Problem-Solving and Data Analysis,"Ratios, Rates, Proportions, and Units","Problem-Solving and Data Analysis — Ratios, Rates, Proportions, and Units","Ratios, Rates, Proportions, and Units 1.pdf",1.2,000259aa,"1200025908 OO ‘Agroup of monarch butterties migrated from Chicago, Ilincis, to Michoacén, Mexico, fying a total of 2,100 miles. It took a single butterfly in the group 120 days to travel this route one way. On average, how many miles ithe butterfly travel per day? 4.0087 2.0729",,,cms 28,,C
ocr-00578,Math,Problem-Solving and Data Analysis,"Ratios, Rates, Proportions, and Units","Problem-Solving and Data Analysis — Ratios, Rates, Proportions, and Units","Ratios, Rates, Proportions, and Units 1.pdf",1.2,94660ba8,,,,,,14.1
ocr-00579,Math,Problem-Solving and Data Analysis,"Ratios, Rates, Proportions, and Units","Problem-Solving and Data Analysis — Ratios, Rates, Proportions, and Units","Ratios, Rates, Proportions, and Units 1.pdf",1.21,551c52b9,"Ratios, Rates, Proportions, and Units 1 ta seein “ily earns p dolar for every w hours of work. Which expression represents the amount of money, in dollars ily ‘earns for 39w hours of work? 4.39",,Bs,C439,Dp-39,A
ocr-00580,Math,Problem-Solving and Data Analysis,"Ratios, Rates, Proportions, and Units","Problem-Solving and Data Analysis — Ratios, Rates, Proportions, and Units","Ratios, Rates, Proportions, and Units 1.pdf",1.22,7cd1c6db,"122 Testes ‘An object travels ata constant speed of 12 centimeters per second. At this speed, what isthe time, in seconds, ‘that it would take forthe object to travel 108 centimeters?",Ag 8.96 120 o.972 12s essscast “pmeeevee meant on ma vrdiemmes seer cae on Oi eer mene | toe weer meee mit neces thd clan eee,,,,A
ocr-00581,Math,Problem-Solving and Data Analysis,"Ratios, Rates, Proportions, and Units","Problem-Solving and Data Analysis — Ratios, Rates, Proportions, and Units","Ratios, Rates, Proportions, and Units 1.pdf",1.23,86636d8f,‘Acustomer spent $27 to purchase oranges at $3 per pound. How many pounds of oranges ld the customer purchase?,,,,,9
ocr-00561,Math,Problem-Solving and Data Analysis,"Ratios, Rates, Proportions, and Units","Problem-Solving and Data Analysis — Ratios, Rates, Proportions, and Units","Ratios, Rates, Proportions, and Units 1.pdf",1.3,312ba47c,"“ mens Ina box of pens, the ratio of black pens to red pens is 8 to 1. There are 40) black pens in the box. How many red",AS as ea 320,,,,A
ocr-00562,Math,Problem-Solving and Data Analysis,"Ratios, Rates, Proportions, and Units","Problem-Solving and Data Analysis — Ratios, Rates, Proportions, and Units","Ratios, Rates, Proportions, and Units 1.pdf",1.4,15617f62,"worm “The population density of Worthington is 290 people per square mile. Worthington has @ population of 92,800 people. what isthe area, in square miles, of Worthington? 8,102,400 893,000",,,c.320 0.32,,C
ocr-00563,Math,Problem-Solving and Data Analysis,"Ratios, Rates, Proportions, and Units","Problem-Solving and Data Analysis — Ratios, Rates, Proportions, and Units","Ratios, Rates, Proportions, and Units 1.pdf",1.5,be35c117,"Ratios, Rates, Proportions, and Units 1 1S besser ‘Avind turbine completes 900 revolutions in 50 minutes. At this rate, how many evolutions per minute does this turbine complete?","As 8.850 6.950 1,400",,,,A
ocr-00564,Math,Problem-Solving and Data Analysis,"Ratios, Rates, Proportions, and Units","Problem-Solving and Data Analysis — Ratios, Rates, Proportions, and Units","Ratios, Rates, Proportions, and Units 1.pdf",1.6,3f236a64,[+ [2 | Ls | 2 | Ls | 20 | Lo[ «| oo,,,,,D
ocr-00565,Math,Problem-Solving and Data Analysis,"Ratios, Rates, Proportions, and Units","Problem-Solving and Data Analysis — Ratios, Rates, Proportions, and Units","Ratios, Rates, Proportions, and Units 1.pdf",1.7,6310adbc,"0.160, 17 esosave ‘The ratio of fto vie 1 t02, and t= 10. Whatis the value of u?",A2 85,,c.10 3.20,,D
ocr-00566,Math,Problem-Solving and Data Analysis,"Ratios, Rates, Proportions, and Units","Problem-Solving and Data Analysis — Ratios, Rates, Proportions, and Units","Ratios, Rates, Proportions, and Units 1.pdf",1.8,aeeaec96,ee wees How many yards are equivalent to 612 inches? (1 yard = 36 inches) 40.059,,"Bir ©.576 .22,032",,,B
ocr-00567,Math,Problem-Solving and Data Analysis,"Ratios, Rates, Proportions, and Units","Problem-Solving and Data Analysis — Ratios, Rates, Proportions, and Units","Ratios, Rates, Proportions, and Units 1.pdf",1.9,e9841407,"Ratios, Rates, Proportions, and Units 1 19 eseansor Shaquan has 7 red cards and 28 blve cards. What isthe ratio of red ‘ards to blue cards that Shaquan has?",Attod,Batt,c.1%7,D.7t01,A
ocr-00480,Math,Problem-Solving and Data Analysis,"Ratios, Rates, Proportions, and Units","Problem-Solving and Data Analysis — Ratios, Rates, Proportions, and Units","Ratios, Rates, Proportions, and Units 2.pdf",2.1,d28c29e1,"Ratios, Rates, Proportions, and Units 2 21 a2ocz0e1 “The Intemational Space Station orbits Earth at an average speed of 476 miles per second, Whats the space station's average speed in miles per hour? 4.2856 8.5712",,b. 171360,c.8568,,D
ocr-00489,Math,Problem-Solving and Data Analysis,"Ratios, Rates, Proportions, and Units","Problem-Solving and Data Analysis — Ratios, Rates, Proportions, and Units","Ratios, Rates, Proportions, and Units 2.pdf",2.1,ec787383,,aye [Feat rs [ea],,cum of ik grans| 8024,,40260
ocr-00490,Math,Problem-Solving and Data Analysis,"Ratios, Rates, Proportions, and Units","Problem-Solving and Data Analysis — Ratios, Rates, Proportions, and Units","Ratios, Rates, Proportions, and Units 2.pdf",2.11,7e6c745f,"2m ersazess “The population density of Cedar County is 230 people per square mie. The county has a popuiaton of 85,100 people. What isthe area, in square miles, of Cedar County?",,,,,D
ocr-00491,Math,Problem-Solving and Data Analysis,"Ratios, Rates, Proportions, and Units","Problem-Solving and Data Analysis — Ratios, Rates, Proportions, and Units","Ratios, Rates, Proportions, and Units 2.pdf",2.12,873d2838,,,,,,370
ocr-00492,Math,Problem-Solving and Data Analysis,"Ratios, Rates, Proportions, and Units","Problem-Solving and Data Analysis — Ratios, Rates, Proportions, and Units","Ratios, Rates, Proportions, and Units 2.pdf",2.13,73ddfdac,"Ratios, Rates, Proportions, and Units 2","ams Tidatae —_— ‘distance of 112 furtongs is equivalent to how many fet? (1 furlong = 220 yards and 1 yard = 3 feet) 2% eeers06 OO For the values j and k, the ratio of jo Kis 11 to 12. H jis multiplied by 17, whats k mutipie by inorder to maintain the same ratio?",,,,73920
ocr-00493,Math,Problem-Solving and Data Analysis,"Ratios, Rates, Proportions, and Units","Problem-Solving and Data Analysis — Ratios, Rates, Proportions, and Units","Ratios, Rates, Proportions, and Units 2.pdf",2.14,61b87506,"2s eberav07 How many tablespoons are equivalent to 14 teaspoons? (3 teaspoons = 1 tablespoon) 216 cbaoaato ‘Atriathlon isa multisport race consisting of theee different legs. A tlathlon participant completed the eyeling leg with an average speed of 19.700 miles per hour. What was the average speed, in yas per hour, ofthe participant during the cycing leg? (1 mile = 1,760 yards)",,,,,17
ocr-00494,Math,Problem-Solving and Data Analysis,"Ratios, Rates, Proportions, and Units","Problem-Solving and Data Analysis — Ratios, Rates, Proportions, and Units","Ratios, Rates, Proportions, and Units 2.pdf",2.15,eb672707,"2x7 neo4o1d ‘The total area of a coastal city is 921 square miles, of which 113 square miles is water. I the city had a population af 62,000 people in the year 2010, which ofthe folowing is closest tothe population density in people per square mile of land area, ofthe city at that time? 4.6740 8.7690 ©.65,000 0.76000",,,,,2.16
ocr-00495,Math,Problem-Solving and Data Analysis,"Ratios, Rates, Proportions, and Units","Problem-Solving and Data Analysis — Ratios, Rates, Proportions, and Units","Ratios, Rates, Proportions, and Units 2.pdf",2.16,cb4894f9,,,,,,34672
ocr-00496,Math,Problem-Solving and Data Analysis,"Ratios, Rates, Proportions, and Units","Problem-Solving and Data Analysis — Ratios, Rates, Proportions, and Units","Ratios, Rates, Proportions, and Units 2.pdf",2.17,1180401d,,,,,,B
ocr-00497,Math,Problem-Solving and Data Analysis,"Ratios, Rates, Proportions, and Units","Problem-Solving and Data Analysis — Ratios, Rates, Proportions, and Units","Ratios, Rates, Proportions, and Units 2.pdf",2.18,f6cbb04a,"Ratios, Rates, Proportions, and Units 2 218 f6cbboas d=55t The equation above canbe used to caleulte the sistance ¢, in miles, traveled by a car moving ata speed of 55 miles per hour over a period of ¢ hours. For any postive constant, the cstance the ar would have traveled",after 9k hours is how many times the distance the car would have traveled AB 2.6,,c.3k,,A
ocr-00498,Math,Problem-Solving and Data Analysis,"Ratios, Rates, Proportions, and Units","Problem-Solving and Data Analysis — Ratios, Rates, Proportions, and Units","Ratios, Rates, Proportions, and Units 2.pdf",2.19,89c39d77,"— 26k 219 escssa77 ‘A competition consisted of four aitferent events, One participant completed the fist event with an average speed ‘f 20.300 miles per hout. What was this average speed, in yards per hour? (1 mile = 1,760 yards)",,,,,35728
ocr-00481,Math,Problem-Solving and Data Analysis,"Ratios, Rates, Proportions, and Units","Problem-Solving and Data Analysis — Ratios, Rates, Proportions, and Units","Ratios, Rates, Proportions, and Units 2.pdf",2.2,b4912cc5,"22 paarzees “The population density of Iceland, in people per square klometer of land ‘area, increased from 2.5 in 1990 to 3.3in 2074, During this time period, the land area of Iceland was 100,260 square kilometers. By how many people {i leelane's population increase from 1990 to 20142","A. 330,825 8,132,330 125,012 0. 80,200,",,,,D
ocr-00499,Math,Problem-Solving and Data Analysis,"Ratios, Rates, Proportions, and Units","Problem-Solving and Data Analysis — Ratios, Rates, Proportions, and Units","Ratios, Rates, Proportions, and Units 2.pdf",2.2,3310c2ab,"220, mocap How many fluid ounces are equivalent to 76 quarts? (8 fluid ounces ~ 1 cup and 4 cups ~ 1 quart) 22 674a60n¢ << ‘An insect moves ata speed of 3 feet per second. What is this speed. in yards per second? (3 feet = 1 yard)",Am 8a 06 0.20,,,,2432
ocr-00500,Math,Problem-Solving and Data Analysis,"Ratios, Rates, Proportions, and Units","Problem-Solving and Data Analysis — Ratios, Rates, Proportions, and Units","Ratios, Rates, Proportions, and Units 2.pdf",2.21,674a4084,"222 e2sem99 | ‘The ratio 140 to mis equivalent to the rato 4 to 28, What isthe value of m?",,,,,A
ocr-00501,Math,Problem-Solving and Data Analysis,"Ratios, Rates, Proportions, and Units","Problem-Solving and Data Analysis — Ratios, Rates, Proportions, and Units","Ratios, Rates, Proportions, and Units 2.pdf",2.22,825b7490,,,,,,980
ocr-00502,Math,Problem-Solving and Data Analysis,"Ratios, Rates, Proportions, and Units","Problem-Solving and Data Analysis — Ratios, Rates, Proportions, and Units","Ratios, Rates, Proportions, and Units 2.pdf",2.23,51c9d65f,"Ratios, Rates, Proportions, and Units 2","as seouest OO Fora certain rectangular region the rato ofits length tots wicth is 35 to 10. ithe width ofthe rectangular region increases by 7 units, how must the length change to maintain this rato? A Itmust decrease by 24.5 uit 8. Itmust increase by 24.5 units",,C.itmust decrease by 7 units. It must increase by 7 unit,,B
ocr-00503,Math,Problem-Solving and Data Analysis,"Ratios, Rates, Proportions, and Units","Problem-Solving and Data Analysis — Ratios, Rates, Proportions, and Units","Ratios, Rates, Proportions, and Units 2.pdf",2.24,1d945139,"276 meee ‘The total mass, in kilograms, of r identical objects is t. Which expression represents the total mass, in kilograms, of 146r of these objets?",Aue—t a6 +t,,Ce > 146,,D
ocr-00482,Math,Problem-Solving and Data Analysis,"Ratios, Rates, Proportions, and Units","Problem-Solving and Data Analysis — Ratios, Rates, Proportions, and Units","Ratios, Rates, Proportions, and Units 2.pdf",2.3,8e528129,"23 sesze129 Pure beeswax has a density of 0.555 ounce per cubic inch. An online ‘company sels pure beeswax at a price of $8.00 per ounce. What isthe sling price, in dollars per cubic inch, fr pure beeswax purchased from this company? 26 fesse Oo ‘On April 18,1775, Paul Revere set off on his midnight ride from Charlestown to Lexington. he had ridden straight to Lexington without stopping, he ‘would have taveled 11 miles in 26 minutes. n sucha ride, what would the ‘average speed of his horse have been, to the nearest tenth ofa mile per hour?",,,,,4.44
ocr-00483,Math,Problem-Solving and Data Analysis,"Ratios, Rates, Proportions, and Units","Problem-Solving and Data Analysis — Ratios, Rates, Proportions, and Units","Ratios, Rates, Proportions, and Units 2.pdf",2.4,fea831fc,‘per our’,,,,,25.4
ocr-00484,Math,Problem-Solving and Data Analysis,"Ratios, Rates, Proportions, and Units","Problem-Solving and Data Analysis — Ratios, Rates, Proportions, and Units","Ratios, Rates, Proportions, and Units 2.pdf",2.5,181cc4d6,"Ratios, Rates, Proportions, and Units 2 25 reads Rectangle has length 15 and width w. Rectangle 8 has length 20 and the same length-to-width ratio as rectangle A, What isthe width of rectangle & interms of w? na","aM wets 4, oa”",,,Dw-5,A
ocr-00485,Math,Problem-Solving and Data Analysis,"Ratios, Rates, Proportions, and Units","Problem-Solving and Data Analysis — Ratios, Rates, Proportions, and Units","Ratios, Rates, Proportions, and Units 2.pdf",2.6,445dd032,"26 asaaon “Tanya earns $13.50 per hour at her part-time job. When she works z hours, she earns 13.502 dollars. Which of the following expressions gives the ‘amount, in dolar, Tanya will earn i she works 3z hours? 4. 3(13.502) 8.341350 ©.32413502 0.1350(2+3)",,,,,A
ocr-00486,Math,Problem-Solving and Data Analysis,"Ratios, Rates, Proportions, and Units","Problem-Solving and Data Analysis — Ratios, Rates, Proportions, and Units","Ratios, Rates, Proportions, and Units 2.pdf",2.7,939c46d1,"27 9sscasa ae The glass pictured above can hold a maximum volume of 473 cubic ‘centimeters which is approximately 16 fluid ounces. Jenny has a pitcher ‘that contains 1 gallon of water. How many times could Jenny completely fl, the gla with 1 gallon of water? (1 gallon= 128 fluid ounces) 16",ae,,,,B
ocr-00487,Math,Problem-Solving and Data Analysis,"Ratios, Rates, Proportions, and Units","Problem-Solving and Data Analysis — Ratios, Rates, Proportions, and Units","Ratios, Rates, Proportions, and Units 2.pdf",2.8,e21d10a7,"Ratios, Rates, Proportions, and Units 2 28 eos ‘One of aplanet's moons orbits the planet every 252 days. A second moon orbits the planet every 287 days. How many more days does i take the second moon to orbit the planet 29 times than t takes the first moon to orbit the planet 20 times? 29 eornese Which ofthe folowing speeds is equivalent to 90 kllometers per hour? (4 kilometer <4 Op0 meters)",,,,,1015
ocr-00488,Math,Problem-Solving and Data Analysis,"Ratios, Rates, Proportions, and Units","Problem-Solving and Data Analysis — Ratios, Rates, Proportions, and Units","Ratios, Rates, Proportions, and Units 2.pdf",2.9,8917ce38,hour? (Tkilometer=7000meters) 1.25 meters per second 8.32 meters per second 250 meters per second 1.824 meters per second 210 caries OO ‘distance of 61 furlongs is equivalent to how many feet? (1 furlong = 220 yards and 1 yard = 8 feet),,,,,A
ocr-00705,Math,Problem-Solving and Data Analysis,"Ratios, Rates, Proportions, and Units","Problem-Solving and Data Analysis — Ratios, Rates, Proportions, and Units","Ratios, Rates, Proportions, and Units 3.pdf",3.1,c9fb15ad,"Ratios, Rates, Proportions, and Units 3",,,cine [fesmoe | a5 | [ere [35 | [stone a5 [veer [50,,C
ocr-00714,Math,Problem-Solving and Data Analysis,"Ratios, Rates, Proportions, and Units","Problem-Solving and Data Analysis — Ratios, Rates, Proportions, and Units","Ratios, Rates, Proportions, and Units 3.pdf",3.1,61f61789,"Ratios, Rates, Proportions, and Units 3 310 svcr7a9 To study the moisture content ina group of res, samples from the trunk of each tree were taken from 25 trees and cut in the shape ofa cube. The length of the edge of one ofthese cubes is 2.00 centimeters. this cube has a mass of 2.56 ‘rams, what is the density of this cube, in rams per cubic centimeter?",,,,,0.32
ocr-00706,Math,Problem-Solving and Data Analysis,"Ratios, Rates, Proportions, and Units","Problem-Solving and Data Analysis — Ratios, Rates, Proportions, and Units","Ratios, Rates, Proportions, and Units 3.pdf",3.2,3638f413,,"ae"" 1 AO elm Shi agbark | hickory ‘One method of calculating the approximate age, in years, ofa tree of @ particular species isto multiply the diameter of the tree, in inches, by 2",,"Constant called the growth factor for that species. The table above gives ‘the growth factors fr eight species of trees. If white birch tree and a pin ‘ak tree each now have a diameter of 1 foot, which of the folowing will be Closest tothe difference, ininches, oftheir diameters 10 years from now? (1 {oot = 12 inches) Ato 12 13 ota",,30
ocr-00707,Math,Problem-Solving and Data Analysis,"Ratios, Rates, Proportions, and Units","Problem-Solving and Data Analysis — Ratios, Rates, Proportions, and Units","Ratios, Rates, Proportions, and Units 3.pdf",3.3,3f775bbf,"Ratios, Rates, Proportions, and Units 3 33 srr [| __Powereanacty | | = fries [reas [a [| 2 [a |e | [eattoia| o | o | | 2 | [ereon [1 | o | [2 | [inaiane | o [2 [oo | 2 | [eoerde| [1 [0 [a | towa | 2] 0 |o01!]2",,,,,D
ocr-00708,Math,Problem-Solving and Data Analysis,"Ratios, Rates, Proportions, and Units","Problem-Solving and Data Analysis — Ratios, Rates, Proportions, and Units","Ratios, Rates, Proportions, and Units 3.pdf",3.4,8637294f,louenel 1 [0 |e [| [wt Pe] s [5 [|,,,,,0.0625
ocr-00709,Math,Problem-Solving and Data Analysis,"Ratios, Rates, Proportions, and Units","Problem-Solving and Data Analysis — Ratios, Rates, Proportions, and Units","Ratios, Rates, Proportions, and Units 3.pdf",3.5,7d721177,,,"Be scsrut 1142 = 6.7 and 2 = 26,8, whats the value of m? 3s wan “The deny of certain type of wood 383 kilograms per eubic meter. A sample ofthis ype af wood inthe shape a cube and has a massa 35 Klograms To the nearest hundredth of a matt what fhe length of one ede ofthis sample?",,,B
ocr-00710,Math,Problem-Solving and Data Analysis,"Ratios, Rates, Proportions, and Units","Problem-Solving and Data Analysis — Ratios, Rates, Proportions, and Units","Ratios, Rates, Proportions, and Units 3.pdf",3.6,20b69297,"Ratios, Rates, Proportions, and Units 3 36 20060207 ‘Anita created a bath of green paint by mixing 2 ounces of biue paint with 3 ‘ounces of yellow paint. She must mix a second batch using the same rato ‘of blue and yellow paint as the first batch. f she uses 6 ounces of blue paint forthe second batch, how much yellow paint should Anita use?",A. Exactly 8 ounces 8. 3 ounces more than the amount of yellow paint used inthe fist batch ©.15 times the amount of yellow paint used in the frst batch 0.15 times the amount of be paint used inthe second batch,,,,D
ocr-00711,Math,Problem-Solving and Data Analysis,"Ratios, Rates, Proportions, and Units","Problem-Solving and Data Analysis — Ratios, Rates, Proportions, and Units","Ratios, Rates, Proportions, and Units 3.pdf",3.7,5154615f,"37 suet To study fluctuations in composition, samples of pumice were taken from 29 locations and cutin the shape ofa cube. The length of the edge of one ofthese cubes is 3.000 centimeters. This cube has a density of 0.280 grams per cubic centimeter. ‘What isthe mass of this cube, in grams? 3a acasscta OO ‘Acertain park has an area of 11,863,808 square yards. Whats the area in square miles, ofthis park? (Lmile = 1,760 yards) 81.96",,,,,6.21
ocr-00712,Math,Problem-Solving and Data Analysis,"Ratios, Rates, Proportions, and Units","Problem-Solving and Data Analysis — Ratios, Rates, Proportions, and Units","Ratios, Rates, Proportions, and Units 3.pdf",3.8,d6456c7a,"— 8.383 6.344439 0.67408 39 nbosess ‘The density of a certain solid substance is 813 kilograms per cubic meter. A sample ofthis substance isin the shape of 2 ‘cube, where each edge has a length of 0.60 meters. To the nearest whole number, what is the mass, in klograms, ofthis sample?",ANT6 5488,,,,B
ocr-00713,Math,Problem-Solving and Data Analysis,"Ratios, Rates, Proportions, and Units","Problem-Solving and Data Analysis — Ratios, Rates, Proportions, and Units","Ratios, Rates, Proportions, and Units 3.pdf",3.9,11b06e35,"©.1,885 03,764",,,,,A
ocr-00838,Math,Problem-Solving and Data Analysis,Sample Statistics and Margin of Error,Problem-Solving and Data Analysis — Sample Statistics and Margin of Error,Sample Statistics and Margin of Error 1.pdf,1.1,90eed2e5,Sample Statistics and Margin of Error 1 1 soceazes OO,"A city has 50 ety council members. reporter polled a random samole of 20 city council members and found that 6 of thse polled supported a specific bil, Based onthe sample, which of the folowing fs the best ‘estimate ofthe numberof city council members inthe city who support the",bir Ae 89 0.15 0.30,,,C
ocr-00839,Math,Problem-Solving and Data Analysis,Sample Statistics and Margin of Error,Problem-Solving and Data Analysis — Sample Statistics and Margin of Error,Sample Statistics and Margin of Error 1.pdf,1.2,e7d9649f,"12 eracaot ‘Arandom sample of 60 people from a town witha population of 14,878, were asked to name thee favorite flavor of ce eream. If 7 people inthe sample named chocolate as their favorite ice-cream favor, about how many people inthe town would be expected to name chocolate? 4.350 8.2100 ©. 7,500 .10,500",,,,,B
ocr-00840,Math,Problem-Solving and Data Analysis,Sample Statistics and Margin of Error,Problem-Solving and Data Analysis — Sample Statistics and Margin of Error,Sample Statistics and Margin of Error 1.pdf,1.3,f4b3672a,"1s tanse720 Oe ‘A certain forest fs 253 acres, To estimate the numberof tras in the forest, ‘ranger randomly selects 5 diferent 1-acre parcels in the forest and {dotermines the numberof trees in each parcel The numbers of trees inthe sample acres ae 51,88, 45, 62, and 73. Based on the mean ofthe sample, ‘which ofthe folowing ranges contains the best estimate forthe number of ‘resin the entire forest? ‘8.11000 to 12,000 £8, 12,600 t0 13,500 ©. 19,800 10 14500 2. 18,000 to 18,000",,,,,C
ocr-00841,Math,Problem-Solving and Data Analysis,Sample Statistics and Margin of Error,Problem-Solving and Data Analysis — Sample Statistics and Margin of Error,Sample Statistics and Margin of Error 1.pdf,1.4,0108ac2d,"Sample Statistics and Margin of Error 1 14 oroeacaa ‘ta large high schoo}, 300 students were selected at random and were ‘asked ina survey about a menu change inthe school cafeteria. All 300 students completed the survey. twas estimated that 38% of the students ‘were in support of a menu change, with a margin of error of 5.5%. Which of the following isthe best interpretation of the survey rests? [A The percent ofthe students a the school who support a menu change is 38% 8, The percent of the students atthe school who support a menu change is greater than 38% €. Pausiblevaluos ofthe percent ofthe students atthe school who support a menu change are between 32.5%","and 435%, ©. Plsusible values ofthe number of the students atthe schoo! who support a menu change are between 295",,,,C
ocr-00842,Math,Problem-Solving and Data Analysis,Sample Statistics and Margin of Error,Problem-Solving and Data Analysis — Sample Statistics and Margin of Error,Sample Statistics and Margin of Error 1.pdf,1.5,6a305cd0,———————E———————————EEE——EE—EEE———_——_,"and 208. 1s casosedo Oe Ina study, the data fom a random sample of @ population had a mean of 37 with an associated margin af error of 3. Which of the follwing Is the mast appropriate conclusion that can be made about the population mean? A.ttis les than 37","B.Itis greater than 37,","C.ttis between 34 and 40,",D.ttis less than $4 or greater than 40.,C
ocr-00843,Math,Problem-Solving and Data Analysis,Sample Statistics and Margin of Error,Problem-Solving and Data Analysis — Sample Statistics and Margin of Error,Sample Statistics and Margin of Error 1.pdf,1.6,2c76bcce,"‘A.company designs and makes handbags, To estimate the mean weight ofthe handbags made by the company on @ particular day, a sample ofthe handbags made by the company on that day was selected at random. Based on the sample it 's estimated that the mean weight of all handbags made by the company on that day is 27.8 ounces (oz), with an","associated margin of err of 0.02 ox. Based on this estimate and associated margin of error, which ofthe following isthe ‘most plausible conclusion? 'A.The mean weight of all handbags made by the company on that day is between 27.78 oz and 27.82 oz 8B, The actual weights of al handbags made by the company on that day are between 27.78 ov and 27.82 oz",,C. The actual weights of all handbags from the sample are between 27.78 oz and 27.82 o2. . The mean weight ofall handbags made by the company on that day is 27.8 oz,,A
ocr-00715,Math,Problem-Solving and Data Analysis,Sample Statistics and Margin of Error,Problem-Solving and Data Analysis — Sample Statistics and Margin of Error,Sample Statistics and Margin of Error 2.pdf,2.1,53d97af5,Sample Statistics and Margin of Error 2 21 sass,"A study was done on the weights of ciferet types af fish ina pond. A random sample of fish were caught and marke inorder to ensure that none ‘were weighed more than once. The sample contained 150 largemouth bass, ‘of which 30% weighed more than 2 pounds. hich of the folowing",,"conclusions is best supported by the sample data? ‘A The majority of al fsh inthe pond weigh less than 2 pounds. £8, The average weight ofa ish inthe pond is approximately 2 pounds. ©. Approximately 30% of al fish inthe pond weigh more than 2 pounds. ©. Approximately 3% of largemouth bassin the pond weigh more than 2 pounds",,D
ocr-00716,Math,Problem-Solving and Data Analysis,Sample Statistics and Margin of Error,Problem-Solving and Data Analysis — Sample Statistics and Margin of Error,Sample Statistics and Margin of Error 2.pdf,2.2,f8f79e11,"22 fermen ‘A park ranger asked a random sample of vistors how far they hiked during {heir visit. Based on the responses, the estimated mean was found tobe 4.5 miles, with an associated margin of error of 0.5 miles. Which of the following isthe best conclusion from these data?",A. Its ikely that all visitors hiked between 4 and 5 miles. 2. tts ikely that most visitors hiked exactly 45 miles.,,C. ttis not possible that any visitor hiked less than 3 miles.,D.Itis plausible that the mean distance hiked forall visitors is between 4 and miles.,D
ocr-00717,Math,Problem-Solving and Data Analysis,Sample Statistics and Margin of Error,Problem-Solving and Data Analysis — Sample Statistics and Margin of Error,Sample Statistics and Margin of Error 2.pdf,2.3,e03f3477,"23 eostsar7 ‘A sample consiting of 720 adults who own televisions wae selected at random for a study. Based onthe sample, itis estimated that 32% ofall adults who own televisions use their televisions to watch nature shows, with an","associated margin of error of 8.41%. Which ofthe following isthe most plausible conclusion about all adults who ‘own televisions? [A. More than 35.41% of all aduts whe avm televisions use thelr televisions to wateh nature shows. £2, Between 28.50% and 35.41% of a adults who oun televisions use their televisions ta watch nature shows.",,"C. Since the sample included adults who own televisions and not ust those who use their televisions to watch nature shows, no conclusion can be made. . Since the sample dd not include al the people who watch nature shows, no conclusion can be made.",,B
ocr-00718,Math,Problem-Solving and Data Analysis,Sample Statistics and Margin of Error,Problem-Solving and Data Analysis — Sample Statistics and Margin of Error,Sample Statistics and Margin of Error 2.pdf,2.4,fc46af57,"Sample Statistics and Margin of Error 2 2& feasts? ‘Abag containing 10.000 beads of assorted colors is purchased from a craft store, To estimate the percent of red beads inthe bag, a sample of beads is Selocted at random, The percent of od beads inthe bag was estimated","Aro 4700 8.1,300<r< 1,700 ©.200<r<1,500 .r<1,300","be 15%, with an associated margin of eror of 2% ris the actual number ‘of red beads in the bag, hich of the folowing is most plausible?",,,B
ocr-00719,Math,Problem-Solving and Data Analysis,Sample Statistics and Margin of Error,Problem-Solving and Data Analysis — Sample Statistics and Margin of Error,Sample Statistics and Margin of Error 2.pdf,2.5,89f8d08a,"hi 25 sstadose OO [store manager reviewed the receipts from 80 customers who were selected at random fram all the eustomers who made purchases last Thursday. Of those selected, 20 receipts showed thatthe customer had purchased fruit. 11,500 customers made purchases last Thursday, which of the folowing is the most appropriate conclusion? {A Exactly 75 customers must have purchased fruit last Thursday. 8. Exactly 375 customers must have purchased frit last Thursday. ©. The best estimate forthe numberof customers who purchased fruit last Thursday is 76 . The best estimate for the number of customers who purchased fruit last Thursday is 375,",,,,,D
ocr-00720,Math,Problem-Solving and Data Analysis,Sample Statistics and Margin of Error,Problem-Solving and Data Analysis — Sample Statistics and Margin of Error,Sample Statistics and Margin of Error 2.pdf,2.6,9ee22c16,,ales ere oor sane a [ote [se [|,,,,3540
ocr-00721,Math,Problem-Solving and Data Analysis,Sample Statistics and Margin of Error,Problem-Solving and Data Analysis — Sample Statistics and Margin of Error,Sample Statistics and Margin of Error 2.pdf,2.7,f04d40b2,"Sample Statistics and Margin of Error 2 27 fowscou From a population of 50,000 people, 1,000 were chosen a random and surveyed about a proposed piece of legislation. Based onthe survey, itis estimated that 35% of people inthe population support the leisation, with ‘an associated margin of error of 3% Based on these results, which ofthe folowing isa plausible vale forthe total numberof people inthe population who support the proposed legislation? 4.350 2.650 ©.16,750 31,750",,,,,C
ocr-00722,Math,Problem-Solving and Data Analysis,Sample Statistics and Margin of Error,Problem-Solving and Data Analysis — Sample Statistics and Margin of Error,Sample Statistics and Margin of Error 2.pdf,2.8,1e562f24,"28 ess2% ‘To estimate the proportion of a population that has a certain characteristic, a random sample was selected fom the population. Based on the sample, iis estimated that the proportion ofthe population that has the ‘characteristics 0.49, with an associated margin of error of 0.04. Based on this estimate and margin of eror, which ofthe folowing isthe most appropriate conclusion about the proportion of the population that has the",,,"characteristic? {Its plausible thatthe proportion i between 0.45 and 0.58. 8. tis plausible thet the proportion sles than 0.45. ©. The proportions exacty 0.49. itis plausible thatthe proportions greater than 0.53,",,A
ocr-00256,Math,Problem-Solving and Data Analysis,Sample Statistics and Margin of Error,Problem-Solving and Data Analysis — Sample Statistics and Margin of Error,Sample Statistics and Margin of Error 3.pdf,3.1,85939da5,Sample Statistics and Margin of Error 3 u seseda5 Talks on | Does not talk Texting | cell phone | on cell phone.,,behavior daily daily Total eC Imeaun [so | 8 [oe Ion | 166m [ae,,,D
ocr-00257,Math,Problem-Solving and Data Analysis,Sample Statistics and Margin of Error,Problem-Solving and Data Analysis — Sample Statistics and Margin of Error,Sample Statistics and Margin of Error 3.pdf,3.2,c7e73ece,"ee ee ee eee ‘data ace summarized in the table above. Based on the data from the study,",anestimate ofthe percent of US teens who are heavy texters is 30% and ‘the associated margin of error is 3%. Which ofthe folowing isa correct statement based on the given margin of error? [A Approximately 3% of the teens in the study who are classified as heavy texters are not really heavy texters. 8. tis not possible that the percent ofall US teens who are heavy texters is less than 27%.,,"C. The percent of all US teens who are heavy texters is 33%, tis doubtful thatthe percent of all US teens who are heavy texters Is 36%. 32 crertece Views on Nuclear Energy Use es",,94
ocr-00258,Math,Problem-Solving and Data Analysis,Sample Statistics and Margin of Error,Problem-Solving and Data Analysis — Sample Statistics and Margin of Error,Sample Statistics and Margin of Error 3.pdf,3.3,308084c5,Sample Statistics and Margin of Error 3 [af sm | aan,a,,,,D
ocr-00259,Math,Problem-Solving and Data Analysis,Sample Statistics and Margin of Error,Problem-Solving and Data Analysis — Sample Statistics and Margin of Error,Sample Statistics and Margin of Error 3.pdf,3.4,9ba3e283,"8, Sample A had a higher percent af favorable responses. ©. Sample Ahad a larger sample size . Sample A had a smaller sample size, 34 Sbasezes OO In State x, Mr. Cam's eighth-grade class consisting of 26 students was surveyed and 346 percent ofthe students reported that they had at least ‘wo siblings. The average eighth-grade class size inthe state is 26. the students in Mr. Camp's class are representative of students inthe state's ‘eighth-grade classes and there are 1,800 eighth-grade classes inthe state, \which ofthe folowing best estimates the number of eighth-crade students in the state who have fewer than two siblings? 4.16200",,,,,C
ocr-00349,Math,Problem-Solving and Data Analysis,Two-Variable Data,Problem-Solving and Data Analysis — Two-Variable Data,Two-Variable Data 1.pdf,1.1,82aaa0a1,"Models and Scatterplots 1 1 s2aaa0e1 T Of the folowing, whichis the best model for ‘the data inthe scatterplot?",Ayn 2x—11x-20 a,,,,B
ocr-00358,Math,Problem-Solving and Data Analysis,Two-Variable Data,Problem-Solving and Data Analysis — Two-Variable Data,Two-Variable Data 1.pdf,1.1,8156d446,17s,as,,cms o.2s0,,480
ocr-00359,Math,Problem-Solving and Data Analysis,Two-Variable Data,Problem-Solving and Data Analysis — Two-Variable Data,Two-Variable Data 1.pdf,1.11,d112bc9d,"Models and Scatterplots 1 Questions 10 im amb “The saterplt shows the temperature yn “, recorded by a meteorolsit at varius times 2 n days since sine 1 ? 80 70. = 0 E50: E40. ean.",,,,,C
ocr-00360,Math,Problem-Solving and Data Analysis,Two-Variable Data,Problem-Solving and Data Analysis — Two-Variable Data,Two-Variable Data 1.pdf,1.12,5c24c861,& 30 © 10 10 T se * Time (days since June 1),AFroms = 6t02=7 a.Foms=St0r~6,,CFoms=2t02=3 O.Fromz = Iter =2,During whic of he allonng te prods dd he greatest increase n recoded temperature ake pace?,C
ocr-00361,Math,Problem-Solving and Data Analysis,Two-Variable Data,Problem-Solving and Data Analysis — Two-Variable Data,Two-Variable Data 1.pdf,1.13,661dfddd,Models and Scatterplots 1 iis FILIP LEISL,,,,,B
ocr-00362,Math,Problem-Solving and Data Analysis,Two-Variable Data,Problem-Solving and Data Analysis — Two-Variable Data,Two-Variable Data 1.pdf,1.14,cf0ae57a,"locations inthe Lake Tahoe Basin? 1A. As the elevation incraases, the temperature tend increase 8. As the elevation incrases, the temperature tends to decrease",,,CAs the elevation decreases the temperature tends to decease. ©. There no association between the elevation and the temperature. 116 fosesra sunt . SS PeHESGHIH NE é SHS,,C
ocr-00363,Math,Problem-Solving and Data Analysis,Two-Variable Data,Problem-Solving and Data Analysis — Two-Variable Data,Two-Variable Data 1.pdf,1.15,ae32cc3c,Models and Scatterplots 1 vesions 10 y 20.,a a a a 4 a a a,,,,C
ocr-00364,Math,Problem-Solving and Data Analysis,Two-Variable Data,Problem-Solving and Data Analysis — Two-Variable Data,Two-Variable Data 1.pdf,1.16,8d63b6f1,"Models and Scatterplots 1 te eassten ‘The scatterpot shows the relationship between the weight, in pounds of each of 9 female gray woles on Apri 30 and the suumber of offspring each gray wolf produced ? 8 7 £6 gos",,,,,C
ocr-00365,Math,Problem-Solving and Data Analysis,Two-Variable Data,Problem-Solving and Data Analysis — Two-Variable Data,Two-Variable Data 1.pdf,1.17,b58dbf88,Models and Scatterplots 1,"a7 bsedtas ‘An orchard owner recorded the weight in pounds ofall nectarines that grew ona dwarf nectarne tee during each growing ‘season after the tree's transplantation. The scatterplat shows this weight. in pounds, foreach growing season after the tree's transplantation. y _ 90 2 80 2 70 60 2",,,,40
ocr-00366,Math,Problem-Solving and Data Analysis,Two-Variable Data,Problem-Solving and Data Analysis — Two-Variable Data,Two-Variable Data 1.pdf,1.18,2e511919,£ ott ttt ttt tt |,"a SCC cere 2 SCCcoeee eee 2 2c fC OTe, Growing season after transplantation",,,,B
ocr-00350,Math,Problem-Solving and Data Analysis,Two-Variable Data,Problem-Solving and Data Analysis — Two-Variable Data,Two-Variable Data 1.pdf,1.2,83272c51,,,"B. y= 2x?—11x+20 Y= 2x?-5x-3 by 2x?-5x43, Borer",,,A
ocr-00351,Math,Problem-Solving and Data Analysis,Two-Variable Data,Problem-Solving and Data Analysis — Two-Variable Data,Two-Variable Data 1.pdf,1.3,ac5b6558,Models and Scatterplots 1 Question# 1 13 acsbassa SEI LE IIS The scaterplatabave shows the high temperature ona certain day andthe eevation of 8 ferent locations inthe Lake Tahoe Basin. A tne of best ft {forthe data alo shown. What temperature i predicted by the ine of best {for acai inthe Lake Tahoe Basin wth an elevation of 8500 feet?,,,,,B
ocr-00352,Math,Problem-Solving and Data Analysis,Two-Variable Data,Problem-Solving and Data Analysis — Two-Variable Data,Two-Variable Data 1.pdf,1.4,74dee52b,,Aone 8.30%,base Leaded ae is ot Fim aa 7,cane,,A
ocr-00353,Math,Problem-Solving and Data Analysis,Two-Variable Data,Problem-Solving and Data Analysis — Two-Variable Data,Two-Variable Data 1.pdf,1.5,9d88a3e3,Models and Scatterplots1,,,"cusione 10 nen pa emntnt Pevesenuze,.ta [Ear eeene Zena! PHY Theres anon ten forty mines, and ert nd soe re",dtomenthe yuphatee scorns othe wee mich tte lon ‘Thar nat constant sen for he mite,B
ocr-00354,Math,Problem-Solving and Data Analysis,Two-Variable Data,Problem-Solving and Data Analysis — Two-Variable Data,Two-Variable Data 1.pdf,1.6,c9dd92b1,8B. Theresa's speed was increasing for a longer period of time than it was decreasing.,,bel Freee “EEE,C. Theresa's speed decreased at a constant rate during the last five minutes. 1. Theresa's speed reached its maximum during the ast ten minutes. 16 code) so __ Dest pee Fie EEE,,C
ocr-00355,Math,Problem-Solving and Data Analysis,Two-Variable Data,Problem-Solving and Data Analysis — Two-Variable Data,Two-Variable Data 1.pdf,1.7,a6b2fcce,"Models and Scatterplots 1 Question 1 taste a, Stirs ety ye i PPAAFIASS ‘According tthe ine graph above, between which wo consecutive years was thre the greatest change inthe number of 3-0 moves released? 2003-2004",,Btzooetzoca),,,D
ocr-00356,Math,Problem-Solving and Data Analysis,Two-Variable Data,Problem-Solving and Data Analysis — Two-Variable Data,Two-Variable Data 1.pdf,1.8,9296553d,,,Be,,,A
ocr-00357,Math,Problem-Solving and Data Analysis,Two-Variable Data,Problem-Solving and Data Analysis — Two-Variable Data,Two-Variable Data 1.pdf,1.9,d6121490,Models and Scatterplots 1 Question# 1 19 asiawa0 cari’ Pes jo jm. Ts. The oeph above shows the relationship between the speed of particular,,,"carn miles per hour, and its corresponding braking cistance in feet. ‘Arprxmataly how many fet greater wil the car's braking distance be ‘when theca is ravelng a 50 miles per nour than when te cars wavelng 3820 miles per hour?",,B
ocr-00467,Math,Problem-Solving and Data Analysis,Two-Variable Data,Problem-Solving and Data Analysis — Two-Variable Data,Two-Variable Data 2.pdf,2.1,1adb39f0,"Models and Scatterplots 2 21 tadbs910 “The scatterlot shows the relationship between two variables, x and y. A line of best i forthe data is also shown, Which ofthe folowing is closest to the diference between the y-coordinate of the data point wih x= 1 and the y-value predicted by the tine of bes fit at x= 17",,,,,A
ocr-00476,Math,Problem-Solving and Data Analysis,Two-Variable Data,Problem-Solving and Data Analysis — Two-Variable Data,Two-Variable Data 2.pdf,2.1,9eb896c5,tetetieieaies,,,cEEEEE} »EEERE 210 sebasss : ‘hich of the following could be the equation for aline of best fi forthe ‘data shown in the scatterplot above?,,A
ocr-00477,Math,Problem-Solving and Data Analysis,Two-Variable Data,Problem-Solving and Data Analysis — Two-Variable Data,Two-Variable Data 2.pdf,2.11,fdfc90e4,"Models and Scatterplots 2 Question# 1 2m ‘aks0%6 ‘Tages hos te reltontin between ovaries 2nd. Aint bes torte dts sown, TPE eee eee wl tT PPA ry sa ee",aN Se I-AA 4 a EEEHEEHAPNT Ht,,CUPS oH HAN Pry TNS,,C
ocr-00478,Math,Problem-Solving and Data Analysis,Two-Variable Data,Problem-Solving and Data Analysis — Two-Variable Data,Two-Variable Data 2.pdf,2.12,4cc05491,op HS 7426 28 3032 Sh 36 sn: 2 = 3h wih ofthe loving is coe othe y-va reddy ten of ett? soa,ais,,ca 033 a oe Inte given sate ne ost forte data i shown,,C
ocr-00479,Math,Problem-Solving and Data Analysis,Two-Variable Data,Problem-Solving and Data Analysis — Two-Variable Data,Two-Variable Data 2.pdf,2.13,f46139df,"Models and Scatterplots 2 Question# 1 218 seat ""Tagseatult hos te reltonin between ovaries 2nd Aint bes torte dis sown, RTP eee eee wl tT POA ry se ee",aN Se IAA NN 4 a EEEHEEHENT Ht,,CUPP Se ee oe TANT PPP rN,,C
ocr-00468,Math,Problem-Solving and Data Analysis,Two-Variable Data,Problem-Solving and Data Analysis — Two-Variable Data,Two-Variable Data 2.pdf,2.2,2e74e403,,"aa 82 as o.12 22 2%eu0s Inthe given scatterplot, a line of best ft forthe data is shown. y 10 9.",,,,C
ocr-00469,Math,Problem-Solving and Data Analysis,Two-Variable Data,Problem-Solving and Data Analysis — Two-Variable Data,Two-Variable Data 2.pdf,2.3,9a144a01,"Models and Scatterplots 2 23 sn6aaor ‘Which ofthe following is tru about the values of 2"" and 2e-+2forx>02","A.Forall X> 0, itis tue that 2 <x +2. 8.For all x>0, itis te that > 2x +2.",,"C. Thereis a constant e such that it 0<x <¢, then 2°<2x-+2, butify> ¢, then 2° > 2x42. There @ constant c such that if 0.<x-< then 2° > 2x-+2, butt y-> gy then 2° < 2x +2.",,C
ocr-00470,Math,Problem-Solving and Data Analysis,Two-Variable Data,Problem-Solving and Data Analysis — Two-Variable Data,Two-Variable Data 2.pdf,2.4,03a16790,"24 osei6790 ‘The scatterlot shows the relationship between two variables, and y. Aine of best fits also shown. y i Prey yyy yyy yyy ey pS PNP yet ro SEE PPP rrr ry sf Nt Pree PN eto oN",aLL Err NTT,,COCO eo,,B
ocr-00471,Math,Problem-Solving and Data Analysis,Two-Variable Data,Problem-Solving and Data Analysis — Two-Variable Data,Two-Variable Data 2.pdf,2.5,7ac5d686,"N 4COCeceeeeree rst 2 Prey yyy yy rr rs Pere, 0 4768 1002 14 Which ofthe following is closest to the slope of the line of best ft shown?",AR 8.08 08 0.24,,,,B
ocr-00472,Math,Problem-Solving and Data Analysis,Two-Variable Data,Problem-Solving and Data Analysis — Two-Variable Data,Two-Variable Data 2.pdf,2.6,7fd284ac,Models and Scatterplots 2 qusiont SPSS IPP SD ee ee SEE eran rear icae Suomen,aan,,,,B
ocr-00473,Math,Problem-Solving and Data Analysis,Two-Variable Data,Problem-Solving and Data Analysis — Two-Variable Data,Two-Variable Data 2.pdf,2.7,3d985614,2.7% ©.4% o1% or Heeeeeo PEPER er PoeEeeH PEEERES ee EEC pore eseaee,,,,,C
ocr-00474,Math,Problem-Solving and Data Analysis,Two-Variable Data,Problem-Solving and Data Analysis — Two-Variable Data,Two-Variable Data 2.pdf,2.8,3c5b19ef,"Models and Scatterplots 2 Question# 1 28 sso reer “The scattepot above shoves the number of vistors to araload museum in Pennsylvania each year from 1968 to 980, where isthe numberof years since 1968 and is the number of vistors. Ane of best sao shown Which of the follwing could be an equation ofthe tine of best it shown?","A.m= 16,090+4,6808",,,,A
ocr-00475,Math,Problem-Solving and Data Analysis,Two-Variable Data,Problem-Solving and Data Analysis — Two-Variable Data,Two-Variable Data 2.pdf,2.9,ab7740a8,"8. n=4,690+ 16,0001 ©. = 16,090+9,060t 0. =9,060+ 16,0901 29° aurmose OO Inhich ofthe flowing tables is the relationship between the values of",and ther corespondin y-values nonin? sE EEE PY ES RRENESEC,,,,D
ocr-00048,Math,Problem-Solving and Data Analysis,Two-Variable Data,Problem-Solving and Data Analysis — Two-Variable Data,Two-Variable Data 3.pdf,3.1,d6af3572,"Models and Scatterplots 3 Question# 1 31 abatisra — “The scttepot above shows the federa-mandated minimum wage every 10 yoare between 1940 and 2010, Aline of bos fe shown and its equation is 1y=11096— 499 What does the ine of best predict about the increase in the minimum wage over the 70-year period?",,,,,A
ocr-00049,Math,Problem-Solving and Data Analysis,Two-Variable Data,Problem-Solving and Data Analysis — Two-Variable Data,Two-Variable Data 3.pdf,3.2,1e1027a7,,,,,,D
ocr-00050,Math,Problem-Solving and Data Analysis,Two-Variable Data,Problem-Solving and Data Analysis — Two-Variable Data,Two-Variable Data 3.pdf,3.3,7b52985c,"Models and Scatterplots 3 Question# 1D 33° yos0ase “The scatterpot shows the relationship between the length of time yn hous, a certain bie spent in fight and the umber of days after January 1, 2 y",a a a a a a 3 “pepo te 2 pt es a a € p> g Ope oe A as a,,,,4.5
ocr-00051,Math,Problem-Solving and Data Analysis,Two-Variable Data,Problem-Solving and Data Analysis — Two-Variable Data,Two-Variable Data 3.pdf,3.4,d0430601,,a 6 Eos 2 7 ri,,,"Days after January 11 ‘Whats the average rate of change, in hours per day, of the length of time the bird spent in fght on January 18 to ‘the length of time the bird spent in ight on January 152 3 dousosor ane oo FE",285
ocr-00052,Math,Problem-Solving and Data Analysis,Two-Variable Data,Problem-Solving and Data Analysis — Two-Variable Data,Two-Variable Data 3.pdf,3.5,e821a26d,"Models and Scatterplots 3 Question# 1 350 eazuzed ‘The scatterplot below shows the amount of electric energy generate in millions of megawatt hours, by eles sources over a 10-year period Fhe ; po xtc bakrelng acputiorn, nitic bent wastele tim thie ic Hecmentarpice",,,,,D
ocr-00053,Math,Problem-Solving and Data Analysis,Two-Variable Data,Problem-Solving and Data Analysis — Two-Variable Data,Two-Variable Data 3.pdf,3.6,79137c1b,"Of the following equations, which best models the data in the scatterplot?",A y=1074e?+19.764~74573,B. y= —1.674x2—19.76x—745.73 oc. y= 167442 +10.760-+74573,,D. y= —1.674x2 +19.76x+745.73,B
ocr-00054,Math,Problem-Solving and Data Analysis,Two-Variable Data,Problem-Solving and Data Analysis — Two-Variable Data,Two-Variable Data 3.pdf,3.7,af142f8d,Models and Scatterplots 3 [Prin] sane om 31000 | $26 peryear,,,,,A
ocr-00055,Math,Problem-Solving and Data Analysis,Two-Variable Data,Problem-Solving and Data Analysis — Two-Variable Data,Two-Variable Data 3.pdf,3.8,9d95e7ad,©. Account A ears more money per yesr than Account B at first but eventually earns less money per year. '. Account A ears less money per year than Account Bat frst but eventually earns more money per year.,,"Be odsseraa came ‘ete kw ‘The scatterlot above shows the numbers of grams of both total protein and total fat for eight sandwiches on a restaurant menu. The line of best fit forthe data is also shown, According tothe ine of best ft, which of the following is closest tothe predicted increase in total et in grams, for every increase of 1 gram in total protein?",,,C
